[
  {
    "t": 5.912228,
    "k": "s"
  },
  {
    "t": 10.175542,
    "k": "d"
  },
  {
    "t": 13.830671,
    "k": "a"
  },
  {
    "t": 15.588491,
    "k": "s"
  },
  {
    "t": 16.966983,
    "k": "d"
  },
  {
    "t": 19.244012,
    "k": "w"
  },
  {
    "t": 21.013633,
    "k": "a"
  },
  {
    "t": 22.793354,
    "k": "s"
  },
  {
    "t": 23.236022,
    "k": "a"
  },
  {
    "t": 23.769975,
    "k": "w"
  },
  {
    "t": 24.362056,
    "k": "d"
  },
  {
    "t": 24.89651,
    "k": "s"
  },
  {
    "t": 25.538037,
    "k": "d"
  },
  {
    "t": 26.165904,
    "k": "w"
  },
  {
    "t": 26.818783,
    "k": "s"
  },
  {
    "t": 27.402575,
    "k": "a"
  },
  {
    "t": 28.009213,
    "k": "s"
  },
  {
    "t": 28.608927,
    "k": "w"
  },
  {
    "t": 29.203869,
    "k": "s"
  },
  {
    "t": 29.811497,
    "k": "d"
  },
  {
    "t": 30.353324,
    "k": "s"
  },
  {
    "t": 31.035547,
    "k": "a"
  },
  {
    "t": 31.686686,
    "k": "s"
  },
  {
    "t": 32.222105,
    "k": "d"
  },
  {
    "t": 32.76746,
    "k": "s"
  },
  {
    "t": 33.345538,
    "k": "a"
  },
  {
    "t": 33.981598,
    "k": "s"
  },
  {
    "t": 34.532334,
    "k": "d"
  },
  {
    "t": 35.09013,
    "k": "d"
  },
  {
    "t": 35.100498,
    "k": "a"
  },
  {
    "t": 35.112966,
    "k": "s"
  },
  {
    "t": 35.71677,
    "k": "s"
  },
  {
    "t": 36.409066,
    "k": "d"
  },
  {
    "t": 36.979359,
    "k": "w"
  },
  {
    "t": 37.589964,
    "k": "s"
  },
  {
    "t": 38.205542,
    "k": "a"
  },
  {
    "t": 38.81961,
    "k": "s"
  },
  {
    "t": 38.829406,
    "k": "a"
  },
  {
    "t": 38.842104,
    "k": "d"
  },
  {
    "t": 39.4043,
    "k": "d"
  },
  {
    "t": 40.018042,
    "k": "s"
  },
  {
    "t": 40.598273,
    "k": "a"
  },
  {
    "t": 41.182902,
    "k": "w"
  },
  {
    "t": 41.76715,
    "k": "s"
  },
  {
    "t": 42.314987,
    "k": "d"
  },
  {
    "t": 42.958262,
    "k": "w"
  },
  {
    "t": 43.223207,
    "k": "s"
  },
  {
    "t": 43.497518,
    "k": "w"
  },
  {
    "t": 44.131252,
    "k": "s"
  },
  {
    "t": 44.728766,
    "k": "a"
  },
  {
    "t": 45.350182,
    "k": "d"
  },
  {
    "t": 45.992813,
    "k": "w"
  },
  {
    "t": 46.608486,
    "k": "s"
  },
  {
    "t": 47.232652,
    "k": "a"
  },
  {
    "t": 47.725996,
    "k": "d"
  },
  {
    "t": 48.300986,
    "k": "s"
  },
  {
    "t": 48.933684,
    "k": "a"
  },
  {
    "t": 49.483034,
    "k": "d"
  },
  {
    "t": 50.119096,
    "k": "s"
  },
  {
    "t": 50.670318,
    "k": "w"
  },
  {
    "t": 51.179276,
    "k": "s"
  },
  {
    "t": 51.797321,
    "k": "a"
  },
  {
    "t": 52.318766,
    "k": "s"
  },
  {
    "t": 52.901117,
    "k": "w"
  },
  {
    "t": 53.633742,
    "k": "s"
  },
  {
    "t": 54.233519,
    "k": "a"
  },
  {
    "t": 54.840344,
    "k": "d"
  },
  {
    "t": 55.387829,
    "k": "w"
  },
  {
    "t": 56.112878,
    "k": "s"
  },
  {
    "t": 56.637565,
    "k": "a"
  },
  {
    "t": 57.166625,
    "k": "d"
  },
  {
    "t": 57.742667,
    "k": "w"
  },
  {
    "t": 58.359537,
    "k": "s"
  },
  {
    "t": 59.052949,
    "k": "a"
  },
  {
    "t": 59.583477,
    "k": "d"
  },
  {
    "t": 60.185243,
    "k": "a"
  },
  {
    "t": 60.19536,
    "k": "d"
  },
  {
    "t": 60.207832,
    "k": "s"
  },
  {
    "t": 60.753152,
    "k": "w"
  },
  {
    "t": 61.339676,
    "k": "s"
  },
  {
    "t": 61.923147,
    "k": "a"
  },
  {
    "t": 61.933556,
    "k": "d"
  },
  {
    "t": 62.540466,
    "k": "w"
  },
  {
    "t": 63.179263,
    "k": "s"
  },
  {
    "t": 63.763142,
    "k": "a"
  },
  {
    "t": 63.765595,
    "k": "d"
  },
  {
    "t": 63.778399,
    "k": "s"
  },
  {
    "t": 64.344143,
    "k": "w"
  },
  {
    "t": 64.982121,
    "k": "s"
  },
  {
    "t": 65.595194,
    "k": "d"
  },
  {
    "t": 65.606945,
    "k": "a"
  },
  {
    "t": 65.618611,
    "k": "s"
  },
  {
    "t": 66.171485,
    "k": "s"
  },
  {
    "t": 66.789294,
    "k": "w"
  },
  {
    "t": 67.330599,
    "k": "s"
  },
  {
    "t": 67.959524,
    "k": "a"
  },
  {
    "t": 68.600291,
    "k": "d"
  },
  {
    "t": 69.150631,
    "k": "d"
  },
  {
    "t": 69.154594,
    "k": "w"
  },
  {
    "t": 69.791374,
    "k": "s"
  },
  {
    "t": 70.346441,
    "k": "a"
  },
  {
    "t": 70.931925,
    "k": "w"
  },
  {
    "t": 70.94284,
    "k": "a"
  },
  {
    "t": 71.502862,
    "k": "s"
  },
  {
    "t": 72.108966,
    "k": "d"
  },
  {
    "t": 72.74892,
    "k": "a"
  },
  {
    "t": 73.317248,
    "k": "s"
  },
  {
    "t": 74.003056,
    "k": "d"
  },
  {
    "t": 74.531582,
    "k": "a"
  },
  {
    "t": 75.064716,
    "k": "s"
  },
  {
    "t": 75.727287,
    "k": "w"
  },
  {
    "t": 76.269192,
    "k": "s"
  },
  {
    "t": 76.864464,
    "k": "d"
  },
  {
    "t": 77.488507,
    "k": "s"
  },
  {
    "t": 78.080871,
    "k": "w"
  },
  {
    "t": 78.70655,
    "k": "s"
  },
  {
    "t": 79.278798,
    "k": "a"
  },
  {
    "t": 79.907319,
    "k": "s"
  },
  {
    "t": 80.484771,
    "k": "d"
  },
  {
    "t": 81.124188,
    "k": "s"
  },
  {
    "t": 81.692826,
    "k": "d"
  },
  {
    "t": 81.705854,
    "k": "a"
  },
  {
    "t": 81.716103,
    "k": "s"
  },
  {
    "t": 86.872545,
    "k": "s"
  },
  {
    "t": 87.404903,
    "k": "d"
  },
  {
    "t": 87.905386,
    "k": "a"
  },
  {
    "t": 88.923855,
    "k": "w"
  },
  {
    "t": 90.134628,
    "k": "d"
  },
  {
    "t": 90.991779,
    "k": "s"
  },
  {
    "t": 102.882917,
    "k": "s"
  },
  {
    "t": 103.297756,
    "k": "a"
  },
  {
    "t": 103.878225,
    "k": "d"
  },
  {
    "t": 104.489426,
    "k": "s"
  },
  {
    "t": 105.050743,
    "k": "a"
  },
  {
    "t": 105.647594,
    "k": "s"
  },
  {
    "t": 106.207984,
    "k": "w"
  },
  {
    "t": 106.833073,
    "k": "s"
  },
  {
    "t": 107.497653,
    "k": "a"
  },
  {
    "t": 107.517731,
    "k": "d"
  },
  {
    "t": 108.047281,
    "k": "s"
  },
  {
    "t": 108.627774,
    "k": "w"
  },
  {
    "t": 109.199327,
    "k": "s"
  },
  {
    "t": 109.800924,
    "k": "d"
  },
  {
    "t": 110.424563,
    "k": "s"
  },
  {
    "t": 111.079951,
    "k": "d"
  },
  {
    "t": 111.090813,
    "k": "s"
  },
  {
    "t": 111.67688,
    "k": "s"
  },
  {
    "t": 112.263653,
    "k": "a"
  },
  {
    "t": 112.911729,
    "k": "s"
  },
  {
    "t": 112.94482,
    "k": "a"
  },
  {
    "t": 113.457737,
    "k": "s"
  },
  {
    "t": 114.100694,
    "k": "d"
  },
  {
    "t": 114.683411,
    "k": "w"
  },
  {
    "t": 115.152411,
    "k": "s"
  },
  {
    "t": 115.760623,
    "k": "a"
  },
  {
    "t": 116.357902,
    "k": "s"
  },
  {
    "t": 116.930367,
    "k": "d"
  },
  {
    "t": 117.614267,
    "k": "s"
  },
  {
    "t": 118.21901,
    "k": "s"
  },
  {
    "t": 118.231455,
    "k": "a"
  },
  {
    "t": 118.80011,
    "k": "s"
  },
  {
    "t": 119.302896,
    "k": "d"
  },
  {
    "t": 119.987388,
    "k": "s"
  },
  {
    "t": 120.59801,
    "k": "a"
  },
  {
    "t": 121.246702,
    "k": "s"
  },
  {
    "t": 121.785723,
    "k": "w"
  },
  {
    "t": 121.796375,
    "k": "d"
  },
  {
    "t": 122.347593,
    "k": "s"
  },
  {
    "t": 122.983014,
    "k": "a"
  },
  {
    "t": 123.627652,
    "k": "s"
  },
  {
    "t": 124.174261,
    "k": "a"
  },
  {
    "t": 124.184621,
    "k": "w"
  },
  {
    "t": 124.753794,
    "k": "s"
  },
  {
    "t": 125.416401,
    "k": "d"
  },
  {
    "t": 125.995422,
    "k": "s"
  },
  {
    "t": 126.649895,
    "k": "a"
  },
  {
    "t": 127.191458,
    "k": "w"
  },
  {
    "t": 127.699361,
    "k": "s"
  },
  {
    "t": 128.354693,
    "k": "a"
  },
  {
    "t": 129.070088,
    "k": "s"
  },
  {
    "t": 129.584795,
    "k": "d"
  },
  {
    "t": 130.193419,
    "k": "w"
  },
  {
    "t": 130.777642,
    "k": "s"
  },
  {
    "t": 131.348779,
    "k": "a"
  },
  {
    "t": 131.932236,
    "k": "s"
  },
  {
    "t": 132.624757,
    "k": "d"
  },
  {
    "t": 132.634903,
    "k": "a"
  },
  {
    "t": 132.647774,
    "k": "s"
  },
  {
    "t": 133.164886,
    "k": "w"
  },
  {
    "t": 133.803588,
    "k": "s"
  },
  {
    "t": 134.413641,
    "k": "d"
  },
  {
    "t": 135.021853,
    "k": "w"
  },
  {
    "t": 135.655415,
    "k": "s"
  },
  {
    "t": 136.211606,
    "k": "w"
  },
  {
    "t": 136.222445,
    "k": "d"
  },
  {
    "t": 136.773136,
    "k": "s"
  },
  {
    "t": 137.426971,
    "k": "a"
  },
  {
    "t": 138.033806,
    "k": "s"
  },
  {
    "t": 138.60355,
    "k": "d"
  },
  {
    "t": 139.201879,
    "k": "w"
  },
  {
    "t": 139.812167,
    "k": "s"
  },
  {
    "t": 140.392397,
    "k": "a"
  },
  {
    "t": 141.039912,
    "k": "s"
  },
  {
    "t": 141.627185,
    "k": "d"
  },
  {
    "t": 142.157182,
    "k": "s"
  },
  {
    "t": 142.922167,
    "k": "w"
  },
  {
    "t": 142.931831,
    "k": "a"
  },
  {
    "t": 143.507917,
    "k": "d"
  },
  {
    "t": 143.518344,
    "k": "w"
  },
  {
    "t": 144.024701,
    "k": "s"
  },
  {
    "t": 144.033859,
    "k": "a"
  },
  {
    "t": 144.046727,
    "k": "d"
  },
  {
    "t": 144.597051,
    "k": "w"
  },
  {
    "t": 144.608461,
    "k": "d"
  },
  {
    "t": 145.187598,
    "k": "s"
  },
  {
    "t": 145.198149,
    "k": "d"
  },
  {
    "t": 145.295904,
    "k": "a"
  },
  {
    "t": 145.731799,
    "k": "w"
  },
  {
    "t": 145.919184,
    "k": "a"
  },
  {
    "t": 146.393517,
    "k": "s"
  },
  {
    "t": 146.488318,
    "k": "d"
  },
  {
    "t": 146.94202,
    "k": "a"
  },
  {
    "t": 147.615858,
    "k": "s"
  },
  {
    "t": 148.122041,
    "k": "d"
  },
  {
    "t": 148.767309,
    "k": "s"
  },
  {
    "t": 149.453452,
    "k": "a"
  },
  {
    "t": 149.972223,
    "k": "s"
  },
  {
    "t": 150.545383,
    "k": "d"
  },
  {
    "t": 150.549979,
    "k": "s"
  },
  {
    "t": 151.105488,
    "k": "s"
  },
  {
    "t": 151.731476,
    "k": "a"
  },
  {
    "t": 152.32713,
    "k": "s"
  },
  {
    "t": 152.931126,
    "k": "d"
  },
  {
    "t": 153.547317,
    "k": "s"
  },
  {
    "t": 154.211009,
    "k": "d"
  },
  {
    "t": 154.2132,
    "k": "w"
  },
  {
    "t": 154.761551,
    "k": "s"
  },
  {
    "t": 155.406069,
    "k": "a"
  },
  {
    "t": 156.072613,
    "k": "s"
  },
  {
    "t": 156.60032,
    "k": "d"
  },
  {
    "t": 157.277868,
    "k": "a"
  },
  {
    "t": 157.290282,
    "k": "w"
  },
  {
    "t": 157.891889,
    "k": "s"
  },
  {
    "t": 157.903222,
    "k": "d"
  },
  {
    "t": 157.905184,
    "k": "a"
  },
  {
    "t": 158.538401,
    "k": "s"
  },
  {
    "t": 159.161121,
    "k": "d"
  },
  {
    "t": 159.785412,
    "k": "s"
  },
  {
    "t": 160.556731,
    "k": "a"
  },
  {
    "t": 167.030793,
    "k": "s"
  },
  {
    "t": 167.961838,
    "k": "d"
  },
  {
    "t": 168.639618,
    "k": "a"
  },
  {
    "t": 169.962617,
    "k": "s"
  },
  {
    "t": 170.867087,
    "k": "d"
  },
  {
    "t": 171.802729,
    "k": "a"
  },
  {
    "t": 172.64538,
    "k": "s"
  },
  {
    "t": 173.928731,
    "k": "d"
  },
  {
    "t": 174.898537,
    "k": "s"
  },
  {
    "t": 175.855766,
    "k": "a"
  },
  {
    "t": 176.553884,
    "k": "d"
  },
  {
    "t": 177.885051,
    "k": "w"
  },
  {
    "t": 180.105512,
    "k": "s"
  },
  {
    "t": 180.865575,
    "k": "a"
  },
  {
    "t": 181.410408,
    "k": "s"
  },
  {
    "t": 182.160202,
    "k": "a"
  },
  {
    "t": 182.870026,
    "k": "s"
  },
  {
    "t": 183.270929,
    "k": "a"
  },
  {
    "t": 184.00748,
    "k": "a"
  },
  {
    "t": 184.673148,
    "k": "s"
  },
  {
    "t": 185.115037,
    "k": "a"
  },
  {
    "t": 186.224641,
    "k": "a"
  },
  {
    "t": 186.752538,
    "k": "a"
  },
  {
    "t": 187.248545,
    "k": "s"
  },
  {
    "t": 187.728777,
    "k": "a"
  },
  {
    "t": 189.027487,
    "k": "a"
  },
  {
    "t": 189.406065,
    "k": "a"
  },
  {
    "t": 190.00417,
    "k": "s"
  },
  {
    "t": 190.3744,
    "k": "a"
  },
  {
    "t": 190.715302,
    "k": "a"
  },
  {
    "t": 190.89155,
    "k": "d"
  },
  {
    "t": 191.255784,
    "k": "d"
  },
  {
    "t": 191.592171,
    "k": "d"
  },
  {
    "t": 191.8949,
    "k": "a"
  },
  {
    "t": 192.12799,
    "k": "a"
  },
  {
    "t": 192.479907,
    "k": "s"
  },
  {
    "t": 192.562927,
    "k": "d"
  },
  {
    "t": 192.780982,
    "k": "a"
  },
  {
    "t": 193.21242,
    "k": "d"
  },
  {
    "t": 193.578718,
    "k": "d"
  },
  {
    "t": 193.765113,
    "k": "d"
  },
  {
    "t": 194.097906,
    "k": "d"
  },
  {
    "t": 194.539067,
    "k": "d"
  },
  {
    "t": 194.624185,
    "k": "a"
  },
  {
    "t": 195.163746,
    "k": "d"
  },
  {
    "t": 195.543164,
    "k": "a"
  },
  {
    "t": 195.913144,
    "k": "a"
  },
  {
    "t": 196.303377,
    "k": "d"
  },
  {
    "t": 196.524451,
    "k": "d"
  },
  {
    "t": 196.76929,
    "k": "a"
  },
  {
    "t": 196.987124,
    "k": "d"
  },
  {
    "t": 197.252302,
    "k": "s"
  },
  {
    "t": 197.47173,
    "k": "d"
  },
  {
    "t": 197.84867,
    "k": "d"
  },
  {
    "t": 197.976119,
    "k": "a"
  },
  {
    "t": 198.358248,
    "k": "a"
  },
  {
    "t": 198.518066,
    "k": "a"
  },
  {
    "t": 198.728012,
    "k": "d"
  },
  {
    "t": 198.994562,
    "k": "s"
  },
  {
    "t": 199.301079,
    "k": "a"
  },
  {
    "t": 199.511474,
    "k": "d"
  },
  {
    "t": 199.790189,
    "k": "s"
  },
  {
    "t": 200.149079,
    "k": "a"
  },
  {
    "t": 200.446454,
    "k": "d"
  },
  {
    "t": 200.887275,
    "k": "d"
  },
  {
    "t": 201.003624,
    "k": "d"
  },
  {
    "t": 201.38137,
    "k": "s"
  },
  {
    "t": 201.681332,
    "k": "d"
  },
  {
    "t": 201.970533,
    "k": "s"
  },
  {
    "t": 202.277492,
    "k": "d"
  },
  {
    "t": 202.540036,
    "k": "s"
  },
  {
    "t": 202.90754,
    "k": "a"
  },
  {
    "t": 203.320519,
    "k": "a"
  },
  {
    "t": 203.457537,
    "k": "a"
  },
  {
    "t": 203.738364,
    "k": "d"
  },
  {
    "t": 204.025762,
    "k": "s"
  },
  {
    "t": 204.372485,
    "k": "d"
  },
  {
    "t": 204.713323,
    "k": "s"
  },
  {
    "t": 205.013971,
    "k": "d"
  },
  {
    "t": 205.292345,
    "k": "a"
  },
  {
    "t": 205.795809,
    "k": "a"
  },
  {
    "t": 205.912213,
    "k": "a"
  },
  {
    "t": 206.25672,
    "k": "d"
  },
  {
    "t": 206.532551,
    "k": "s"
  },
  {
    "t": 206.853223,
    "k": "d"
  },
  {
    "t": 207.15593,
    "k": "s"
  },
  {
    "t": 207.432854,
    "k": "d"
  },
  {
    "t": 207.744759,
    "k": "a"
  },
  {
    "t": 208.113499,
    "k": "a"
  },
  {
    "t": 208.240517,
    "k": "a"
  },
  {
    "t": 208.564578,
    "k": "d"
  },
  {
    "t": 208.875423,
    "k": "s"
  },
  {
    "t": 209.220325,
    "k": "d"
  },
  {
    "t": 209.553622,
    "k": "s"
  },
  {
    "t": 209.888486,
    "k": "d"
  },
  {
    "t": 210.190392,
    "k": "a"
  },
  {
    "t": 210.58976,
    "k": "a"
  },
  {
    "t": 210.715971,
    "k": "a"
  },
  {
    "t": 211.0961,
    "k": "d"
  },
  {
    "t": 211.361106,
    "k": "s"
  },
  {
    "t": 211.681392,
    "k": "d"
  },
  {
    "t": 211.947087,
    "k": "s"
  },
  {
    "t": 212.203706,
    "k": "d"
  },
  {
    "t": 212.536767,
    "k": "a"
  },
  {
    "t": 213.032771,
    "k": "d"
  },
  {
    "t": 213.163393,
    "k": "s"
  },
  {
    "t": 213.487234,
    "k": "d"
  },
  {
    "t": 213.778853,
    "k": "s"
  },
  {
    "t": 214.045175,
    "k": "d"
  },
  {
    "t": 214.336133,
    "k": "s"
  },
  {
    "t": 214.612662,
    "k": "d"
  },
  {
    "t": 214.998128,
    "k": "a"
  },
  {
    "t": 215.509142,
    "k": "d"
  },
  {
    "t": 215.933666,
    "k": "s"
  },
  {
    "t": 216.289973,
    "k": "d"
  },
  {
    "t": 216.624851,
    "k": "s"
  },
  {
    "t": 216.82097,
    "k": "d"
  },
  {
    "t": 217.110956,
    "k": "s"
  },
  {
    "t": 217.480356,
    "k": "w"
  },
  {
    "t": 218.522908,
    "k": "s"
  },
  {
    "t": 220.074036,
    "k": "d"
  },
  {
    "t": 220.600755,
    "k": "d"
  },
  {
    "t": 220.623229,
    "k": "d"
  },
  {
    "t": 221.182779,
    "k": "d"
  },
  {
    "t": 221.678494,
    "k": "d"
  },
  {
    "t": 223.994988,
    "k": "a"
  },
  {
    "t": 225.479422,
    "k": "s"
  },
  {
    "t": 225.961006,
    "k": "d"
  },
  {
    "t": 229.437624,
    "k": "s"
  },
  {
    "t": 232.368765,
    "k": "d"
  },
  {
    "t": 232.781599,
    "k": "s"
  },
  {
    "t": 233.137254,
    "k": "d"
  },
  {
    "t": 233.495981,
    "k": "d"
  },
  {
    "t": 233.876203,
    "k": "d"
  },
  {
    "t": 234.035355,
    "k": "s"
  },
  {
    "t": 234.492311,
    "k": "d"
  },
  {
    "t": 234.735316,
    "k": "d"
  },
  {
    "t": 235.246776,
    "k": "s"
  },
  {
    "t": 235.533819,
    "k": "d"
  },
  {
    "t": 235.872373,
    "k": "s"
  },
  {
    "t": 236.129043,
    "k": "d"
  },
  {
    "t": 236.382242,
    "k": "s"
  },
  {
    "t": 236.696739,
    "k": "d"
  },
  {
    "t": 237.19416,
    "k": "s"
  },
  {
    "t": 237.33134,
    "k": "d"
  },
  {
    "t": 237.54971,
    "k": "s"
  },
  {
    "t": 237.828512,
    "k": "d"
  },
  {
    "t": 238.060649,
    "k": "w"
  },
  {
    "t": 238.31986,
    "k": "s"
  },
  {
    "t": 238.528251,
    "k": "a"
  },
  {
    "t": 238.768732,
    "k": "d"
  },
  {
    "t": 238.98412,
    "k": "w"
  },
  {
    "t": 239.226871,
    "k": "s"
  },
  {
    "t": 239.403033,
    "k": "a"
  },
  {
    "t": 239.645009,
    "k": "d"
  },
  {
    "t": 239.828905,
    "k": "a"
  },
  {
    "t": 240.083541,
    "k": "s"
  },
  {
    "t": 240.280348,
    "k": "a"
  },
  {
    "t": 240.463215,
    "k": "d"
  },
  {
    "t": 240.671395,
    "k": "a"
  },
  {
    "t": 240.877605,
    "k": "s"
  },
  {
    "t": 241.120035,
    "k": "a"
  },
  {
    "t": 241.317081,
    "k": "d"
  },
  {
    "t": 241.573674,
    "k": "a"
  },
  {
    "t": 241.807386,
    "k": "s"
  },
  {
    "t": 242.048643,
    "k": "a"
  },
  {
    "t": 242.254305,
    "k": "d"
  },
  {
    "t": 242.466068,
    "k": "a"
  },
  {
    "t": 242.745009,
    "k": "s"
  },
  {
    "t": 242.915711,
    "k": "a"
  },
  {
    "t": 243.152866,
    "k": "d"
  },
  {
    "t": 243.348907,
    "k": "a"
  },
  {
    "t": 243.604926,
    "k": "s"
  },
  {
    "t": 243.815046,
    "k": "a"
  },
  {
    "t": 244.058287,
    "k": "d"
  },
  {
    "t": 244.288808,
    "k": "a"
  },
  {
    "t": 244.556845,
    "k": "s"
  },
  {
    "t": 244.787513,
    "k": "a"
  },
  {
    "t": 245.044905,
    "k": "d"
  },
  {
    "t": 245.252057,
    "k": "a"
  },
  {
    "t": 245.531087,
    "k": "s"
  },
  {
    "t": 245.733252,
    "k": "a"
  },
  {
    "t": 246.038843,
    "k": "d"
  },
  {
    "t": 246.219954,
    "k": "a"
  },
  {
    "t": 246.495004,
    "k": "s"
  },
  {
    "t": 246.771924,
    "k": "w"
  },
  {
    "t": 246.987185,
    "k": "d"
  },
  {
    "t": 247.219279,
    "k": "a"
  },
  {
    "t": 247.446854,
    "k": "s"
  },
  {
    "t": 247.645466,
    "k": "w"
  },
  {
    "t": 247.953669,
    "k": "w"
  },
  {
    "t": 248.108815,
    "k": "d"
  },
  {
    "t": 248.30649,
    "k": "w"
  },
  {
    "t": 248.483805,
    "k": "s"
  },
  {
    "t": 248.662194,
    "k": "a"
  },
  {
    "t": 248.824758,
    "k": "d"
  },
  {
    "t": 249.065008,
    "k": "w"
  },
  {
    "t": 249.433397,
    "k": "s"
  },
  {
    "t": 249.779118,
    "k": "w"
  },
  {
    "t": 249.927062,
    "k": "d"
  },
  {
    "t": 250.190283,
    "k": "w"
  },
  {
    "t": 250.423173,
    "k": "s"
  },
  {
    "t": 250.605546,
    "k": "a"
  },
  {
    "t": 250.81468,
    "k": "d"
  },
  {
    "t": 250.976134,
    "k": "w"
  },
  {
    "t": 251.193836,
    "k": "s"
  },
  {
    "t": 251.321801,
    "k": "a"
  },
  {
    "t": 251.524008,
    "k": "d"
  },
  {
    "t": 251.764557,
    "k": "w"
  },
  {
    "t": 251.986601,
    "k": "s"
  },
  {
    "t": 252.21523,
    "k": "a"
  },
  {
    "t": 252.412365,
    "k": "d"
  },
  {
    "t": 252.656093,
    "k": "w"
  },
  {
    "t": 252.852088,
    "k": "s"
  },
  {
    "t": 253.04742,
    "k": "a"
  },
  {
    "t": 253.253726,
    "k": "d"
  },
  {
    "t": 253.450249,
    "k": "w"
  },
  {
    "t": 253.565809,
    "k": "s"
  },
  {
    "t": 253.716629,
    "k": "a"
  },
  {
    "t": 253.808672,
    "k": "d"
  },
  {
    "t": 253.984378,
    "k": "w"
  },
  {
    "t": 254.147132,
    "k": "s"
  },
  {
    "t": 254.309291,
    "k": "a"
  },
  {
    "t": 254.432744,
    "k": "d"
  },
  {
    "t": 254.583034,
    "k": "w"
  },
  {
    "t": 254.74962,
    "k": "s"
  },
  {
    "t": 255.024886,
    "k": "a"
  },
  {
    "t": 255.313153,
    "k": "d"
  },
  {
    "t": 255.715965,
    "k": "w"
  },
  {
    "t": 255.888465,
    "k": "s"
  },
  {
    "t": 256.027003,
    "k": "a"
  },
  {
    "t": 256.166087,
    "k": "d"
  },
  {
    "t": 256.362037,
    "k": "w"
  },
  {
    "t": 256.555217,
    "k": "s"
  },
  {
    "t": 256.716192,
    "k": "a"
  },
  {
    "t": 256.863915,
    "k": "d"
  },
  {
    "t": 257.048137,
    "k": "w"
  },
  {
    "t": 257.211371,
    "k": "s"
  },
  {
    "t": 257.370189,
    "k": "a"
  },
  {
    "t": 257.474403,
    "k": "d"
  },
  {
    "t": 257.680517,
    "k": "w"
  },
  {
    "t": 257.851162,
    "k": "s"
  },
  {
    "t": 258.046897,
    "k": "a"
  },
  {
    "t": 258.193448,
    "k": "d"
  },
  {
    "t": 258.403822,
    "k": "w"
  },
  {
    "t": 258.575517,
    "k": "s"
  },
  {
    "t": 258.714695,
    "k": "a"
  },
  {
    "t": 258.85357,
    "k": "d"
  },
  {
    "t": 258.945566,
    "k": "w"
  },
  {
    "t": 259.105775,
    "k": "s"
  },
  {
    "t": 259.209234,
    "k": "a"
  },
  {
    "t": 259.311296,
    "k": "d"
  },
  {
    "t": 259.508676,
    "k": "w"
  },
  {
    "t": 259.649201,
    "k": "s"
  },
  {
    "t": 259.903488,
    "k": "a"
  },
  {
    "t": 260.052962,
    "k": "d"
  },
  {
    "t": 260.294411,
    "k": "w"
  },
  {
    "t": 260.488412,
    "k": "s"
  },
  {
    "t": 260.671533,
    "k": "a"
  },
  {
    "t": 260.812539,
    "k": "d"
  },
  {
    "t": 261.057002,
    "k": "w"
  },
  {
    "t": 261.194423,
    "k": "s"
  },
  {
    "t": 261.529527,
    "k": "d"
  },
  {
    "t": 261.598811,
    "k": "a"
  },
  {
    "t": 261.994698,
    "k": "a"
  },
  {
    "t": 262.014162,
    "k": "d"
  },
  {
    "t": 262.389115,
    "k": "s"
  },
  {
    "t": 262.598634,
    "k": "w"
  },
  {
    "t": 262.751677,
    "k": "d"
  },
  {
    "t": 262.976225,
    "k": "s"
  },
  {
    "t": 263.719632,
    "k": "d"
  },
  {
    "t": 264.1822,
    "k": "a"
  },
  {
    "t": 264.632826,
    "k": "s"
  },
  {
    "t": 265.107869,
    "k": "d"
  },
  {
    "t": 266.712647,
    "k": "s"
  },
  {
    "t": 267.73243,
    "k": "d"
  },
  {
    "t": 270.039297,
    "k": "s"
  },
  {
    "t": 271.583732,
    "k": "a"
  },
  {
    "t": 271.609632,
    "k": "d"
  },
  {
    "t": 274.671402,
    "k": "d"
  },
  {
    "t": 278.783289,
    "k": "d"
  },
  {
    "t": 279.837622,
    "k": "s"
  },
  {
    "t": 281.035659,
    "k": "a"
  },
  {
    "t": 282.126201,
    "k": "s"
  },
  {
    "t": 283.347882,
    "k": "d"
  },
  {
    "t": 285.777681,
    "k": "w"
  },
  {
    "t": 289.255847,
    "k": "s"
  },
  {
    "t": 296.136653,
    "k": "w"
  },
  {
    "t": 296.575062,
    "k": "w"
  },
  {
    "t": 296.746991,
    "k": "w"
  },
  {
    "t": 296.908293,
    "k": "w"
  },
  {
    "t": 297.429925,
    "k": "w"
  },
  {
    "t": 297.594463,
    "k": "w"
  },
  {
    "t": 297.768475,
    "k": "w"
  },
  {
    "t": 297.97966,
    "k": "w"
  },
  {
    "t": 298.138283,
    "k": "w"
  },
  {
    "t": 298.760134,
    "k": "w"
  },
  {
    "t": 298.955393,
    "k": "w"
  },
  {
    "t": 299.142348,
    "k": "w"
  },
  {
    "t": 299.283109,
    "k": "w"
  },
  {
    "t": 299.441298,
    "k": "w"
  },
  {
    "t": 299.729631,
    "k": "w"
  },
  {
    "t": 299.740243,
    "k": "d"
  },
  {
    "t": 300.203363,
    "k": "w"
  },
  {
    "t": 300.376467,
    "k": "w"
  },
  {
    "t": 300.974706,
    "k": "w"
  },
  {
    "t": 301.138213,
    "k": "w"
  },
  {
    "t": 301.321002,
    "k": "w"
  },
  {
    "t": 301.509556,
    "k": "w"
  },
  {
    "t": 301.682521,
    "k": "w"
  },
  {
    "t": 302.576905,
    "k": "d"
  },
  {
    "t": 302.600659,
    "k": "w"
  },
  {
    "t": 302.80022,
    "k": "w"
  },
  {
    "t": 302.972816,
    "k": "w"
  },
  {
    "t": 303.408324,
    "k": "w"
  },
  {
    "t": 303.618361,
    "k": "w"
  },
  {
    "t": 303.780275,
    "k": "w"
  },
  {
    "t": 303.97721,
    "k": "w"
  },
  {
    "t": 304.394034,
    "k": "w"
  },
  {
    "t": 304.568799,
    "k": "w"
  },
  {
    "t": 304.753613,
    "k": "w"
  },
  {
    "t": 304.935378,
    "k": "w"
  },
  {
    "t": 305.108347,
    "k": "w"
  },
  {
    "t": 306.050747,
    "k": "d"
  },
  {
    "t": 306.317721,
    "k": "a"
  },
  {
    "t": 306.827752,
    "k": "s"
  },
  {
    "t": 307.535901,
    "k": "w"
  },
  {
    "t": 310.482035,
    "k": "w"
  },
  {
    "t": 310.630968,
    "k": "w"
  },
  {
    "t": 310.813923,
    "k": "w"
  },
  {
    "t": 310.989951,
    "k": "w"
  },
  {
    "t": 311.866518,
    "k": "w"
  },
  {
    "t": 312.029021,
    "k": "w"
  },
  {
    "t": 312.191618,
    "k": "w"
  },
  {
    "t": 312.364446,
    "k": "w"
  },
  {
    "t": 313.105416,
    "k": "d"
  },
  {
    "t": 313.489132,
    "k": "s"
  },
  {
    "t": 313.902219,
    "k": "a"
  },
  {
    "t": 314.596832,
    "k": "s"
  },
  {
    "t": 317.543593,
    "k": "w"
  },
  {
    "t": 317.715611,
    "k": "w"
  },
  {
    "t": 317.9126,
    "k": "w"
  },
  {
    "t": 318.096874,
    "k": "w"
  },
  {
    "t": 319.376866,
    "k": "w"
  },
  {
    "t": 319.550187,
    "k": "w"
  },
  {
    "t": 319.732296,
    "k": "w"
  },
  {
    "t": 319.913644,
    "k": "w"
  },
  {
    "t": 320.426147,
    "k": "d"
  },
  {
    "t": 320.765512,
    "k": "a"
  },
  {
    "t": 321.083998,
    "k": "s"
  },
  {
    "t": 321.777033,
    "k": "w"
  },
  {
    "t": 324.419441,
    "k": "d"
  },
  {
    "t": 324.800093,
    "k": "s"
  },
  {
    "t": 325.062606,
    "k": "d"
  },
  {
    "t": 325.36266,
    "k": "s"
  },
  {
    "t": 325.54749,
    "k": "d"
  },
  {
    "t": 325.790101,
    "k": "a"
  },
  {
    "t": 326.069455,
    "k": "d"
  },
  {
    "t": 326.278682,
    "k": "s"
  },
  {
    "t": 326.556553,
    "k": "a"
  },
  {
    "t": 326.75029,
    "k": "d"
  },
  {
    "t": 326.992908,
    "k": "s"
  },
  {
    "t": 327.246683,
    "k": "a"
  },
  {
    "t": 327.464095,
    "k": "d"
  },
  {
    "t": 327.662391,
    "k": "s"
  },
  {
    "t": 328.278093,
    "k": "d"
  },
  {
    "t": 328.531341,
    "k": "s"
  },
  {
    "t": 328.796313,
    "k": "a"
  },
  {
    "t": 328.946952,
    "k": "d"
  },
  {
    "t": 329.232984,
    "k": "s"
  },
  {
    "t": 329.44277,
    "k": "d"
  },
  {
    "t": 329.615408,
    "k": "a"
  },
  {
    "t": 329.97021,
    "k": "d"
  },
  {
    "t": 330.168351,
    "k": "s"
  },
  {
    "t": 330.467316,
    "k": "a"
  },
  {
    "t": 330.665812,
    "k": "d"
  },
  {
    "t": 330.923723,
    "k": "s"
  },
  {
    "t": 331.244431,
    "k": "a"
  },
  {
    "t": 331.518767,
    "k": "d"
  },
  {
    "t": 331.7613,
    "k": "s"
  },
  {
    "t": 332.084765,
    "k": "a"
  },
  {
    "t": 332.339162,
    "k": "d"
  },
  {
    "t": 332.624325,
    "k": "s"
  },
  {
    "t": 332.910293,
    "k": "a"
  },
  {
    "t": 333.210348,
    "k": "d"
  },
  {
    "t": 333.477973,
    "k": "s"
  },
  {
    "t": 333.821816,
    "k": "d"
  },
  {
    "t": 334.127187,
    "k": "a"
  },
  {
    "t": 334.464246,
    "k": "d"
  },
  {
    "t": 334.796279,
    "k": "s"
  },
  {
    "t": 335.127739,
    "k": "d"
  },
  {
    "t": 335.485592,
    "k": "a"
  },
  {
    "t": 335.880366,
    "k": "d"
  },
  {
    "t": 347.42163,
    "k": "w"
  },
  {
    "t": 348.831002,
    "k": "s"
  },
  {
    "t": 349.212232,
    "k": "d"
  },
  {
    "t": 351.69533,
    "k": "w"
  },
  {
    "t": 353.248865,
    "k": "a"
  },
  {
    "t": 353.710272,
    "k": "w"
  },
  {
    "t": 354.954867,
    "k": "s"
  },
  {
    "t": 356.342235,
    "k": "a"
  },
  {
    "t": 357.256157,
    "k": "s"
  },
  {
    "t": 357.487913,
    "k": "d"
  },
  {
    "t": 358.376432,
    "k": "a"
  },
  {
    "t": 359.688226,
    "k": "s"
  },
  {
    "t": 360.797152,
    "k": "d"
  },
  {
    "t": 363.238581,
    "k": "w"
  },
  {
    "t": 365.033273,
    "k": "s"
  },
  {
    "t": 367.425664,
    "k": "a"
  },
  {
    "t": 369.317328,
    "k": "a"
  },
  {
    "t": 369.626283,
    "k": "s"
  },
  {
    "t": 369.807474,
    "k": "d"
  },
  {
    "t": 370.048389,
    "k": "w"
  },
  {
    "t": 370.211625,
    "k": "s"
  },
  {
    "t": 370.349742,
    "k": "a"
  },
  {
    "t": 370.56054,
    "k": "s"
  },
  {
    "t": 370.754991,
    "k": "d"
  },
  {
    "t": 371.006253,
    "k": "w"
  },
  {
    "t": 371.225863,
    "k": "s"
  },
  {
    "t": 371.443415,
    "k": "a"
  },
  {
    "t": 371.639565,
    "k": "d"
  },
  {
    "t": 371.899249,
    "k": "s"
  },
  {
    "t": 372.16066,
    "k": "w"
  },
  {
    "t": 372.590507,
    "k": "a"
  },
  {
    "t": 372.767534,
    "k": "s"
  },
  {
    "t": 373.020723,
    "k": "d"
  },
  {
    "t": 373.25505,
    "k": "w"
  },
  {
    "t": 373.463009,
    "k": "s"
  },
  {
    "t": 373.678687,
    "k": "a"
  },
  {
    "t": 373.944222,
    "k": "s"
  },
  {
    "t": 374.201313,
    "k": "d"
  },
  {
    "t": 374.444522,
    "k": "w"
  },
  {
    "t": 374.641491,
    "k": "s"
  },
  {
    "t": 374.835759,
    "k": "a"
  },
  {
    "t": 375.023254,
    "k": "s"
  },
  {
    "t": 375.263753,
    "k": "d"
  },
  {
    "t": 375.459374,
    "k": "w"
  },
  {
    "t": 375.658993,
    "k": "s"
  },
  {
    "t": 375.855902,
    "k": "a"
  },
  {
    "t": 376.041378,
    "k": "s"
  },
  {
    "t": 376.258469,
    "k": "d"
  },
  {
    "t": 376.460341,
    "k": "w"
  },
  {
    "t": 376.644159,
    "k": "s"
  },
  {
    "t": 376.864415,
    "k": "a"
  },
  {
    "t": 377.048833,
    "k": "s"
  },
  {
    "t": 377.276868,
    "k": "d"
  },
  {
    "t": 377.532167,
    "k": "w"
  },
  {
    "t": 377.735862,
    "k": "s"
  },
  {
    "t": 377.965836,
    "k": "a"
  },
  {
    "t": 378.186107,
    "k": "s"
  },
  {
    "t": 378.381199,
    "k": "d"
  },
  {
    "t": 378.602398,
    "k": "w"
  },
  {
    "t": 378.85835,
    "k": "s"
  },
  {
    "t": 379.061769,
    "k": "a"
  },
  {
    "t": 379.303848,
    "k": "s"
  },
  {
    "t": 379.455036,
    "k": "d"
  },
  {
    "t": 379.673696,
    "k": "w"
  },
  {
    "t": 379.898118,
    "k": "s"
  },
  {
    "t": 380.072099,
    "k": "a"
  },
  {
    "t": 380.252928,
    "k": "s"
  },
  {
    "t": 380.43772,
    "k": "d"
  },
  {
    "t": 380.632121,
    "k": "w"
  },
  {
    "t": 380.770201,
    "k": "s"
  },
  {
    "t": 380.990236,
    "k": "a"
  },
  {
    "t": 381.139864,
    "k": "s"
  },
  {
    "t": 381.395258,
    "k": "d"
  },
  {
    "t": 381.601792,
    "k": "w"
  },
  {
    "t": 381.825188,
    "k": "s"
  },
  {
    "t": 381.985987,
    "k": "a"
  },
  {
    "t": 382.155093,
    "k": "s"
  },
  {
    "t": 382.331918,
    "k": "d"
  },
  {
    "t": 382.504165,
    "k": "w"
  },
  {
    "t": 382.77494,
    "k": "a"
  },
  {
    "t": 382.911316,
    "k": "s"
  },
  {
    "t": 383.283775,
    "k": "d"
  },
  {
    "t": 383.446617,
    "k": "w"
  },
  {
    "t": 383.721497,
    "k": "d"
  },
  {
    "t": 383.767799,
    "k": "s"
  },
  {
    "t": 384.021942,
    "k": "a"
  },
  {
    "t": 384.101117,
    "k": "d"
  },
  {
    "t": 384.104313,
    "k": "s"
  },
  {
    "t": 384.378032,
    "k": "w"
  },
  {
    "t": 384.619486,
    "k": "s"
  },
  {
    "t": 384.861864,
    "k": "a"
  },
  {
    "t": 385.024319,
    "k": "s"
  },
  {
    "t": 385.129955,
    "k": "d"
  },
  {
    "t": 385.389349,
    "k": "w"
  },
  {
    "t": 385.588162,
    "k": "s"
  },
  {
    "t": 385.769924,
    "k": "a"
  },
  {
    "t": 385.943686,
    "k": "s"
  },
  {
    "t": 386.185382,
    "k": "d"
  },
  {
    "t": 386.448021,
    "k": "w"
  },
  {
    "t": 386.644359,
    "k": "s"
  },
  {
    "t": 386.81606,
    "k": "a"
  },
  {
    "t": 387.046733,
    "k": "s"
  },
  {
    "t": 387.253327,
    "k": "d"
  },
  {
    "t": 387.512791,
    "k": "w"
  },
  {
    "t": 387.927326,
    "k": "a"
  },
  {
    "t": 387.939739,
    "k": "d"
  },
  {
    "t": 387.950886,
    "k": "s"
  },
  {
    "t": 388.305269,
    "k": "w"
  },
  {
    "t": 388.594921,
    "k": "s"
  },
  {
    "t": 388.758187,
    "k": "a"
  },
  {
    "t": 388.9459,
    "k": "s"
  },
  {
    "t": 389.162952,
    "k": "d"
  },
  {
    "t": 389.392951,
    "k": "w"
  },
  {
    "t": 389.706044,
    "k": "a"
  },
  {
    "t": 389.71836,
    "k": "s"
  },
  {
    "t": 390.088281,
    "k": "w"
  },
  {
    "t": 390.275834,
    "k": "s"
  },
  {
    "t": 390.529386,
    "k": "a"
  },
  {
    "t": 390.807162,
    "k": "d"
  },
  {
    "t": 391.071301,
    "k": "w"
  },
  {
    "t": 391.383941,
    "k": "s"
  },
  {
    "t": 391.617207,
    "k": "a"
  },
  {
    "t": 391.872962,
    "k": "s"
  },
  {
    "t": 392.089721,
    "k": "d"
  },
  {
    "t": 392.345505,
    "k": "w"
  },
  {
    "t": 392.576746,
    "k": "s"
  },
  {
    "t": 392.763217,
    "k": "a"
  },
  {
    "t": 392.956588,
    "k": "s"
  },
  {
    "t": 393.197448,
    "k": "d"
  },
  {
    "t": 393.453638,
    "k": "w"
  },
  {
    "t": 393.521497,
    "k": "s"
  },
  {
    "t": 393.832918,
    "k": "a"
  },
  {
    "t": 394.042125,
    "k": "s"
  },
  {
    "t": 394.240711,
    "k": "d"
  },
  {
    "t": 394.49494,
    "k": "w"
  },
  {
    "t": 394.724757,
    "k": "s"
  },
  {
    "t": 394.942166,
    "k": "a"
  },
  {
    "t": 395.276851,
    "k": "w"
  },
  {
    "t": 395.527304,
    "k": "d"
  },
  {
    "t": 395.632877,
    "k": "s"
  },
  {
    "t": 396.036573,
    "k": "a"
  },
  {
    "t": 396.252539,
    "k": "s"
  },
  {
    "t": 396.544256,
    "k": "d"
  },
  {
    "t": 396.810159,
    "k": "w"
  },
  {
    "t": 396.967494,
    "k": "s"
  },
  {
    "t": 397.119922,
    "k": "a"
  },
  {
    "t": 397.338562,
    "k": "s"
  },
  {
    "t": 397.454053,
    "k": "d"
  },
  {
    "t": 397.754392,
    "k": "w"
  },
  {
    "t": 398.013649,
    "k": "s"
  },
  {
    "t": 398.122102,
    "k": "a"
  },
  {
    "t": 398.34253,
    "k": "s"
  },
  {
    "t": 398.559868,
    "k": "d"
  },
  {
    "t": 398.761786,
    "k": "w"
  },
  {
    "t": 399.025577,
    "k": "s"
  },
  {
    "t": 399.312364,
    "k": "a"
  },
  {
    "t": 399.498649,
    "k": "s"
  },
  {
    "t": 399.718617,
    "k": "d"
  },
  {
    "t": 399.946976,
    "k": "w"
  },
  {
    "t": 400.202615,
    "k": "s"
  },
  {
    "t": 400.407486,
    "k": "a"
  },
  {
    "t": 400.557796,
    "k": "s"
  },
  {
    "t": 400.716951,
    "k": "d"
  },
  {
    "t": 400.982375,
    "k": "w"
  },
  {
    "t": 401.167111,
    "k": "s"
  },
  {
    "t": 401.418415,
    "k": "a"
  },
  {
    "t": 401.635013,
    "k": "s"
  },
  {
    "t": 401.857442,
    "k": "d"
  },
  {
    "t": 402.109948,
    "k": "w"
  },
  {
    "t": 402.318526,
    "k": "s"
  },
  {
    "t": 402.595614,
    "k": "a"
  },
  {
    "t": 402.746687,
    "k": "s"
  },
  {
    "t": 402.963637,
    "k": "s"
  },
  {
    "t": 402.997447,
    "k": "d"
  },
  {
    "t": 403.251765,
    "k": "w"
  },
  {
    "t": 403.369896,
    "k": "s"
  },
  {
    "t": 403.666888,
    "k": "a"
  },
  {
    "t": 403.819385,
    "k": "s"
  },
  {
    "t": 404.047338,
    "k": "d"
  },
  {
    "t": 404.28767,
    "k": "w"
  },
  {
    "t": 404.487519,
    "k": "s"
  },
  {
    "t": 404.714227,
    "k": "a"
  },
  {
    "t": 404.912704,
    "k": "s"
  },
  {
    "t": 405.062533,
    "k": "d"
  },
  {
    "t": 405.332542,
    "k": "w"
  },
  {
    "t": 405.494511,
    "k": "s"
  },
  {
    "t": 405.716628,
    "k": "a"
  },
  {
    "t": 405.884053,
    "k": "s"
  },
  {
    "t": 406.132029,
    "k": "d"
  },
  {
    "t": 406.411573,
    "k": "w"
  },
  {
    "t": 406.651082,
    "k": "s"
  },
  {
    "t": 406.836073,
    "k": "a"
  },
  {
    "t": 407.045437,
    "k": "s"
  },
  {
    "t": 407.252673,
    "k": "d"
  },
  {
    "t": 407.696641,
    "k": "a"
  },
  {
    "t": 407.91654,
    "k": "s"
  },
  {
    "t": 408.101273,
    "k": "d"
  },
  {
    "t": 408.50331,
    "k": "w"
  },
  {
    "t": 408.687592,
    "k": "s"
  },
  {
    "t": 408.940528,
    "k": "a"
  },
  {
    "t": 409.149289,
    "k": "s"
  },
  {
    "t": 409.36858,
    "k": "d"
  },
  {
    "t": 409.600313,
    "k": "w"
  },
  {
    "t": 409.81812,
    "k": "s"
  },
  {
    "t": 410.061487,
    "k": "a"
  },
  {
    "t": 410.282142,
    "k": "s"
  },
  {
    "t": 410.568131,
    "k": "d"
  },
  {
    "t": 410.834911,
    "k": "w"
  },
  {
    "t": 411.043487,
    "k": "s"
  },
  {
    "t": 411.284875,
    "k": "a"
  },
  {
    "t": 411.493501,
    "k": "d"
  },
  {
    "t": 411.724422,
    "k": "d"
  },
  {
    "t": 412.201614,
    "k": "s"
  },
  {
    "t": 412.515507,
    "k": "d"
  },
  {
    "t": 412.712906,
    "k": "s"
  },
  {
    "t": 412.910963,
    "k": "d"
  },
  {
    "t": 413.099028,
    "k": "s"
  },
  {
    "t": 413.353894,
    "k": "d"
  },
  {
    "t": 413.540721,
    "k": "s"
  },
  {
    "t": 413.737705,
    "k": "s"
  },
  {
    "t": 413.933579,
    "k": "a"
  },
  {
    "t": 414.165408,
    "k": "s"
  },
  {
    "t": 414.362998,
    "k": "a"
  },
  {
    "t": 414.596024,
    "k": "s"
  },
  {
    "t": 414.813463,
    "k": "a"
  },
  {
    "t": 415.045537,
    "k": "s"
  },
  {
    "t": 415.227287,
    "k": "a"
  },
  {
    "t": 415.434987,
    "k": "s"
  },
  {
    "t": 415.654948,
    "k": "w"
  },
  {
    "t": 415.863939,
    "k": "s"
  },
  {
    "t": 416.082751,
    "k": "w"
  },
  {
    "t": 416.279627,
    "k": "s"
  },
  {
    "t": 416.507133,
    "k": "w"
  },
  {
    "t": 416.725986,
    "k": "s"
  },
  {
    "t": 416.918656,
    "k": "w"
  },
  {
    "t": 417.128347,
    "k": "s"
  },
  {
    "t": 417.323483,
    "k": "w"
  },
  {
    "t": 417.554375,
    "k": "a"
  },
  {
    "t": 417.704297,
    "k": "d"
  },
  {
    "t": 417.894167,
    "k": "a"
  },
  {
    "t": 418.133773,
    "k": "d"
  },
  {
    "t": 418.313948,
    "k": "a"
  },
  {
    "t": 418.560535,
    "k": "d"
  },
  {
    "t": 418.757341,
    "k": "a"
  },
  {
    "t": 418.979546,
    "k": "d"
  },
  {
    "t": 419.242375,
    "k": "w"
  },
  {
    "t": 419.403381,
    "k": "s"
  },
  {
    "t": 419.633321,
    "k": "w"
  },
  {
    "t": 419.84322,
    "k": "d"
  },
  {
    "t": 420.065996,
    "k": "w"
  },
  {
    "t": 420.329668,
    "k": "s"
  },
  {
    "t": 420.467681,
    "k": "a"
  },
  {
    "t": 420.75903,
    "k": "d"
  },
  {
    "t": 421.001234,
    "k": "w"
  },
  {
    "t": 421.244851,
    "k": "s"
  },
  {
    "t": 421.416739,
    "k": "a"
  },
  {
    "t": 421.660567,
    "k": "d"
  },
  {
    "t": 421.836913,
    "k": "w"
  },
  {
    "t": 422.030046,
    "k": "s"
  },
  {
    "t": 422.170047,
    "k": "a"
  },
  {
    "t": 422.283567,
    "k": "d"
  },
  {
    "t": 422.891543,
    "k": "w"
  },
  {
    "t": 422.925984,
    "k": "s"
  },
  {
    "t": 425.988026,
    "k": "a"
  },
  {
    "t": 429.48732,
    "k": "d"
  },
  {
    "t": 433.034095,
    "k": "s"
  },
  {
    "t": 439.805848,
    "k": "s"
  },
  {
    "t": 440.117378,
    "k": "a"
  },
  {
    "t": 440.128187,
    "k": "d"
  },
  {
    "t": 444.019244,
    "k": "w"
  },
  {
    "t": 445.33384,
    "k": "s"
  },
  {
    "t": 446.587062,
    "k": "a"
  },
  {
    "t": 446.94021,
    "k": "d"
  },
  {
    "t": 448.404578,
    "k": "a"
  },
  {
    "t": 448.5523,
    "k": "d"
  },
  {
    "t": 448.840811,
    "k": "s"
  },
  {
    "t": 450.489116,
    "k": "d"
  },
  {
    "t": 450.616772,
    "k": "w"
  },
  {
    "t": 450.791087,
    "k": "s"
  },
  {
    "t": 451.033106,
    "k": "d"
  },
  {
    "t": 451.215738,
    "k": "a"
  },
  {
    "t": 451.411126,
    "k": "s"
  },
  {
    "t": 451.621098,
    "k": "w"
  },
  {
    "t": 451.75912,
    "k": "d"
  },
  {
    "t": 451.942392,
    "k": "a"
  },
  {
    "t": 452.113654,
    "k": "s"
  },
  {
    "t": 452.527561,
    "k": "d"
  },
  {
    "t": 452.551762,
    "k": "a"
  },
  {
    "t": 452.948836,
    "k": "s"
  },
  {
    "t": 453.098523,
    "k": "w"
  },
  {
    "t": 453.282754,
    "k": "d"
  },
  {
    "t": 453.480059,
    "k": "a"
  },
  {
    "t": 453.594711,
    "k": "s"
  },
  {
    "t": 453.871793,
    "k": "w"
  },
  {
    "t": 453.975526,
    "k": "d"
  },
  {
    "t": 454.217549,
    "k": "a"
  },
  {
    "t": 454.373524,
    "k": "s"
  },
  {
    "t": 454.568661,
    "k": "w"
  },
  {
    "t": 454.743093,
    "k": "d"
  },
  {
    "t": 454.952758,
    "k": "a"
  },
  {
    "t": 455.181266,
    "k": "s"
  },
  {
    "t": 455.388013,
    "k": "w"
  },
  {
    "t": 455.575015,
    "k": "d"
  },
  {
    "t": 455.688145,
    "k": "a"
  },
  {
    "t": 455.735515,
    "k": "d"
  },
  {
    "t": 456.037527,
    "k": "s"
  },
  {
    "t": 456.060054,
    "k": "w"
  },
  {
    "t": 456.443136,
    "k": "d"
  },
  {
    "t": 456.580544,
    "k": "a"
  },
  {
    "t": 456.732357,
    "k": "s"
  },
  {
    "t": 456.897165,
    "k": "w"
  },
  {
    "t": 457.089606,
    "k": "d"
  },
  {
    "t": 457.377139,
    "k": "a"
  },
  {
    "t": 457.389812,
    "k": "d"
  },
  {
    "t": 457.635046,
    "k": "s"
  },
  {
    "t": 457.783382,
    "k": "w"
  },
  {
    "t": 457.958992,
    "k": "d"
  },
  {
    "t": 458.144467,
    "k": "a"
  },
  {
    "t": 458.318657,
    "k": "s"
  },
  {
    "t": 458.480755,
    "k": "w"
  },
  {
    "t": 458.754261,
    "k": "d"
  },
  {
    "t": 458.913275,
    "k": "a"
  },
  {
    "t": 459.120713,
    "k": "d"
  },
  {
    "t": 459.132807,
    "k": "a"
  },
  {
    "t": 459.724973,
    "k": "w"
  },
  {
    "t": 459.74763,
    "k": "s"
  },
  {
    "t": 460.177502,
    "k": "a"
  },
  {
    "t": 460.202331,
    "k": "d"
  },
  {
    "t": 460.72596,
    "k": "a"
  },
  {
    "t": 460.737932,
    "k": "s"
  },
  {
    "t": 460.747888,
    "k": "d"
  },
  {
    "t": 461.118373,
    "k": "d"
  },
  {
    "t": 461.209262,
    "k": "a"
  },
  {
    "t": 461.396097,
    "k": "s"
  },
  {
    "t": 461.558613,
    "k": "w"
  },
  {
    "t": 461.717247,
    "k": "d"
  },
  {
    "t": 461.902802,
    "k": "a"
  },
  {
    "t": 462.07515,
    "k": "s"
  },
  {
    "t": 462.256756,
    "k": "w"
  },
  {
    "t": 462.43184,
    "k": "d"
  },
  {
    "t": 462.697491,
    "k": "s"
  },
  {
    "t": 462.721462,
    "k": "a"
  },
  {
    "t": 462.997448,
    "k": "a"
  },
  {
    "t": 463.010251,
    "k": "s"
  },
  {
    "t": 463.13523,
    "k": "a"
  },
  {
    "t": 463.162246,
    "k": "s"
  },
  {
    "t": 463.332995,
    "k": "a"
  },
  {
    "t": 463.347114,
    "k": "s"
  },
  {
    "t": 463.496932,
    "k": "a"
  },
  {
    "t": 463.53005,
    "k": "s"
  },
  {
    "t": 463.672376,
    "k": "a"
  },
  {
    "t": 463.691594,
    "k": "s"
  },
  {
    "t": 463.859197,
    "k": "a"
  },
  {
    "t": 463.866574,
    "k": "s"
  },
  {
    "t": 464.073922,
    "k": "d"
  },
  {
    "t": 464.200757,
    "k": "w"
  },
  {
    "t": 464.465268,
    "k": "s"
  },
  {
    "t": 464.63633,
    "k": "a"
  },
  {
    "t": 464.831588,
    "k": "d"
  },
  {
    "t": 465.147477,
    "k": "w"
  },
  {
    "t": 465.285515,
    "k": "s"
  },
  {
    "t": 465.684052,
    "k": "w"
  },
  {
    "t": 465.856267,
    "k": "d"
  },
  {
    "t": 466.10965,
    "k": "a"
  },
  {
    "t": 466.410872,
    "k": "s"
  },
  {
    "t": 467.820329,
    "k": "w"
  },
  {
    "t": 468.014862,
    "k": "d"
  },
  {
    "t": 468.200759,
    "k": "a"
  },
  {
    "t": 468.595452,
    "k": "s"
  },
  {
    "t": 469.222092,
    "k": "w"
  },
  {
    "t": 469.449623,
    "k": "d"
  },
  {
    "t": 469.852602,
    "k": "s"
  },
  {
    "t": 470.478386,
    "k": "d"
  },
  {
    "t": 470.610144,
    "k": "a"
  },
  {
    "t": 470.778218,
    "k": "s"
  },
  {
    "t": 470.964397,
    "k": "w"
  },
  {
    "t": 471.147738,
    "k": "d"
  },
  {
    "t": 471.554403,
    "k": "a"
  },
  {
    "t": 471.69168,
    "k": "s"
  },
  {
    "t": 471.906407,
    "k": "w"
  },
  {
    "t": 472.091645,
    "k": "d"
  },
  {
    "t": 472.300412,
    "k": "a"
  },
  {
    "t": 472.472307,
    "k": "s"
  },
  {
    "t": 472.681487,
    "k": "w"
  },
  {
    "t": 472.887301,
    "k": "d"
  },
  {
    "t": 473.638051,
    "k": "a"
  },
  {
    "t": 473.673819,
    "k": "s"
  },
  {
    "t": 473.684842,
    "k": "d"
  },
  {
    "t": 474.170008,
    "k": "w"
  },
  {
    "t": 474.713684,
    "k": "a"
  },
  {
    "t": 474.72522,
    "k": "s"
  },
  {
    "t": 474.735579,
    "k": "d"
  },
  {
    "t": 475.261261,
    "k": "s"
  },
  {
    "t": 475.390143,
    "k": "a"
  },
  {
    "t": 475.643778,
    "k": "d"
  },
  {
    "t": 475.804258,
    "k": "s"
  },
  {
    "t": 476.027772,
    "k": "s"
  },
  {
    "t": 476.167536,
    "k": "w"
  },
  {
    "t": 476.455943,
    "k": "s"
  },
  {
    "t": 476.512309,
    "k": "w"
  },
  {
    "t": 477.21092,
    "k": "a"
  },
  {
    "t": 477.248531,
    "k": "d"
  },
  {
    "t": 478.13755,
    "k": "a"
  },
  {
    "t": 478.146205,
    "k": "w"
  },
  {
    "t": 478.561194,
    "k": "d"
  },
  {
    "t": 478.573206,
    "k": "s"
  },
  {
    "t": 480.159047,
    "k": "a"
  },
  {
    "t": 480.515782,
    "k": "s"
  },
  {
    "t": 481.329527,
    "k": "d"
  },
  {
    "t": 481.821134,
    "k": "s"
  },
  {
    "t": 483.7798,
    "k": "a"
  },
  {
    "t": 484.138032,
    "k": "s"
  },
  {
    "t": 486.138003,
    "k": "d"
  },
  {
    "t": 512.853471,
    "k": "s"
  },
  {
    "t": 516.636576,
    "k": "s"
  },
  {
    "t": 520.393889,
    "k": "s"
  },
  {
    "t": 524.301645,
    "k": "d"
  },
  {
    "t": 526.066729,
    "k": "a"
  },
  {
    "t": 527.842963,
    "k": "d"
  },
  {
    "t": 529.772534,
    "k": "a"
  },
  {
    "t": 531.618251,
    "k": "d"
  },
  {
    "t": 533.557488,
    "k": "s"
  },
  {
    "t": 537.727024,
    "k": "s"
  },
  {
    "t": 538.451449,
    "k": "a"
  },
  {
    "t": 539.384269,
    "k": "s"
  },
  {
    "t": 540.077048,
    "k": "d"
  },
  {
    "t": 540.369424,
    "k": "w"
  },
  {
    "t": 540.991293,
    "k": "s"
  },
  {
    "t": 545.497793,
    "k": "d"
  },
  {
    "t": 549.299783,
    "k": "a"
  },
  {
    "t": 553.145881,
    "k": "s"
  },
  {
    "t": 557.089133,
    "k": "d"
  },
  {
    "t": 558.972344,
    "k": "s"
  },
  {
    "t": 560.700302,
    "k": "a"
  },
  {
    "t": 562.729552,
    "k": "s"
  },
  {
    "t": 564.700891,
    "k": "d"
  },
  {
    "t": 577.310814,
    "k": "w"
  },
  {
    "t": 580.026793,
    "k": "w"
  },
  {
    "t": 583.826692,
    "k": "w"
  },
  {
    "t": 587.660552,
    "k": "w"
  },
  {
    "t": 591.522414,
    "k": "w"
  }
]