[{"t":0.223697,"k":"w"},{"t":1.615789,"k":"d"},{"t":3.207896,"k":"a"},{"t":4.255636,"k":"d"},{"t":4.987893,"k":"a"},{"t":5.503625,"k":"s"},{"t":6.399632,"k":"d"},{"t":8.099916,"k":"w"},{"t":9.508089,"k":"d"},{"t":10.41979,"k":"d"},{"t":10.807862,"k":"d"},{"t":11.255771,"k":"d"},{"t":11.840511,"k":"d"},{"t":12.075922,"k":"d"},{"t":12.455693,"k":"d"},{"t":12.827529,"k":"d"},{"t":14.399567,"k":"d"},{"t":15.903502,"k":"d"},{"t":16.720012,"k":"d"},{"t":17.135566,"k":"d"},{"t":17.567839,"k":"d"},{"t":18.175539,"k":"d"},{"t":18.716021,"k":"d"},{"t":19.19572,"k":"d"},{"t":19.775665,"k":"d"},{"t":21.359791,"k":"d"},{"t":22.283511,"k":"d"},{"t":22.935729,"k":"d"},{"t":23.167684,"k":"d"},{"t":23.647419,"k":"d"},{"t":24.047517,"k":"d"},{"t":24.62753,"k":"d"},{"t":24.815649,"k":"d"},{"t":25.183738,"k":"d"},{"t":25.535469,"k":"a"},{"t":25.963788,"k":"a"},{"t":26.363698,"k":"a"},{"t":26.764312,"k":"a"},{"t":27.135474,"k":"a"},{"t":27.567767,"k":"a"},{"t":27.963799,"k":"a"},{"t":28.303612,"k":"a"},{"t":28.735501,"k":"a"},{"t":29.119672,"k":"a"},{"t":29.563746,"k":"a"},{"t":29.955828,"k":"a"},{"t":30.335278,"k":"a"},{"t":30.775447,"k":"a"},{"t":31.15554,"k":"a"},{"t":31.50349,"k":"a"},{"t":31.963975,"k":"s"},{"t":32.375406,"k":"s"},{"t":32.735721,"k":"s"},{"t":33.15581,"k":"s"},{"t":33.556045,"k":"s"},{"t":33.98357,"k":"s"},{"t":34.319657,"k":"s"},{"t":34.755618,"k":"s"},{"t":35.156012,"k":"s"},{"t":35.535435,"k":"s"},{"t":35.907749,"k":"s"},{"t":36.327456,"k":"s"},{"t":36.735549,"k":"s"},{"t":37.127633,"k":"s"},{"t":37.555767,"k":"s"},{"t":37.907663,"k":"s"},{"t":38.335516,"k":"s"},{"t":38.780124,"k":"s"},{"t":39.127421,"k":"s"},{"t":39.587969,"k":"s"},{"t":39.935463,"k":"s"},{"t":40.327784,"k":"s"},{"t":40.755616,"k":"s"},{"t":41.163553,"k":"s"},{"t":41.563707,"k":"s"},{"t":41.967341,"k":"s"},{"t":42.363404,"k":"w"},{"t":42.727304,"k":"w"},{"t":43.135817,"k":"w"},{"t":43.567852,"k":"w"},{"t":43.915587,"k":"w"},{"t":44.327764,"k":"w"},{"t":44.755662,"k":"w"},{"t":45.127514,"k":"w"},{"t":45.519418,"k":"w"},{"t":45.935397,"k":"w"},{"t":46.335355,"k":"w"},{"t":46.763943,"k":"w"},{"t":47.163521,"k":"w"},{"t":47.595571,"k":"w"},{"t":47.955484,"k":"w"},{"t":48.387524,"k":"w"},{"t":48.755535,"k":"w"},{"t":49.183564,"k":"w"},{"t":49.56387,"k":"w"},{"t":49.987524,"k":"w"},{"t":50.319463,"k":"w"},{"t":50.487703,"k":"w"},{"t":50.635724,"k":"w"},{"t":50.795606,"k":"w"},{"t":51.127362,"k":"w"},{"t":51.503513,"k":"w"},{"t":51.727867,"k":"w"},{"t":52.167463,"k":"w"},{"t":53.767675,"k":"w"},{"t":53.999426,"k":"w"},{"t":54.31945,"k":"w"},{"t":54.915551,"k":"w"},{"t":57.127567,"k":"a"},{"t":57.563676,"k":"d"},{"t":57.723331,"k":"a"},{"t":58.715818,"k":"s"},{"t":58.943677,"k":"d"},{"t":60.13521,"k":"a"},{"t":60.755731,"k":"d"},{"t":60.975521,"k":"w"},{"t":61.343398,"k":"d"},{"t":61.567699,"k":"s"},{"t":62.135651,"k":"a"},{"t":63.87582,"k":"d"},{"t":64.76372,"k":"a"},{"t":66.547527,"k":"d"},{"t":66.707584,"k":"s"},{"t":67.119911,"k":"a"},{"t":67.755643,"k":"w"},{"t":69.907688,"k":"d"},{"t":70.355514,"k":"w"},{"t":70.527498,"k":"d"},{"t":71.487648,"k":"a"},{"t":71.723805,"k":"s"},{"t":72.89542,"k":"a"},{"t":73.56753,"k":"d"},{"t":73.795606,"k":"d"},{"t":74.215482,"k":"d"},{"t":74.447723,"k":"d"},{"t":75.047459,"k":"d"},{"t":76.775397,"k":"d"},{"t":77.32344,"k":"d"},{"t":77.967538,"k":"d"},{"t":79.115526,"k":"d"},{"t":79.555567,"k":"d"},{"t":79.975533,"k":"d"},{"t":80.603871,"k":"d"},{"t":81.087518,"k":"d"},{"t":82.375472,"k":"d"},{"t":82.595469,"k":"d"},{"t":82.787673,"k":"d"},{"t":83.183384,"k":"d"},{"t":83.743435,"k":"d"},{"t":84.287704,"k":"d"},{"t":85.02774,"k":"d"},{"t":85.575598,"k":"d"},{"t":85.759463,"k":"d"},{"t":85.987521,"k":"d"},{"t":86.355444,"k":"d"},{"t":86.967496,"k":"d"},{"t":87.52745,"k":"d"},{"t":88.227612,"k":"d"},{"t":88.719583,"k":"d"},{"t":88.947677,"k":"d"},{"t":89.115687,"k":"d"},{"t":89.475515,"k":"d"},{"t":91.107662,"k":"d"},{"t":91.999454,"k":"d"},{"t":92.383576,"k":"d"},{"t":92.795542,"k":"d"},{"t":93.395364,"k":"d"},{"t":93.975437,"k":"d"},{"t":94.527476,"k":"d"},{"t":95.119869,"k":"d"},{"t":95.295639,"k":"d"},{"t":95.51961,"k":"d"},{"t":96.087489,"k":"d"},{"t":96.615422,"k":"d"},{"t":97.163548,"k":"d"},{"t":97.723619,"k":"d"},{"t":98.335319,"k":"d"},{"t":98.567497,"k":"d"},{"t":98.787397,"k":"d"},{"t":99.115489,"k":"d"},{"t":99.735462,"k":"d"},{"t":100.255466,"k":"d"},{"t":100.959715,"k":"d"},{"t":101.535617,"k":"d"},{"t":101.795477,"k":"d"},{"t":102.31557,"k":"d"},{"t":103.007662,"k":"d"},{"t":103.503401,"k":"d"},{"t":104.687555,"k":"d"},{"t":105.095299,"k":"d"},{"t":105.535421,"k":"d"},{"t":106.143405,"k":"d"},{"t":106.695455,"k":"d"},{"t":108.675639,"k":"d"},{"t":109.295539,"k":"a"},{"t":109.823828,"k":"a"},{"t":111.255754,"k":"a"},{"t":111.48368,"k":"a"},{"t":111.855429,"k":"a"},{"t":112.475724,"k":"a"},{"t":112.967471,"k":"a"},{"t":115.119876,"k":"a"},{"t":115.395383,"k":"a"},{"t":115.635437,"k":"a"},{"t":115.815485,"k":"a"},{"t":115.98351,"k":"a"},{"t":116.095503,"k":"a"},{"t":116.295438,"k":"a"},{"t":116.863514,"k":"a"},{"t":117.035473,"k":"s"},{"t":117.155484,"k":"d"},{"t":117.359656,"k":"s"},{"t":117.475513,"k":"d"},{"t":117.563486,"k":"a"},{"t":117.663853,"k":"s"},{"t":117.847642,"k":"d"},{"t":118.123531,"k":"w"},{"t":118.363594,"k":"d"},{"t":118.607556,"k":"a"},{"t":118.639566,"k":"s"},{"t":118.847568,"k":"d"},{"t":119.027461,"k":"a"},{"t":119.119288,"k":"s"},{"t":119.215398,"k":"d"},{"t":119.327583,"k":"s"},{"t":119.447469,"k":"d"},{"t":119.563535,"k":"a"},{"t":120.079655,"k":"s"},{"t":120.303618,"k":"d"},{"t":120.527521,"k":"a"},{"t":120.627577,"k":"w"},{"t":120.783643,"k":"d"},{"t":120.975277,"k":"s"},{"t":121.163877,"k":"a"},{"t":121.315377,"k":"s"},{"t":121.564232,"k":"d"},{"t":121.767617,"k":"a"},{"t":121.935296,"k":"s"},{"t":122.135381,"k":"d"},{"t":122.283613,"k":"w"},{"t":122.375547,"k":"a"},{"t":122.559485,"k":"d"},{"t":122.675462,"k":"s"},{"t":122.764091,"k":"d"},{"t":123.40737,"k":"a"},{"t":123.475519,"k":"s"},{"t":123.5833,"k":"d"},{"t":123.747421,"k":"s"},{"t":123.883554,"k":"d"},{"t":123.995808,"k":"a"},{"t":124.207792,"k":"w"},{"t":124.307556,"k":"d"},{"t":124.523607,"k":"s"},{"t":124.783538,"k":"a"},{"t":124.955921,"k":"s"},{"t":125.163983,"k":"d"},{"t":125.395383,"k":"a"},{"t":125.483534,"k":"s"},{"t":125.575509,"k":"d"},{"t":125.815521,"k":"w"},{"t":125.903479,"k":"d"},{"t":126.035482,"k":"a"},{"t":126.607561,"k":"s"},{"t":126.703595,"k":"d"},{"t":126.835455,"k":"a"},{"t":126.975432,"k":"s"},{"t":127.075551,"k":"d"},{"t":127.195558,"k":"s"},{"t":127.323835,"k":"d"},{"t":127.495552,"k":"a"},{"t":127.635515,"k":"w"},{"t":127.775529,"k":"d"},{"t":128.043915,"k":"s"},{"t":128.227648,"k":"d"},{"t":128.395709,"k":"a"},{"t":128.615562,"k":"s"},{"t":128.695416,"k":"d"},{"t":128.807486,"k":"a"},{"t":129.003449,"k":"s"},{"t":129.047585,"k":"d"},{"t":129.167767,"k":"a"},{"t":129.727736,"k":"w"},{"t":129.80372,"k":"d"},{"t":129.895605,"k":"a"},{"t":130.159573,"k":"d"},{"t":130.227403,"k":"s"},{"t":130.319636,"k":"d"},{"t":130.463519,"k":"a"},{"t":130.627449,"k":"d"},{"t":130.796109,"k":"w"},{"t":131.007526,"k":"d"},{"t":131.163536,"k":"a"},{"t":131.287744,"k":"d"},{"t":131.535501,"k":"s"},{"t":131.675375,"k":"d"},{"t":131.847518,"k":"a"},{"t":131.927441,"k":"d"},{"t":132.079668,"k":"a"},{"t":132.203675,"k":"d"},{"t":132.315715,"k":"w"},{"t":132.863483,"k":"d"},{"t":132.947498,"k":"s"},{"t":133.039364,"k":"a"},{"t":133.087338,"k":"d"},{"t":133.327414,"k":"a"},{"t":133.395485,"k":"d"},{"t":133.515684,"k":"a"},{"t":133.60765,"k":"w"},{"t":133.747739,"k":"d"},{"t":133.97539,"k":"s"},{"t":134.095393,"k":"d"},{"t":134.275646,"k":"a"},{"t":134.443651,"k":"d"},{"t":134.655422,"k":"s"},{"t":134.81548,"k":"d"},{"t":135.023538,"k":"d"},{"t":135.115578,"k":"a"},{"t":135.235596,"k":"d"},{"t":135.23669,"k":"w"},{"t":135.439538,"k":"d"},{"t":135.583672,"k":"s"},{"t":135.675607,"k":"d"},{"t":136.155596,"k":"a"},{"t":136.27567,"k":"d"},{"t":136.355595,"k":"w"},{"t":136.515484,"k":"d"},{"t":136.727409,"k":"s"},{"t":136.847596,"k":"a"},{"t":136.867491,"k":"d"},{"t":137.084136,"k":"w"},{"t":137.183499,"k":"d"},{"t":137.475518,"k":"s"},{"t":137.647593,"k":"d"},{"t":137.855484,"k":"a"},{"t":138.035976,"k":"d"},{"t":138.247501,"k":"a"},{"t":138.327581,"k":"s"},{"t":138.407578,"k":"d"},{"t":138.615627,"k":"a"},{"t":138.695495,"k":"d"},{"t":138.795624,"k":"a"},{"t":138.879708,"k":"d"},{"t":139.36764,"k":"d"},{"t":139.599428,"k":"d"},{"t":139.807278,"k":"a"},{"t":139.90366,"k":"d"},{"t":140.015452,"k":"a"},{"t":140.235377,"k":"d"},{"t":140.43546,"k":"a"},{"t":140.547423,"k":"d"}]
