[
  {
    "t": 6.573924,
    "k": "d"
  },
  {
    "t": 8.040517,
    "k": "a"
  },
  {
    "t": 9.460564,
    "k": "d"
  },
  {
    "t": 10.667929,
    "k": "d"
  },
  {
    "t": 11.313097,
    "k": "d"
  },
  {
    "t": 11.856574,
    "k": "a"
  },
  {
    "t": 11.985577,
    "k": "d"
  },
  {
    "t": 12.404147,
    "k": "d"
  },
  {
    "t": 12.731272,
    "k": "d"
  },
  {
    "t": 12.971394,
    "k": "d"
  },
  {
    "t": 13.137113,
    "k": "d"
  },
  {
    "t": 13.29073,
    "k": "d"
  },
  {
    "t": 13.491827,
    "k": "d"
  },
  {
    "t": 13.654272,
    "k": "d"
  },
  {
    "t": 13.822692,
    "k": "d"
  },
  {
    "t": 14.033268,
    "k": "d"
  },
  {
    "t": 14.260443,
    "k": "a"
  },
  {
    "t": 14.435314,
    "k": "a"
  },
  {
    "t": 14.579918,
    "k": "a"
  },
  {
    "t": 14.758025,
    "k": "a"
  },
  {
    "t": 14.94202,
    "k": "a"
  },
  {
    "t": 15.121,
    "k": "a"
  },
  {
    "t": 15.31122,
    "k": "a"
  },
  {
    "t": 15.478097,
    "k": "a"
  },
  {
    "t": 15.638884,
    "k": "a"
  },
  {
    "t": 15.743059,
    "k": "d"
  },
  {
    "t": 15.917152,
    "k": "d"
  },
  {
    "t": 16.112609,
    "k": "d"
  },
  {
    "t": 16.307621,
    "k": "d"
  },
  {
    "t": 16.492122,
    "k": "d"
  },
  {
    "t": 16.676149,
    "k": "d"
  },
  {
    "t": 16.827096,
    "k": "d"
  },
  {
    "t": 16.939468,
    "k": "a"
  },
  {
    "t": 17.119215,
    "k": "a"
  },
  {
    "t": 17.314825,
    "k": "d"
  },
  {
    "t": 17.465894,
    "k": "d"
  },
  {
    "t": 17.568581,
    "k": "a"
  },
  {
    "t": 17.839589,
    "k": "d"
  },
  {
    "t": 18.076229,
    "k": "d"
  },
  {
    "t": 18.266428,
    "k": "a"
  },
  {
    "t": 18.458199,
    "k": "d"
  },
  {
    "t": 18.713453,
    "k": "a"
  },
  {
    "t": 18.745726,
    "k": "d"
  },
  {
    "t": 19.096897,
    "k": "d"
  },
  {
    "t": 19.151486,
    "k": "a"
  },
  {
    "t": 19.346868,
    "k": "d"
  },
  {
    "t": 19.375644,
    "k": "a"
  },
  {
    "t": 19.503924,
    "k": "d"
  },
  {
    "t": 19.517197,
    "k": "a"
  },
  {
    "t": 19.665363,
    "k": "d"
  },
  {
    "t": 19.679983,
    "k": "a"
  },
  {
    "t": 19.817842,
    "k": "d"
  },
  {
    "t": 19.83305,
    "k": "a"
  },
  {
    "t": 19.994039,
    "k": "d"
  },
  {
    "t": 20.009775,
    "k": "a"
  },
  {
    "t": 20.176353,
    "k": "d"
  },
  {
    "t": 20.185238,
    "k": "a"
  },
  {
    "t": 20.344075,
    "k": "d"
  },
  {
    "t": 20.353958,
    "k": "a"
  },
  {
    "t": 20.525572,
    "k": "a"
  },
  {
    "t": 20.531989,
    "k": "d"
  },
  {
    "t": 20.690092,
    "k": "d"
  },
  {
    "t": 20.707142,
    "k": "a"
  },
  {
    "t": 20.850911,
    "k": "d"
  },
  {
    "t": 20.892725,
    "k": "a"
  },
  {
    "t": 21.04178,
    "k": "a"
  },
  {
    "t": 21.051914,
    "k": "d"
  },
  {
    "t": 21.231319,
    "k": "d"
  },
  {
    "t": 21.241991,
    "k": "a"
  },
  {
    "t": 21.419219,
    "k": "d"
  },
  {
    "t": 21.423821,
    "k": "a"
  },
  {
    "t": 21.601658,
    "k": "d"
  },
  {
    "t": 21.609229,
    "k": "a"
  },
  {
    "t": 21.786258,
    "k": "d"
  },
  {
    "t": 21.800225,
    "k": "a"
  },
  {
    "t": 22.083073,
    "k": "d"
  },
  {
    "t": 22.11488,
    "k": "a"
  },
  {
    "t": 22.246918,
    "k": "a"
  },
  {
    "t": 22.255944,
    "k": "d"
  },
  {
    "t": 22.397033,
    "k": "a"
  },
  {
    "t": 22.428141,
    "k": "d"
  },
  {
    "t": 22.560937,
    "k": "a"
  },
  {
    "t": 22.586862,
    "k": "d"
  },
  {
    "t": 22.715586,
    "k": "a"
  },
  {
    "t": 22.753208,
    "k": "d"
  },
  {
    "t": 22.891279,
    "k": "a"
  },
  {
    "t": 22.928938,
    "k": "d"
  },
  {
    "t": 23.065944,
    "k": "a"
  },
  {
    "t": 23.082631,
    "k": "d"
  },
  {
    "t": 23.234126,
    "k": "a"
  },
  {
    "t": 23.255909,
    "k": "d"
  },
  {
    "t": 23.586615,
    "k": "s"
  },
  {
    "t": 23.923571,
    "k": "s"
  },
  {
    "t": 24.409685,
    "k": "d"
  },
  {
    "t": 24.622514,
    "k": "w"
  },
  {
    "t": 25.120702,
    "k": "d"
  },
  {
    "t": 25.152923,
    "k": "a"
  },
  {
    "t": 25.518315,
    "k": "s"
  },
  {
    "t": 25.628438,
    "k": "w"
  },
  {
    "t": 25.823339,
    "k": "d"
  },
  {
    "t": 26.017278,
    "k": "a"
  },
  {
    "t": 26.212636,
    "k": "s"
  },
  {
    "t": 26.398015,
    "k": "a"
  },
  {
    "t": 26.527099,
    "k": "d"
  },
  {
    "t": 26.723478,
    "k": "a"
  },
  {
    "t": 26.909057,
    "k": "s"
  },
  {
    "t": 27.121521,
    "k": "w"
  },
  {
    "t": 27.297391,
    "k": "d"
  },
  {
    "t": 27.487863,
    "k": "a"
  },
  {
    "t": 27.666469,
    "k": "s"
  },
  {
    "t": 27.866218,
    "k": "w"
  },
  {
    "t": 28.027985,
    "k": "d"
  },
  {
    "t": 28.25712,
    "k": "a"
  },
  {
    "t": 28.403368,
    "k": "d"
  },
  {
    "t": 28.576982,
    "k": "a"
  },
  {
    "t": 28.584721,
    "k": "d"
  },
  {
    "t": 28.832186,
    "k": "d"
  },
  {
    "t": 29.037361,
    "k": "w"
  },
  {
    "t": 29.202814,
    "k": "s"
  },
  {
    "t": 29.404955,
    "k": "a"
  },
  {
    "t": 29.548702,
    "k": "d"
  },
  {
    "t": 29.722038,
    "k": "w"
  },
  {
    "t": 29.858276,
    "k": "s"
  },
  {
    "t": 30.03988,
    "k": "a"
  },
  {
    "t": 30.169105,
    "k": "d"
  },
  {
    "t": 30.326722,
    "k": "s"
  },
  {
    "t": 30.389728,
    "k": "w"
  },
  {
    "t": 30.700585,
    "k": "a"
  },
  {
    "t": 30.831146,
    "k": "d"
  },
  {
    "t": 31.065708,
    "k": "w"
  },
  {
    "t": 31.225624,
    "k": "s"
  },
  {
    "t": 31.408625,
    "k": "a"
  },
  {
    "t": 31.616788,
    "k": "d"
  },
  {
    "t": 31.809933,
    "k": "w"
  },
  {
    "t": 32.164896,
    "k": "s"
  },
  {
    "t": 32.315791,
    "k": "a"
  },
  {
    "t": 32.527667,
    "k": "d"
  },
  {
    "t": 32.681107,
    "k": "w"
  },
  {
    "t": 32.864945,
    "k": "s"
  },
  {
    "t": 33.045886,
    "k": "a"
  },
  {
    "t": 33.23758,
    "k": "d"
  },
  {
    "t": 33.395138,
    "k": "w"
  },
  {
    "t": 33.563998,
    "k": "s"
  },
  {
    "t": 33.760487,
    "k": "a"
  },
  {
    "t": 33.947171,
    "k": "d"
  },
  {
    "t": 34.153532,
    "k": "w"
  },
  {
    "t": 34.329967,
    "k": "s"
  },
  {
    "t": 34.538071,
    "k": "a"
  },
  {
    "t": 34.665564,
    "k": "d"
  },
  {
    "t": 34.917967,
    "k": "a"
  },
  {
    "t": 34.927025,
    "k": "d"
  },
  {
    "t": 35.22915,
    "k": "s"
  },
  {
    "t": 35.421971,
    "k": "w"
  },
  {
    "t": 35.616528,
    "k": "d"
  },
  {
    "t": 35.824383,
    "k": "a"
  },
  {
    "t": 36.014993,
    "k": "s"
  },
  {
    "t": 36.186554,
    "k": "w"
  },
  {
    "t": 36.372582,
    "k": "d"
  },
  {
    "t": 36.542592,
    "k": "a"
  },
  {
    "t": 36.718068,
    "k": "s"
  },
  {
    "t": 36.898115,
    "k": "w"
  },
  {
    "t": 37.050602,
    "k": "d"
  },
  {
    "t": 37.216489,
    "k": "a"
  },
  {
    "t": 37.356087,
    "k": "s"
  },
  {
    "t": 37.532013,
    "k": "w"
  },
  {
    "t": 37.714119,
    "k": "d"
  },
  {
    "t": 37.920051,
    "k": "s"
  },
  {
    "t": 38.065098,
    "k": "a"
  },
  {
    "t": 38.324514,
    "k": "s"
  },
  {
    "t": 38.416644,
    "k": "w"
  },
  {
    "t": 38.781118,
    "k": "d"
  },
  {
    "t": 38.799935,
    "k": "a"
  },
  {
    "t": 39.058606,
    "k": "s"
  },
  {
    "t": 39.249005,
    "k": "w"
  },
  {
    "t": 39.456778,
    "k": "d"
  },
  {
    "t": 39.7184,
    "k": "s"
  },
  {
    "t": 39.891588,
    "k": "a"
  },
  {
    "t": 40.22592,
    "k": "w"
  },
  {
    "t": 40.592337,
    "k": "s"
  },
  {
    "t": 40.979029,
    "k": "d"
  },
  {
    "t": 40.98712,
    "k": "a"
  },
  {
    "t": 41.321855,
    "k": "s"
  },
  {
    "t": 41.651991,
    "k": "w"
  },
  {
    "t": 42.103475,
    "k": "d"
  },
  {
    "t": 42.561177,
    "k": "a"
  },
  {
    "t": 42.914774,
    "k": "s"
  },
  {
    "t": 43.250591,
    "k": "w"
  },
  {
    "t": 43.510262,
    "k": "d"
  },
  {
    "t": 43.986433,
    "k": "a"
  },
  {
    "t": 44.272187,
    "k": "s"
  },
  {
    "t": 44.650079,
    "k": "d"
  },
  {
    "t": 44.658901,
    "k": "a"
  },
  {
    "t": 45.055114,
    "k": "s"
  },
  {
    "t": 45.220677,
    "k": "w"
  },
  {
    "t": 45.530388,
    "k": "d"
  },
  {
    "t": 45.728422,
    "k": "a"
  },
  {
    "t": 45.978099,
    "k": "s"
  },
  {
    "t": 46.13069,
    "k": "w"
  },
  {
    "t": 46.264787,
    "k": "d"
  },
  {
    "t": 46.501799,
    "k": "a"
  },
  {
    "t": 46.83258,
    "k": "s"
  },
  {
    "t": 47.140987,
    "k": "a"
  },
  {
    "t": 47.488668,
    "k": "d"
  },
  {
    "t": 47.900089,
    "k": "a"
  },
  {
    "t": 48.336778,
    "k": "s"
  },
  {
    "t": 48.768726,
    "k": "d"
  },
  {
    "t": 49.169871,
    "k": "d"
  },
  {
    "t": 49.516783,
    "k": "s"
  },
  {
    "t": 49.907937,
    "k": "d"
  },
  {
    "t": 50.292118,
    "k": "d"
  },
  {
    "t": 50.675117,
    "k": "d"
  },
  {
    "t": 51.068194,
    "k": "a"
  },
  {
    "t": 51.499574,
    "k": "s"
  },
  {
    "t": 51.684391,
    "k": "a"
  },
  {
    "t": 52.198983,
    "k": "a"
  },
  {
    "t": 52.670543,
    "k": "a"
  },
  {
    "t": 53.152563,
    "k": "d"
  },
  {
    "t": 53.419196,
    "k": "s"
  },
  {
    "t": 53.56137,
    "k": "d"
  },
  {
    "t": 53.776514,
    "k": "s"
  },
  {
    "t": 53.97855,
    "k": "w"
  },
  {
    "t": 54.139319,
    "k": "d"
  },
  {
    "t": 54.488519,
    "k": "d"
  },
  {
    "t": 54.81809,
    "k": "s"
  },
  {
    "t": 55.399173,
    "k": "d"
  },
  {
    "t": 55.976158,
    "k": "d"
  },
  {
    "t": 56.65556,
    "k": "a"
  },
  {
    "t": 57.120223,
    "k": "s"
  },
  {
    "t": 57.552365,
    "k": "a"
  },
  {
    "t": 57.853008,
    "k": "s"
  },
  {
    "t": 58.209746,
    "k": "d"
  },
  {
    "t": 58.666104,
    "k": "s"
  },
  {
    "t": 59.072225,
    "k": "d"
  },
  {
    "t": 59.492089,
    "k": "s"
  },
  {
    "t": 59.874054,
    "k": "d"
  },
  {
    "t": 60.320657,
    "k": "d"
  },
  {
    "t": 60.445044,
    "k": "a"
  },
  {
    "t": 60.848718,
    "k": "s"
  },
  {
    "t": 61.027577,
    "k": "d"
  },
  {
    "t": 61.455483,
    "k": "s"
  },
  {
    "t": 61.876048,
    "k": "s"
  },
  {
    "t": 62.126908,
    "k": "d"
  },
  {
    "t": 62.142927,
    "k": "a"
  },
  {
    "t": 62.585131,
    "k": "d"
  },
  {
    "t": 62.998664,
    "k": "d"
  },
  {
    "t": 63.488148,
    "k": "d"
  },
  {
    "t": 63.898705,
    "k": "s"
  },
  {
    "t": 64.296949,
    "k": "d"
  },
  {
    "t": 64.486304,
    "k": "w"
  },
  {
    "t": 64.987295,
    "k": "d"
  },
  {
    "t": 65.523367,
    "k": "d"
  },
  {
    "t": 66.400019,
    "k": "s"
  },
  {
    "t": 66.847168,
    "k": "d"
  },
  {
    "t": 67.291194,
    "k": "w"
  },
  {
    "t": 67.743491,
    "k": "d"
  },
  {
    "t": 68.218782,
    "k": "s"
  },
  {
    "t": 68.76685,
    "k": "a"
  },
  {
    "t": 69.165577,
    "k": "d"
  },
  {
    "t": 69.570536,
    "k": "a"
  },
  {
    "t": 69.871892,
    "k": "d"
  },
  {
    "t": 70.268385,
    "k": "s"
  },
  {
    "t": 70.542533,
    "k": "d"
  },
  {
    "t": 70.746142,
    "k": "s"
  },
  {
    "t": 71.15186,
    "k": "d"
  },
  {
    "t": 71.602423,
    "k": "a"
  },
  {
    "t": 71.921652,
    "k": "s"
  },
  {
    "t": 73.111537,
    "k": "s"
  },
  {
    "t": 73.282389,
    "k": "d"
  },
  {
    "t": 73.77031,
    "k": "s"
  },
  {
    "t": 73.887143,
    "k": "d"
  },
  {
    "t": 74.298936,
    "k": "s"
  },
  {
    "t": 74.703089,
    "k": "s"
  },
  {
    "t": 74.947227,
    "k": "a"
  },
  {
    "t": 76.784697,
    "k": "a"
  },
  {
    "t": 77.101918,
    "k": "s"
  },
  {
    "t": 77.355169,
    "k": "d"
  },
  {
    "t": 77.903137,
    "k": "s"
  },
  {
    "t": 78.046226,
    "k": "d"
  },
  {
    "t": 78.304282,
    "k": "s"
  },
  {
    "t": 78.489241,
    "k": "d"
  },
  {
    "t": 78.698577,
    "k": "a"
  },
  {
    "t": 78.890473,
    "k": "s"
  },
  {
    "t": 79.056762,
    "k": "a"
  },
  {
    "t": 79.225715,
    "k": "d"
  },
  {
    "t": 79.409612,
    "k": "a"
  },
  {
    "t": 79.668232,
    "k": "d"
  },
  {
    "t": 79.842117,
    "k": "a"
  },
  {
    "t": 80.020529,
    "k": "s"
  },
  {
    "t": 80.236841,
    "k": "a"
  },
  {
    "t": 80.410949,
    "k": "d"
  },
  {
    "t": 80.619699,
    "k": "a"
  },
  {
    "t": 80.782383,
    "k": "s"
  },
  {
    "t": 80.921466,
    "k": "a"
  },
  {
    "t": 81.109573,
    "k": "d"
  },
  {
    "t": 81.263029,
    "k": "w"
  },
  {
    "t": 81.502451,
    "k": "s"
  },
  {
    "t": 81.691412,
    "k": "a"
  },
  {
    "t": 81.848067,
    "k": "d"
  },
  {
    "t": 82.037592,
    "k": "a"
  },
  {
    "t": 82.145346,
    "k": "s"
  },
  {
    "t": 82.304704,
    "k": "w"
  },
  {
    "t": 82.475697,
    "k": "d"
  },
  {
    "t": 82.659153,
    "k": "a"
  },
  {
    "t": 82.800545,
    "k": "s"
  },
  {
    "t": 83.089403,
    "k": "w"
  },
  {
    "t": 83.228051,
    "k": "d"
  },
  {
    "t": 83.424837,
    "k": "a"
  },
  {
    "t": 83.561096,
    "k": "s"
  },
  {
    "t": 83.921327,
    "k": "d"
  },
  {
    "t": 83.983378,
    "k": "a"
  },
  {
    "t": 84.218992,
    "k": "s"
  },
  {
    "t": 84.451961,
    "k": "d"
  },
  {
    "t": 84.595342,
    "k": "a"
  },
  {
    "t": 84.772132,
    "k": "s"
  },
  {
    "t": 85.022636,
    "k": "a"
  },
  {
    "t": 85.136374,
    "k": "d"
  },
  {
    "t": 85.401139,
    "k": "a"
  },
  {
    "t": 85.536517,
    "k": "s"
  },
  {
    "t": 85.847339,
    "k": "d"
  },
  {
    "t": 86.000776,
    "k": "a"
  },
  {
    "t": 86.19237,
    "k": "s"
  },
  {
    "t": 86.400578,
    "k": "a"
  },
  {
    "t": 86.576572,
    "k": "d"
  },
  {
    "t": 86.782214,
    "k": "a"
  },
  {
    "t": 86.909659,
    "k": "s"
  },
  {
    "t": 87.155895,
    "k": "w"
  },
  {
    "t": 87.328809,
    "k": "d"
  },
  {
    "t": 87.531804,
    "k": "a"
  },
  {
    "t": 87.695932,
    "k": "s"
  },
  {
    "t": 87.905047,
    "k": "a"
  },
  {
    "t": 87.977737,
    "k": "d"
  },
  {
    "t": 88.244109,
    "k": "a"
  },
  {
    "t": 88.372128,
    "k": "s"
  },
  {
    "t": 88.618856,
    "k": "d"
  },
  {
    "t": 88.746605,
    "k": "w"
  },
  {
    "t": 88.954792,
    "k": "s"
  },
  {
    "t": 89.130707,
    "k": "a"
  },
  {
    "t": 89.30624,
    "k": "d"
  },
  {
    "t": 89.49512,
    "k": "a"
  },
  {
    "t": 89.6392,
    "k": "s"
  },
  {
    "t": 89.894461,
    "k": "d"
  },
  {
    "t": 90.030811,
    "k": "a"
  },
  {
    "t": 90.211863,
    "k": "s"
  },
  {
    "t": 90.489216,
    "k": "d"
  },
  {
    "t": 90.664035,
    "k": "a"
  },
  {
    "t": 90.864915,
    "k": "s"
  },
  {
    "t": 91.09002,
    "k": "d"
  },
  {
    "t": 91.259115,
    "k": "a"
  },
  {
    "t": 91.45035,
    "k": "s"
  },
  {
    "t": 91.641702,
    "k": "d"
  },
  {
    "t": 91.817713,
    "k": "a"
  },
  {
    "t": 91.950758,
    "k": "s"
  },
  {
    "t": 92.135431,
    "k": "w"
  },
  {
    "t": 92.278322,
    "k": "d"
  },
  {
    "t": 92.510904,
    "k": "a"
  },
  {
    "t": 92.660337,
    "k": "s"
  },
  {
    "t": 92.988584,
    "k": "d"
  },
  {
    "t": 93.138936,
    "k": "w"
  },
  {
    "t": 93.339957,
    "k": "s"
  },
  {
    "t": 93.555749,
    "k": "a"
  },
  {
    "t": 93.722126,
    "k": "d"
  },
  {
    "t": 93.925569,
    "k": "w"
  },
  {
    "t": 94.097451,
    "k": "s"
  },
  {
    "t": 94.316185,
    "k": "a"
  },
  {
    "t": 94.451637,
    "k": "d"
  },
  {
    "t": 94.653502,
    "k": "w"
  },
  {
    "t": 94.817687,
    "k": "s"
  },
  {
    "t": 95.090121,
    "k": "d"
  },
  {
    "t": 95.21682,
    "k": "a"
  },
  {
    "t": 95.425807,
    "k": "s"
  },
  {
    "t": 95.65359,
    "k": "w"
  },
  {
    "t": 95.765098,
    "k": "d"
  },
  {
    "t": 96.050274,
    "k": "s"
  },
  {
    "t": 96.226372,
    "k": "a"
  },
  {
    "t": 96.416829,
    "k": "d"
  },
  {
    "t": 96.633298,
    "k": "w"
  },
  {
    "t": 96.798792,
    "k": "s"
  },
  {
    "t": 97.081794,
    "k": "d"
  },
  {
    "t": 97.206954,
    "k": "a"
  },
  {
    "t": 97.440881,
    "k": "s"
  },
  {
    "t": 97.638811,
    "k": "w"
  },
  {
    "t": 97.788394,
    "k": "d"
  },
  {
    "t": 98.012972,
    "k": "a"
  },
  {
    "t": 98.209177,
    "k": "s"
  },
  {
    "t": 98.480761,
    "k": "w"
  },
  {
    "t": 98.618206,
    "k": "d"
  },
  {
    "t": 98.97987,
    "k": "a"
  },
  {
    "t": 99.121891,
    "k": "s"
  },
  {
    "t": 99.378497,
    "k": "d"
  },
  {
    "t": 99.648626,
    "k": "a"
  },
  {
    "t": 99.796966,
    "k": "s"
  },
  {
    "t": 100.003677,
    "k": "w"
  },
  {
    "t": 100.147205,
    "k": "d"
  },
  {
    "t": 100.416615,
    "k": "s"
  },
  {
    "t": 100.57505,
    "k": "a"
  },
  {
    "t": 100.726358,
    "k": "d"
  },
  {
    "t": 100.964579,
    "k": "w"
  },
  {
    "t": 101.137968,
    "k": "s"
  },
  {
    "t": 101.354374,
    "k": "d"
  },
  {
    "t": 101.499313,
    "k": "a"
  },
  {
    "t": 101.680544,
    "k": "s"
  },
  {
    "t": 101.881129,
    "k": "d"
  },
  {
    "t": 102.119943,
    "k": "a"
  },
  {
    "t": 102.310678,
    "k": "s"
  },
  {
    "t": 102.551773,
    "k": "w"
  },
  {
    "t": 102.711995,
    "k": "d"
  },
  {
    "t": 102.932744,
    "k": "a"
  },
  {
    "t": 103.075338,
    "k": "s"
  },
  {
    "t": 103.29205,
    "k": "d"
  },
  {
    "t": 103.56874,
    "k": "w"
  },
  {
    "t": 103.776214,
    "k": "s"
  },
  {
    "t": 104.730307,
    "k": "d"
  },
  {
    "t": 105.184982,
    "k": "w"
  },
  {
    "t": 105.53378,
    "k": "s"
  },
  {
    "t": 106.256076,
    "k": "a"
  },
  {
    "t": 106.811604,
    "k": "d"
  },
  {
    "t": 107.792067,
    "k": "s"
  },
  {
    "t": 108.930974,
    "k": "w"
  },
  {
    "t": 109.414346,
    "k": "d"
  },
  {
    "t": 109.919738,
    "k": "a"
  },
  {
    "t": 111.633203,
    "k": "d"
  },
  {
    "t": 111.787418,
    "k": "w"
  },
  {
    "t": 112.176445,
    "k": "d"
  },
  {
    "t": 112.64378,
    "k": "w"
  },
  {
    "t": 113.144642,
    "k": "s"
  },
  {
    "t": 115.233446,
    "k": "d"
  },
  {
    "t": 115.239905,
    "k": "a"
  },
  {
    "t": 115.62526,
    "k": "d"
  },
  {
    "t": 115.765643,
    "k": "w"
  },
  {
    "t": 115.908103,
    "k": "d"
  },
  {
    "t": 116.032703,
    "k": "s"
  },
  {
    "t": 116.225322,
    "k": "d"
  },
  {
    "t": 116.333268,
    "k": "a"
  },
  {
    "t": 116.707426,
    "k": "d"
  },
  {
    "t": 116.754143,
    "k": "a"
  },
  {
    "t": 116.956926,
    "k": "d"
  },
  {
    "t": 116.991089,
    "k": "a"
  },
  {
    "t": 117.218985,
    "k": "s"
  },
  {
    "t": 117.339,
    "k": "w"
  },
  {
    "t": 117.471523,
    "k": "d"
  },
  {
    "t": 117.594015,
    "k": "a"
  },
  {
    "t": 117.711725,
    "k": "s"
  },
  {
    "t": 117.915581,
    "k": "a"
  },
  {
    "t": 117.919914,
    "k": "d"
  },
  {
    "t": 118.076358,
    "k": "d"
  },
  {
    "t": 118.09706,
    "k": "a"
  },
  {
    "t": 118.367174,
    "k": "s"
  },
  {
    "t": 118.515299,
    "k": "w"
  },
  {
    "t": 118.693568,
    "k": "d"
  },
  {
    "t": 118.849704,
    "k": "a"
  },
  {
    "t": 118.944806,
    "k": "s"
  },
  {
    "t": 119.140127,
    "k": "d"
  },
  {
    "t": 119.150437,
    "k": "a"
  },
  {
    "t": 119.361636,
    "k": "a"
  },
  {
    "t": 119.398478,
    "k": "d"
  },
  {
    "t": 119.614666,
    "k": "s"
  },
  {
    "t": 119.702245,
    "k": "w"
  },
  {
    "t": 120.048304,
    "k": "d"
  },
  {
    "t": 120.212136,
    "k": "a"
  },
  {
    "t": 120.336955,
    "k": "s"
  },
  {
    "t": 120.434657,
    "k": "w"
  },
  {
    "t": 120.635219,
    "k": "d"
  },
  {
    "t": 120.87622,
    "k": "a"
  },
  {
    "t": 120.93052,
    "k": "s"
  },
  {
    "t": 121.245128,
    "k": "d"
  },
  {
    "t": 121.265003,
    "k": "a"
  },
  {
    "t": 121.404611,
    "k": "d"
  },
  {
    "t": 121.436165,
    "k": "a"
  },
  {
    "t": 121.633071,
    "k": "s"
  },
  {
    "t": 121.785588,
    "k": "w"
  },
  {
    "t": 121.947712,
    "k": "d"
  },
  {
    "t": 122.04193,
    "k": "a"
  },
  {
    "t": 122.279648,
    "k": "s"
  },
  {
    "t": 122.479816,
    "k": "a"
  },
  {
    "t": 122.496283,
    "k": "d"
  },
  {
    "t": 122.684626,
    "k": "a"
  },
  {
    "t": 122.718294,
    "k": "d"
  },
  {
    "t": 122.908441,
    "k": "s"
  },
  {
    "t": 123.255664,
    "k": "w"
  },
  {
    "t": 123.383289,
    "k": "d"
  },
  {
    "t": 123.613736,
    "k": "s"
  },
  {
    "t": 123.632012,
    "k": "a"
  },
  {
    "t": 123.838103,
    "k": "d"
  },
  {
    "t": 123.938858,
    "k": "a"
  },
  {
    "t": 124.093115,
    "k": "s"
  },
  {
    "t": 124.210256,
    "k": "w"
  },
  {
    "t": 124.38631,
    "k": "d"
  },
  {
    "t": 124.468372,
    "k": "a"
  },
  {
    "t": 124.752262,
    "k": "s"
  },
  {
    "t": 124.857656,
    "k": "w"
  },
  {
    "t": 125.080115,
    "k": "d"
  },
  {
    "t": 125.232302,
    "k": "a"
  },
  {
    "t": 125.312263,
    "k": "s"
  },
  {
    "t": 125.499371,
    "k": "d"
  },
  {
    "t": 125.532171,
    "k": "a"
  },
  {
    "t": 125.677491,
    "k": "a"
  },
  {
    "t": 125.725036,
    "k": "d"
  },
  {
    "t": 125.882376,
    "k": "s"
  },
  {
    "t": 125.978283,
    "k": "w"
  },
  {
    "t": 126.305727,
    "k": "d"
  },
  {
    "t": 126.572091,
    "k": "a"
  },
  {
    "t": 126.704597,
    "k": "s"
  },
  {
    "t": 126.881957,
    "k": "w"
  },
  {
    "t": 126.972079,
    "k": "d"
  },
  {
    "t": 127.14839,
    "k": "a"
  },
  {
    "t": 127.19661,
    "k": "s"
  },
  {
    "t": 127.441665,
    "k": "d"
  },
  {
    "t": 127.451784,
    "k": "a"
  },
  {
    "t": 127.585599,
    "k": "a"
  },
  {
    "t": 127.632419,
    "k": "d"
  },
  {
    "t": 127.811809,
    "k": "s"
  },
  {
    "t": 127.929539,
    "k": "w"
  },
  {
    "t": 128.106007,
    "k": "d"
  },
  {
    "t": 128.362551,
    "k": "s"
  },
  {
    "t": 128.368509,
    "k": "a"
  },
  {
    "t": 128.603246,
    "k": "d"
  },
  {
    "t": 128.720464,
    "k": "w"
  },
  {
    "t": 128.826303,
    "k": "s"
  },
  {
    "t": 129.050891,
    "k": "a"
  },
  {
    "t": 129.123078,
    "k": "d"
  },
  {
    "t": 129.466883,
    "k": "d"
  },
  {
    "t": 129.487698,
    "k": "a"
  },
  {
    "t": 129.715966,
    "k": "s"
  },
  {
    "t": 129.795059,
    "k": "w"
  },
  {
    "t": 129.945372,
    "k": "d"
  },
  {
    "t": 130.082083,
    "k": "a"
  },
  {
    "t": 130.159925,
    "k": "s"
  },
  {
    "t": 130.323965,
    "k": "w"
  },
  {
    "t": 130.496523,
    "k": "d"
  },
  {
    "t": 130.663084,
    "k": "s"
  },
  {
    "t": 130.990364,
    "k": "a"
  },
  {
    "t": 131.197683,
    "k": "d"
  },
  {
    "t": 131.233927,
    "k": "a"
  },
  {
    "t": 131.410925,
    "k": "d"
  },
  {
    "t": 131.420426,
    "k": "a"
  },
  {
    "t": 131.616335,
    "k": "s"
  },
  {
    "t": 131.690465,
    "k": "w"
  },
  {
    "t": 131.836364,
    "k": "d"
  },
  {
    "t": 131.933621,
    "k": "a"
  },
  {
    "t": 132.048862,
    "k": "d"
  },
  {
    "t": 132.210644,
    "k": "a"
  },
  {
    "t": 132.221453,
    "k": "d"
  },
  {
    "t": 132.70197,
    "k": "s"
  },
  {
    "t": 132.944247,
    "k": "w"
  },
  {
    "t": 133.114625,
    "k": "d"
  },
  {
    "t": 133.294998,
    "k": "a"
  },
  {
    "t": 133.411164,
    "k": "s"
  },
  {
    "t": 133.603303,
    "k": "w"
  },
  {
    "t": 133.663889,
    "k": "d"
  },
  {
    "t": 133.923073,
    "k": "a"
  },
  {
    "t": 134.002664,
    "k": "d"
  },
  {
    "t": 134.081998,
    "k": "a"
  },
  {
    "t": 134.119178,
    "k": "d"
  },
  {
    "t": 134.419915,
    "k": "s"
  },
  {
    "t": 134.545193,
    "k": "w"
  },
  {
    "t": 134.704347,
    "k": "d"
  },
  {
    "t": 134.832303,
    "k": "a"
  },
  {
    "t": 134.954152,
    "k": "d"
  },
  {
    "t": 135.072107,
    "k": "a"
  },
  {
    "t": 135.13039,
    "k": "d"
  },
  {
    "t": 135.288302,
    "k": "s"
  },
  {
    "t": 135.415131,
    "k": "w"
  },
  {
    "t": 135.584884,
    "k": "d"
  },
  {
    "t": 135.702551,
    "k": "a"
  },
  {
    "t": 135.985562,
    "k": "d"
  },
  {
    "t": 136.018281,
    "k": "a"
  },
  {
    "t": 136.157999,
    "k": "a"
  },
  {
    "t": 136.166385,
    "k": "d"
  },
  {
    "t": 136.381999,
    "k": "s"
  },
  {
    "t": 136.442173,
    "k": "w"
  },
  {
    "t": 136.619012,
    "k": "d"
  },
  {
    "t": 136.720784,
    "k": "a"
  },
  {
    "t": 136.944083,
    "k": "d"
  },
  {
    "t": 136.992106,
    "k": "a"
  },
  {
    "t": 137.114917,
    "k": "d"
  },
  {
    "t": 137.12,
    "k": "a"
  },
  {
    "t": 137.296545,
    "k": "s"
  },
  {
    "t": 137.393687,
    "k": "w"
  },
  {
    "t": 137.68125,
    "k": "d"
  },
  {
    "t": 137.947168,
    "k": "s"
  },
  {
    "t": 138.127825,
    "k": "w"
  },
  {
    "t": 138.243155,
    "k": "a"
  },
  {
    "t": 138.355727,
    "k": "s"
  },
  {
    "t": 138.578884,
    "k": "a"
  },
  {
    "t": 138.669926,
    "k": "d"
  },
  {
    "t": 139.127682,
    "k": "a"
  },
  {
    "t": 139.138686,
    "k": "d"
  },
  {
    "t": 139.300817,
    "k": "a"
  },
  {
    "t": 139.360117,
    "k": "d"
  },
  {
    "t": 139.542763,
    "k": "s"
  },
  {
    "t": 139.64468,
    "k": "w"
  },
  {
    "t": 139.805219,
    "k": "d"
  },
  {
    "t": 139.904503,
    "k": "a"
  },
  {
    "t": 140.130357,
    "k": "s"
  },
  {
    "t": 140.273668,
    "k": "w"
  },
  {
    "t": 140.468576,
    "k": "d"
  },
  {
    "t": 140.522611,
    "k": "a"
  },
  {
    "t": 140.687941,
    "k": "s"
  }
]