[
  {
    "t": 0.608373,
    "k": "w"
  },
  {
    "t": 1.835506,
    "k": "s"
  },
  {
    "t": 3.321601,
    "k": "s"
  },
  {
    "t": 4.832495,
    "k": "s"
  },
  {
    "t": 6.347087,
    "k": "s"
  },
  {
    "t": 7.816699,
    "k": "s"
  },
  {
    "t": 9.438613,
    "k": "s"
  },
  {
    "t": 11.255166,
    "k": "s"
  },
  {
    "t": 11.843295,
    "k": "a"
  },
  {
    "t": 12.034103,
    "k": "s"
  },
  {
    "t": 12.44624,
    "k": "s"
  },
  {
    "t": 12.839958,
    "k": "d"
  },
  {
    "t": 13.306109,
    "k": "s"
  },
  {
    "t": 13.644913,
    "k": "d"
  },
  {
    "t": 14.460548,
    "k": "s"
  },
  {
    "t": 15.06838,
    "k": "a"
  },
  {
    "t": 15.141434,
    "k": "s"
  },
  {
    "t": 15.866664,
    "k": "d"
  },
  {
    "t": 16.503641,
    "k": "s"
  },
  {
    "t": 16.542878,
    "k": "d"
  },
  {
    "t": 17.0957,
    "k": "s"
  },
  {
    "t": 17.398205,
    "k": "a"
  },
  {
    "t": 18.172549,
    "k": "s"
  },
  {
    "t": 18.734181,
    "k": "d"
  },
  {
    "t": 19.101702,
    "k": "s"
  },
  {
    "t": 20.004431,
    "k": "d"
  },
  {
    "t": 20.458697,
    "k": "s"
  },
  {
    "t": 20.892319,
    "k": "a"
  },
  {
    "t": 21.238928,
    "k": "s"
  },
  {
    "t": 21.624605,
    "k": "d"
  },
  {
    "t": 21.928555,
    "k": "s"
  },
  {
    "t": 22.332059,
    "k": "s"
  },
  {
    "t": 22.454717,
    "k": "a"
  },
  {
    "t": 23.018339,
    "k": "d"
  },
  {
    "t": 23.211176,
    "k": "a"
  },
  {
    "t": 23.618536,
    "k": "s"
  },
  {
    "t": 24.063302,
    "k": "s"
  },
  {
    "t": 24.699838,
    "k": "a"
  },
  {
    "t": 24.73272,
    "k": "d"
  },
  {
    "t": 24.876737,
    "k": "s"
  },
  {
    "t": 25.206333,
    "k": "d"
  },
  {
    "t": 25.563031,
    "k": "s"
  },
  {
    "t": 25.959957,
    "k": "d"
  },
  {
    "t": 26.355057,
    "k": "s"
  },
  {
    "t": 26.690652,
    "k": "d"
  },
  {
    "t": 27.116365,
    "k": "a"
  },
  {
    "t": 27.546576,
    "k": "s"
  },
  {
    "t": 27.966783,
    "k": "a"
  },
  {
    "t": 28.338602,
    "k": "s"
  },
  {
    "t": 28.720112,
    "k": "a"
  },
  {
    "t": 28.730524,
    "k": "d"
  },
  {
    "t": 29.17824,
    "k": "s"
  },
  {
    "t": 29.543634,
    "k": "d"
  },
  {
    "t": 29.933098,
    "k": "s"
  },
  {
    "t": 30.310471,
    "k": "d"
  },
  {
    "t": 30.704595,
    "k": "s"
  },
  {
    "t": 31.0835,
    "k": "d"
  },
  {
    "t": 31.467518,
    "k": "s"
  },
  {
    "t": 31.922253,
    "k": "d"
  },
  {
    "t": 31.932061,
    "k": "a"
  },
  {
    "t": 32.299548,
    "k": "s"
  },
  {
    "t": 32.696654,
    "k": "a"
  },
  {
    "t": 33.132089,
    "k": "s"
  },
  {
    "t": 33.564139,
    "k": "a"
  },
  {
    "t": 33.974181,
    "k": "s"
  },
  {
    "t": 34.346304,
    "k": "a"
  },
  {
    "t": 34.761535,
    "k": "s"
  },
  {
    "t": 35.132975,
    "k": "a"
  },
  {
    "t": 35.143536,
    "k": "d"
  },
  {
    "t": 35.545498,
    "k": "s"
  },
  {
    "t": 35.938515,
    "k": "d"
  },
  {
    "t": 36.30261,
    "k": "s"
  },
  {
    "t": 36.723667,
    "k": "d"
  },
  {
    "t": 37.102733,
    "k": "s"
  },
  {
    "t": 37.485773,
    "k": "d"
  },
  {
    "t": 37.8839,
    "k": "s"
  },
  {
    "t": 38.270988,
    "k": "a"
  },
  {
    "t": 38.304515,
    "k": "d"
  },
  {
    "t": 38.661874,
    "k": "s"
  },
  {
    "t": 39.097887,
    "k": "w"
  },
  {
    "t": 39.484062,
    "k": "d"
  },
  {
    "t": 39.51553,
    "k": "a"
  },
  {
    "t": 39.913833,
    "k": "s"
  },
  {
    "t": 40.287341,
    "k": "d"
  },
  {
    "t": 40.685526,
    "k": "s"
  },
  {
    "t": 41.157721,
    "k": "a"
  },
  {
    "t": 41.588166,
    "k": "s"
  },
  {
    "t": 42.01825,
    "k": "a"
  },
  {
    "t": 42.377145,
    "k": "s"
  },
  {
    "t": 42.788789,
    "k": "a"
  },
  {
    "t": 43.116089,
    "k": "s"
  },
  {
    "t": 43.513011,
    "k": "a"
  },
  {
    "t": 43.942255,
    "k": "s"
  },
  {
    "t": 44.325668,
    "k": "a"
  },
  {
    "t": 44.706123,
    "k": "d"
  },
  {
    "t": 44.715841,
    "k": "a"
  },
  {
    "t": 45.115105,
    "k": "s"
  },
  {
    "t": 45.541377,
    "k": "d"
  },
  {
    "t": 45.93317,
    "k": "s"
  },
  {
    "t": 46.330233,
    "k": "d"
  },
  {
    "t": 46.767346,
    "k": "s"
  },
  {
    "t": 47.134478,
    "k": "d"
  },
  {
    "t": 47.515224,
    "k": "s"
  },
  {
    "t": 47.909658,
    "k": "a"
  },
  {
    "t": 47.915236,
    "k": "d"
  },
  {
    "t": 48.326711,
    "k": "s"
  },
  {
    "t": 48.709764,
    "k": "a"
  },
  {
    "t": 49.15123,
    "k": "s"
  },
  {
    "t": 49.563331,
    "k": "a"
  },
  {
    "t": 49.966517,
    "k": "s"
  },
  {
    "t": 50.373764,
    "k": "a"
  },
  {
    "t": 50.803838,
    "k": "s"
  },
  {
    "t": 51.232901,
    "k": "w"
  },
  {
    "t": 51.553806,
    "k": "a"
  },
  {
    "t": 51.568793,
    "k": "d"
  },
  {
    "t": 51.84974,
    "k": "s"
  },
  {
    "t": 52.278527,
    "k": "d"
  },
  {
    "t": 52.715674,
    "k": "s"
  },
  {
    "t": 53.114176,
    "k": "d"
  },
  {
    "t": 53.492229,
    "k": "s"
  },
  {
    "t": 53.903223,
    "k": "d"
  },
  {
    "t": 54.304222,
    "k": "d"
  },
  {
    "t": 54.315067,
    "k": "a"
  },
  {
    "t": 54.725953,
    "k": "s"
  },
  {
    "t": 55.138527,
    "k": "a"
  },
  {
    "t": 55.535787,
    "k": "s"
  },
  {
    "t": 55.975605,
    "k": "a"
  },
  {
    "t": 56.363573,
    "k": "s"
  },
  {
    "t": 56.746359,
    "k": "a"
  },
  {
    "t": 57.140457,
    "k": "s"
  },
  {
    "t": 57.547125,
    "k": "d"
  },
  {
    "t": 57.568077,
    "k": "a"
  },
  {
    "t": 57.975029,
    "k": "s"
  },
  {
    "t": 58.355865,
    "k": "d"
  },
  {
    "t": 58.738187,
    "k": "s"
  },
  {
    "t": 59.144254,
    "k": "d"
  },
  {
    "t": 59.557827,
    "k": "s"
  },
  {
    "t": 59.908686,
    "k": "d"
  },
  {
    "t": 60.301305,
    "k": "s"
  },
  {
    "t": 60.721287,
    "k": "a"
  },
  {
    "t": 60.730644,
    "k": "d"
  },
  {
    "t": 61.117706,
    "k": "s"
  },
  {
    "t": 61.512443,
    "k": "a"
  },
  {
    "t": 61.942276,
    "k": "s"
  },
  {
    "t": 62.363144,
    "k": "a"
  },
  {
    "t": 62.766138,
    "k": "s"
  },
  {
    "t": 63.167089,
    "k": "a"
  },
  {
    "t": 63.596122,
    "k": "s"
  },
  {
    "t": 63.977234,
    "k": "w"
  },
  {
    "t": 64.315915,
    "k": "d"
  },
  {
    "t": 64.360386,
    "k": "a"
  },
  {
    "t": 64.69295,
    "k": "s"
  },
  {
    "t": 65.12321,
    "k": "d"
  },
  {
    "t": 65.530782,
    "k": "s"
  },
  {
    "t": 65.966049,
    "k": "d"
  },
  {
    "t": 66.373045,
    "k": "s"
  },
  {
    "t": 66.749769,
    "k": "d"
  },
  {
    "t": 67.135025,
    "k": "s"
  },
  {
    "t": 67.511993,
    "k": "d"
  },
  {
    "t": 67.94276,
    "k": "s"
  },
  {
    "t": 68.300446,
    "k": "d"
  },
  {
    "t": 68.714704,
    "k": "s"
  },
  {
    "t": 69.113693,
    "k": "d"
  },
  {
    "t": 69.49897,
    "k": "s"
  },
  {
    "t": 69.938439,
    "k": "d"
  },
  {
    "t": 70.344671,
    "k": "a"
  },
  {
    "t": 70.366353,
    "k": "d"
  },
  {
    "t": 70.780014,
    "k": "s"
  },
  {
    "t": 71.158911,
    "k": "a"
  },
  {
    "t": 71.557153,
    "k": "s"
  },
  {
    "t": 71.948784,
    "k": "a"
  },
  {
    "t": 72.329136,
    "k": "s"
  },
  {
    "t": 72.743628,
    "k": "a"
  },
  {
    "t": 73.188141,
    "k": "s"
  },
  {
    "t": 73.550163,
    "k": "a"
  },
  {
    "t": 73.964865,
    "k": "s"
  },
  {
    "t": 74.358009,
    "k": "a"
  },
  {
    "t": 74.733393,
    "k": "s"
  },
  {
    "t": 75.125977,
    "k": "a"
  },
  {
    "t": 75.525414,
    "k": "s"
  },
  {
    "t": 75.939987,
    "k": "a"
  },
  {
    "t": 76.313864,
    "k": "s"
  },
  {
    "t": 76.736805,
    "k": "a"
  },
  {
    "t": 76.768748,
    "k": "d"
  },
  {
    "t": 77.159053,
    "k": "s"
  },
  {
    "t": 77.518023,
    "k": "d"
  },
  {
    "t": 77.953712,
    "k": "s"
  },
  {
    "t": 78.370086,
    "k": "d"
  },
  {
    "t": 78.783937,
    "k": "s"
  },
  {
    "t": 79.16089,
    "k": "d"
  },
  {
    "t": 79.547201,
    "k": "s"
  },
  {
    "t": 79.964348,
    "k": "a"
  },
  {
    "t": 80.382255,
    "k": "s"
  },
  {
    "t": 80.74615,
    "k": "a"
  },
  {
    "t": 81.156919,
    "k": "s"
  },
  {
    "t": 81.533832,
    "k": "a"
  },
  {
    "t": 81.948716,
    "k": "s"
  },
  {
    "t": 82.345868,
    "k": "a"
  },
  {
    "t": 82.747182,
    "k": "s"
  },
  {
    "t": 83.147355,
    "k": "w"
  },
  {
    "t": 83.577417,
    "k": "s"
  },
  {
    "t": 83.994259,
    "k": "w"
  },
  {
    "t": 84.414463,
    "k": "s"
  },
  {
    "t": 84.774385,
    "k": "w"
  },
  {
    "t": 85.164835,
    "k": "s"
  },
  {
    "t": 85.561312,
    "k": "w"
  },
  {
    "t": 85.989921,
    "k": "s"
  },
  {
    "t": 86.342017,
    "k": "a"
  },
  {
    "t": 86.373407,
    "k": "d"
  },
  {
    "t": 86.770837,
    "k": "s"
  },
  {
    "t": 86.819285,
    "k": "w"
  },
  {
    "t": 87.167997,
    "k": "d"
  },
  {
    "t": 87.178024,
    "k": "a"
  },
  {
    "t": 87.584293,
    "k": "s"
  },
  {
    "t": 87.592949,
    "k": "w"
  },
  {
    "t": 87.943281,
    "k": "a"
  },
  {
    "t": 87.974822,
    "k": "d"
  },
  {
    "t": 88.366082,
    "k": "s"
  },
  {
    "t": 88.37253,
    "k": "w"
  },
  {
    "t": 88.745829,
    "k": "a"
  },
  {
    "t": 88.770143,
    "k": "d"
  },
  {
    "t": 89.184738,
    "k": "s"
  },
  {
    "t": 89.195157,
    "k": "w"
  },
  {
    "t": 89.544454,
    "k": "a"
  },
  {
    "t": 89.577278,
    "k": "d"
  },
  {
    "t": 89.965786,
    "k": "a"
  },
  {
    "t": 89.97914,
    "k": "d"
  },
  {
    "t": 90.346286,
    "k": "d"
  },
  {
    "t": 90.362466,
    "k": "a"
  },
  {
    "t": 90.74678,
    "k": "a"
  },
  {
    "t": 90.752584,
    "k": "d"
  },
  {
    "t": 91.175152,
    "k": "s"
  },
  {
    "t": 91.527713,
    "k": "d"
  },
  {
    "t": 91.911259,
    "k": "s"
  },
  {
    "t": 92.334581,
    "k": "d"
  },
  {
    "t": 92.718413,
    "k": "d"
  },
  {
    "t": 92.733979,
    "k": "a"
  },
  {
    "t": 93.12701,
    "k": "a"
  },
  {
    "t": 93.148537,
    "k": "d"
  },
  {
    "t": 93.531053,
    "k": "d"
  },
  {
    "t": 93.545498,
    "k": "a"
  },
  {
    "t": 93.93222,
    "k": "d"
  },
  {
    "t": 93.941643,
    "k": "a"
  },
  {
    "t": 94.348861,
    "k": "s"
  },
  {
    "t": 94.713896,
    "k": "a"
  },
  {
    "t": 95.141292,
    "k": "s"
  },
  {
    "t": 95.501965,
    "k": "a"
  },
  {
    "t": 95.919171,
    "k": "a"
  },
  {
    "t": 95.9215,
    "k": "d"
  },
  {
    "t": 96.303627,
    "k": "a"
  },
  {
    "t": 96.315279,
    "k": "d"
  },
  {
    "t": 96.696576,
    "k": "a"
  },
  {
    "t": 96.702177,
    "k": "d"
  },
  {
    "t": 97.141716,
    "k": "a"
  },
  {
    "t": 97.147014,
    "k": "d"
  },
  {
    "t": 97.540428,
    "k": "s"
  },
  {
    "t": 97.951606,
    "k": "d"
  },
  {
    "t": 98.362348,
    "k": "s"
  },
  {
    "t": 98.741771,
    "k": "d"
  },
  {
    "t": 99.138447,
    "k": "d"
  },
  {
    "t": 99.1474,
    "k": "a"
  },
  {
    "t": 99.557757,
    "k": "a"
  },
  {
    "t": 99.563445,
    "k": "d"
  },
  {
    "t": 99.956766,
    "k": "a"
  },
  {
    "t": 99.966399,
    "k": "d"
  },
  {
    "t": 100.348436,
    "k": "d"
  },
  {
    "t": 100.353327,
    "k": "a"
  },
  {
    "t": 100.763907,
    "k": "s"
  },
  {
    "t": 101.157302,
    "k": "a"
  },
  {
    "t": 101.574105,
    "k": "s"
  },
  {
    "t": 101.943211,
    "k": "a"
  },
  {
    "t": 102.332417,
    "k": "d"
  },
  {
    "t": 102.362679,
    "k": "a"
  },
  {
    "t": 102.751257,
    "k": "a"
  },
  {
    "t": 102.763295,
    "k": "d"
  },
  {
    "t": 103.16489,
    "k": "a"
  },
  {
    "t": 103.171159,
    "k": "d"
  },
  {
    "t": 103.545884,
    "k": "d"
  },
  {
    "t": 103.550568,
    "k": "a"
  },
  {
    "t": 103.931795,
    "k": "a"
  },
  {
    "t": 103.942961,
    "k": "d"
  },
  {
    "t": 104.30865,
    "k": "d"
  },
  {
    "t": 104.313936,
    "k": "a"
  },
  {
    "t": 104.698948,
    "k": "a"
  },
  {
    "t": 104.704801,
    "k": "d"
  },
  {
    "t": 105.09385,
    "k": "d"
  },
  {
    "t": 105.116846,
    "k": "a"
  },
  {
    "t": 105.532401,
    "k": "s"
  },
  {
    "t": 105.958665,
    "k": "w"
  },
  {
    "t": 106.342126,
    "k": "s"
  },
  {
    "t": 106.779463,
    "k": "w"
  },
  {
    "t": 107.171574,
    "k": "s"
  },
  {
    "t": 107.565883,
    "k": "w"
  },
  {
    "t": 107.993602,
    "k": "s"
  },
  {
    "t": 108.400904,
    "k": "w"
  },
  {
    "t": 108.665277,
    "k": "a"
  },
  {
    "t": 108.682813,
    "k": "d"
  },
  {
    "t": 109.147721,
    "k": "s"
  },
  {
    "t": 109.467917,
    "k": "d"
  },
  {
    "t": 109.885616,
    "k": "s"
  },
  {
    "t": 110.329187,
    "k": "a"
  },
  {
    "t": 110.728336,
    "k": "a"
  },
  {
    "t": 111.140848,
    "k": "a"
  },
  {
    "t": 111.579991,
    "k": "a"
  },
  {
    "t": 111.590512,
    "k": "d"
  },
  {
    "t": 111.996515,
    "k": "s"
  },
  {
    "t": 112.371865,
    "k": "d"
  },
  {
    "t": 112.766061,
    "k": "d"
  },
  {
    "t": 113.205466,
    "k": "d"
  },
  {
    "t": 113.587005,
    "k": "d"
  },
  {
    "t": 113.953835,
    "k": "d"
  },
  {
    "t": 114.397828,
    "k": "d"
  },
  {
    "t": 115.042131,
    "k": "d"
  },
  {
    "t": 115.313092,
    "k": "a"
  },
  {
    "t": 115.513743,
    "k": "s"
  },
  {
    "t": 115.719696,
    "k": "w"
  },
  {
    "t": 115.846965,
    "k": "d"
  },
  {
    "t": 115.95898,
    "k": "a"
  },
  {
    "t": 116.006125,
    "k": "s"
  },
  {
    "t": 116.2521,
    "k": "d"
  },
  {
    "t": 116.326258,
    "k": "a"
  },
  {
    "t": 116.715689,
    "k": "d"
  },
  {
    "t": 116.97211,
    "k": "a"
  },
  {
    "t": 117.156557,
    "k": "s"
  },
  {
    "t": 117.339587,
    "k": "a"
  },
  {
    "t": 117.353714,
    "k": "d"
  },
  {
    "t": 117.806765,
    "k": "s"
  },
  {
    "t": 117.994598,
    "k": "d"
  },
  {
    "t": 118.174531,
    "k": "a"
  },
  {
    "t": 118.398995,
    "k": "s"
  },
  {
    "t": 118.660862,
    "k": "a"
  },
  {
    "t": 118.810811,
    "k": "d"
  },
  {
    "t": 118.950569,
    "k": "s"
  },
  {
    "t": 119.043497,
    "k": "s"
  },
  {
    "t": 119.172806,
    "k": "a"
  },
  {
    "t": 119.428411,
    "k": "d"
  },
  {
    "t": 119.539351,
    "k": "w"
  },
  {
    "t": 119.650718,
    "k": "s"
  },
  {
    "t": 120.029168,
    "k": "a"
  },
  {
    "t": 120.167236,
    "k": "d"
  },
  {
    "t": 120.348526,
    "k": "w"
  },
  {
    "t": 120.456523,
    "k": "s"
  },
  {
    "t": 120.646918,
    "k": "a"
  },
  {
    "t": 120.812291,
    "k": "d"
  },
  {
    "t": 120.923438,
    "k": "w"
  },
  {
    "t": 121.019001,
    "k": "s"
  },
  {
    "t": 121.188963,
    "k": "a"
  },
  {
    "t": 121.307454,
    "k": "d"
  },
  {
    "t": 121.573657,
    "k": "s"
  },
  {
    "t": 121.830921,
    "k": "a"
  },
  {
    "t": 121.961347,
    "k": "d"
  },
  {
    "t": 122.118601,
    "k": "w"
  },
  {
    "t": 122.218009,
    "k": "s"
  },
  {
    "t": 122.362137,
    "k": "a"
  },
  {
    "t": 122.429503,
    "k": "d"
  },
  {
    "t": 122.681856,
    "k": "a"
  },
  {
    "t": 122.690974,
    "k": "d"
  },
  {
    "t": 123.131718,
    "k": "s"
  },
  {
    "t": 123.445935,
    "k": "d"
  },
  {
    "t": 123.620934,
    "k": "w"
  },
  {
    "t": 123.758977,
    "k": "s"
  },
  {
    "t": 123.900318,
    "k": "a"
  },
  {
    "t": 124.001755,
    "k": "d"
  },
  {
    "t": 124.15485,
    "k": "s"
  },
  {
    "t": 124.360471,
    "k": "d"
  },
  {
    "t": 124.847084,
    "k": "a"
  },
  {
    "t": 124.853446,
    "k": "d"
  },
  {
    "t": 125.158582,
    "k": "s"
  },
  {
    "t": 125.286216,
    "k": "w"
  },
  {
    "t": 125.413481,
    "k": "d"
  },
  {
    "t": 125.556739,
    "k": "a"
  },
  {
    "t": 125.620858,
    "k": "s"
  },
  {
    "t": 125.869213,
    "k": "d"
  },
  {
    "t": 125.890351,
    "k": "a"
  },
  {
    "t": 126.334982,
    "k": "d"
  },
  {
    "t": 126.373165,
    "k": "a"
  },
  {
    "t": 126.581039,
    "k": "s"
  },
  {
    "t": 126.70847,
    "k": "w"
  },
  {
    "t": 126.843268,
    "k": "d"
  },
  {
    "t": 127.015564,
    "k": "a"
  },
  {
    "t": 127.236629,
    "k": "d"
  },
  {
    "t": 127.283264,
    "k": "a"
  },
  {
    "t": 127.451513,
    "k": "d"
  },
  {
    "t": 127.460406,
    "k": "a"
  },
  {
    "t": 127.603849,
    "k": "a"
  },
  {
    "t": 127.612872,
    "k": "d"
  },
  {
    "t": 127.786875,
    "k": "a"
  },
  {
    "t": 127.792237,
    "k": "d"
  },
  {
    "t": 128.047074,
    "k": "s"
  },
  {
    "t": 128.285243,
    "k": "w"
  },
  {
    "t": 128.352076,
    "k": "d"
  },
  {
    "t": 128.518605,
    "k": "s"
  },
  {
    "t": 128.730233,
    "k": "a"
  },
  {
    "t": 128.821995,
    "k": "d"
  },
  {
    "t": 128.891087,
    "k": "a"
  },
  {
    "t": 129.066416,
    "k": "a"
  },
  {
    "t": 129.077221,
    "k": "d"
  },
  {
    "t": 129.230761,
    "k": "a"
  },
  {
    "t": 129.568611,
    "k": "s"
  },
  {
    "t": 129.696245,
    "k": "w"
  },
  {
    "t": 129.851902,
    "k": "d"
  },
  {
    "t": 130.014046,
    "k": "s"
  },
  {
    "t": 130.239576,
    "k": "w"
  },
  {
    "t": 130.333716,
    "k": "d"
  },
  {
    "t": 130.487747,
    "k": "a"
  },
  {
    "t": 130.533948,
    "k": "s"
  },
  {
    "t": 130.732182,
    "k": "d"
  },
  {
    "t": 130.852273,
    "k": "a"
  },
  {
    "t": 130.986655,
    "k": "d"
  },
  {
    "t": 131.034236,
    "k": "a"
  },
  {
    "t": 131.2421,
    "k": "s"
  },
  {
    "t": 131.380947,
    "k": "w"
  },
  {
    "t": 131.545692,
    "k": "d"
  },
  {
    "t": 131.758541,
    "k": "s"
  },
  {
    "t": 131.844328,
    "k": "a"
  },
  {
    "t": 131.946631,
    "k": "d"
  },
  {
    "t": 132.02954,
    "k": "a"
  },
  {
    "t": 132.070418,
    "k": "d"
  },
  {
    "t": 132.218827,
    "k": "a"
  },
  {
    "t": 132.267014,
    "k": "d"
  },
  {
    "t": 132.476204,
    "k": "s"
  },
  {
    "t": 132.533187,
    "k": "w"
  },
  {
    "t": 132.838559,
    "k": "d"
  },
  {
    "t": 133.018395,
    "k": "a"
  },
  {
    "t": 133.146598,
    "k": "s"
  },
  {
    "t": 133.285883,
    "k": "w"
  },
  {
    "t": 133.371388,
    "k": "d"
  },
  {
    "t": 133.640249,
    "k": "a"
  },
  {
    "t": 133.691297,
    "k": "s"
  },
  {
    "t": 133.996576,
    "k": "w"
  },
  {
    "t": 134.005311,
    "k": "d"
  },
  {
    "t": 134.268142,
    "k": "s"
  },
  {
    "t": 134.506917,
    "k": "a"
  },
  {
    "t": 134.670251,
    "k": "d"
  },
  {
    "t": 134.873242,
    "k": "w"
  },
  {
    "t": 134.909545,
    "k": "s"
  },
  {
    "t": 135.099754,
    "k": "a"
  },
  {
    "t": 135.106679,
    "k": "d"
  },
  {
    "t": 135.39109,
    "k": "a"
  },
  {
    "t": 135.416902,
    "k": "d"
  },
  {
    "t": 135.862085,
    "k": "s"
  },
  {
    "t": 136.036813,
    "k": "w"
  },
  {
    "t": 136.234641,
    "k": "d"
  },
  {
    "t": 136.429725,
    "k": "a"
  },
  {
    "t": 136.490147,
    "k": "s"
  },
  {
    "t": 136.630081,
    "k": "d"
  },
  {
    "t": 136.634299,
    "k": "w"
  },
  {
    "t": 136.941323,
    "k": "s"
  },
  {
    "t": 136.961597,
    "k": "a"
  },
  {
    "t": 137.149177,
    "k": "d"
  },
  {
    "t": 137.312051,
    "k": "w"
  },
  {
    "t": 137.64348,
    "k": "s"
  },
  {
    "t": 137.909529,
    "k": "a"
  },
  {
    "t": 138.150164,
    "k": "d"
  },
  {
    "t": 138.235042,
    "k": "w"
  },
  {
    "t": 138.363793,
    "k": "s"
  },
  {
    "t": 138.461388,
    "k": "a"
  },
  {
    "t": 138.661158,
    "k": "d"
  },
  {
    "t": 138.730336,
    "k": "a"
  },
  {
    "t": 139.106876,
    "k": "d"
  },
  {
    "t": 139.141147,
    "k": "a"
  },
  {
    "t": 139.268813,
    "k": "a"
  },
  {
    "t": 139.291026,
    "k": "d"
  },
  {
    "t": 139.508999,
    "k": "s"
  },
  {
    "t": 139.62042,
    "k": "w"
  },
  {
    "t": 139.76569,
    "k": "d"
  },
  {
    "t": 139.837508,
    "k": "a"
  },
  {
    "t": 140.099624,
    "k": "s"
  },
  {
    "t": 140.155882,
    "k": "a"
  },
  {
    "t": 140.323016,
    "k": "d"
  },
  {
    "t": 140.348298,
    "k": "a"
  },
  {
    "t": 140.461879,
    "k": "a"
  },
  {
    "t": 140.47842,
    "k": "d"
  },
  {
    "t": 140.619705,
    "k": "a"
  },
  {
    "t": 140.656172,
    "k": "d"
  }
]