[
  {
    "t": 2.69776,
    "k": "d"
  },
  {
    "t": 2.70661,
    "k": "a"
  },
  {
    "t": 4.021004,
    "k": "d"
  },
  {
    "t": 4.026529,
    "k": "a"
  },
  {
    "t": 5.295682,
    "k": "a"
  },
  {
    "t": 5.300509,
    "k": "d"
  },
  {
    "t": 5.584809,
    "k": "s"
  },
  {
    "t": 5.846399,
    "k": "w"
  },
  {
    "t": 6.481178,
    "k": "a"
  },
  {
    "t": 6.486079,
    "k": "d"
  },
  {
    "t": 6.815546,
    "k": "s"
  },
  {
    "t": 7.168166,
    "k": "w"
  },
  {
    "t": 7.789333,
    "k": "a"
  },
  {
    "t": 7.793912,
    "k": "d"
  },
  {
    "t": 8.096636,
    "k": "s"
  },
  {
    "t": 8.384602,
    "k": "w"
  },
  {
    "t": 8.738008,
    "k": "d"
  },
  {
    "t": 8.769973,
    "k": "a"
  },
  {
    "t": 9.061946,
    "k": "d"
  },
  {
    "t": 9.088544,
    "k": "a"
  },
  {
    "t": 9.407468,
    "k": "s"
  },
  {
    "t": 9.564852,
    "k": "w"
  },
  {
    "t": 9.7178,
    "k": "a"
  },
  {
    "t": 9.727893,
    "k": "d"
  },
  {
    "t": 10.044185,
    "k": "d"
  },
  {
    "t": 10.049817,
    "k": "a"
  },
  {
    "t": 10.373948,
    "k": "d"
  },
  {
    "t": 10.3843,
    "k": "a"
  },
  {
    "t": 10.737002,
    "k": "s"
  },
  {
    "t": 10.895653,
    "k": "w"
  },
  {
    "t": 11.042734,
    "k": "a"
  },
  {
    "t": 11.053126,
    "k": "d"
  },
  {
    "t": 11.386688,
    "k": "d"
  },
  {
    "t": 11.392886,
    "k": "a"
  },
  {
    "t": 11.70796,
    "k": "d"
  },
  {
    "t": 11.718476,
    "k": "a"
  },
  {
    "t": 12.050213,
    "k": "s"
  },
  {
    "t": 12.207669,
    "k": "w"
  },
  {
    "t": 12.357765,
    "k": "s"
  },
  {
    "t": 12.701106,
    "k": "d"
  },
  {
    "t": 12.706201,
    "k": "a"
  },
  {
    "t": 13.008914,
    "k": "d"
  },
  {
    "t": 13.012989,
    "k": "a"
  },
  {
    "t": 13.344782,
    "k": "s"
  },
  {
    "t": 13.503238,
    "k": "w"
  },
  {
    "t": 13.654562,
    "k": "s"
  },
  {
    "t": 14.006913,
    "k": "d"
  },
  {
    "t": 14.010648,
    "k": "a"
  },
  {
    "t": 14.316576,
    "k": "d"
  },
  {
    "t": 14.322057,
    "k": "a"
  },
  {
    "t": 14.641122,
    "k": "s"
  },
  {
    "t": 14.787798,
    "k": "w"
  },
  {
    "t": 14.966747,
    "k": "s"
  },
  {
    "t": 15.285874,
    "k": "a"
  },
  {
    "t": 15.290539,
    "k": "d"
  },
  {
    "t": 15.613955,
    "k": "a"
  },
  {
    "t": 15.61972,
    "k": "d"
  },
  {
    "t": 15.947079,
    "k": "s"
  },
  {
    "t": 16.101428,
    "k": "w"
  },
  {
    "t": 16.25126,
    "k": "s"
  },
  {
    "t": 16.602848,
    "k": "d"
  },
  {
    "t": 16.608176,
    "k": "a"
  },
  {
    "t": 16.923199,
    "k": "d"
  },
  {
    "t": 16.933353,
    "k": "a"
  },
  {
    "t": 17.25362,
    "k": "s"
  },
  {
    "t": 17.395951,
    "k": "w"
  },
  {
    "t": 17.566739,
    "k": "s"
  },
  {
    "t": 17.900756,
    "k": "d"
  },
  {
    "t": 17.928915,
    "k": "a"
  },
  {
    "t": 18.213321,
    "k": "a"
  },
  {
    "t": 18.217202,
    "k": "d"
  },
  {
    "t": 18.545776,
    "k": "s"
  },
  {
    "t": 18.687247,
    "k": "w"
  },
  {
    "t": 18.849091,
    "k": "s"
  },
  {
    "t": 19.208137,
    "k": "d"
  },
  {
    "t": 19.213276,
    "k": "a"
  },
  {
    "t": 19.502689,
    "k": "d"
  },
  {
    "t": 19.508148,
    "k": "a"
  },
  {
    "t": 19.851949,
    "k": "s"
  },
  {
    "t": 20.006047,
    "k": "w"
  },
  {
    "t": 20.185158,
    "k": "s"
  },
  {
    "t": 20.809809,
    "k": "d"
  },
  {
    "t": 20.815584,
    "k": "a"
  },
  {
    "t": 20.9732,
    "k": "s"
  },
  {
    "t": 21.152634,
    "k": "d"
  },
  {
    "t": 21.167964,
    "k": "a"
  },
  {
    "t": 21.322744,
    "k": "s"
  },
  {
    "t": 21.494149,
    "k": "d"
  },
  {
    "t": 21.505523,
    "k": "a"
  },
  {
    "t": 21.808352,
    "k": "d"
  },
  {
    "t": 21.8133,
    "k": "a"
  },
  {
    "t": 22.134622,
    "k": "d"
  },
  {
    "t": 22.14098,
    "k": "a"
  },
  {
    "t": 22.315077,
    "k": "s"
  },
  {
    "t": 22.469117,
    "k": "d"
  },
  {
    "t": 22.495906,
    "k": "a"
  },
  {
    "t": 22.647538,
    "k": "s"
  },
  {
    "t": 22.790083,
    "k": "a"
  },
  {
    "t": 22.794027,
    "k": "d"
  },
  {
    "t": 23.110137,
    "k": "s"
  },
  {
    "t": 23.448868,
    "k": "d"
  },
  {
    "t": 23.453126,
    "k": "a"
  },
  {
    "t": 23.610325,
    "k": "s"
  },
  {
    "t": 23.762286,
    "k": "d"
  },
  {
    "t": 23.767378,
    "k": "a"
  },
  {
    "t": 23.931849,
    "k": "w"
  },
  {
    "t": 24.095681,
    "k": "a"
  },
  {
    "t": 24.106879,
    "k": "d"
  },
  {
    "t": 24.422082,
    "k": "s"
  },
  {
    "t": 24.737493,
    "k": "a"
  },
  {
    "t": 24.742757,
    "k": "d"
  },
  {
    "t": 24.901297,
    "k": "s"
  },
  {
    "t": 25.062358,
    "k": "d"
  },
  {
    "t": 25.072645,
    "k": "a"
  },
  {
    "t": 25.232373,
    "k": "w"
  },
  {
    "t": 25.414589,
    "k": "d"
  },
  {
    "t": 25.418827,
    "k": "a"
  },
  {
    "t": 25.722493,
    "k": "s"
  },
  {
    "t": 26.025975,
    "k": "d"
  },
  {
    "t": 26.042244,
    "k": "a"
  },
  {
    "t": 26.199868,
    "k": "w"
  },
  {
    "t": 26.369004,
    "k": "d"
  },
  {
    "t": 26.374129,
    "k": "a"
  },
  {
    "t": 26.564368,
    "k": "s"
  },
  {
    "t": 26.727404,
    "k": "d"
  },
  {
    "t": 26.738202,
    "k": "a"
  },
  {
    "t": 27.040245,
    "k": "s"
  },
  {
    "t": 27.355109,
    "k": "d"
  },
  {
    "t": 27.376595,
    "k": "a"
  },
  {
    "t": 27.549585,
    "k": "w"
  },
  {
    "t": 27.754725,
    "k": "d"
  },
  {
    "t": 27.760345,
    "k": "a"
  },
  {
    "t": 27.893322,
    "k": "s"
  },
  {
    "t": 28.023919,
    "k": "a"
  },
  {
    "t": 28.028988,
    "k": "d"
  },
  {
    "t": 28.310887,
    "k": "s"
  },
  {
    "t": 28.655649,
    "k": "a"
  },
  {
    "t": 28.659724,
    "k": "d"
  },
  {
    "t": 28.833784,
    "k": "w"
  },
  {
    "t": 29.008795,
    "k": "a"
  },
  {
    "t": 29.013645,
    "k": "d"
  },
  {
    "t": 29.163717,
    "k": "s"
  },
  {
    "t": 29.339568,
    "k": "a"
  },
  {
    "t": 29.344832,
    "k": "d"
  },
  {
    "t": 29.644912,
    "k": "s"
  },
  {
    "t": 29.952858,
    "k": "a"
  },
  {
    "t": 29.963871,
    "k": "d"
  },
  {
    "t": 30.124116,
    "k": "s"
  },
  {
    "t": 30.286454,
    "k": "a"
  },
  {
    "t": 30.297222,
    "k": "d"
  },
  {
    "t": 30.459517,
    "k": "s"
  },
  {
    "t": 30.624261,
    "k": "a"
  },
  {
    "t": 30.634857,
    "k": "d"
  },
  {
    "t": 30.952381,
    "k": "s"
  },
  {
    "t": 31.240922,
    "k": "a"
  },
  {
    "t": 31.245624,
    "k": "d"
  },
  {
    "t": 31.425116,
    "k": "s"
  },
  {
    "t": 31.606294,
    "k": "a"
  },
  {
    "t": 31.611297,
    "k": "d"
  },
  {
    "t": 31.776013,
    "k": "s"
  },
  {
    "t": 31.926664,
    "k": "a"
  },
  {
    "t": 31.930792,
    "k": "d"
  },
  {
    "t": 32.265976,
    "k": "a"
  },
  {
    "t": 32.269967,
    "k": "d"
  },
  {
    "t": 32.582648,
    "k": "d"
  },
  {
    "t": 32.593475,
    "k": "a"
  },
  {
    "t": 32.753645,
    "k": "s"
  },
  {
    "t": 32.907594,
    "k": "d"
  },
  {
    "t": 33.066342,
    "k": "s"
  },
  {
    "t": 33.254604,
    "k": "d"
  },
  {
    "t": 33.25982,
    "k": "a"
  },
  {
    "t": 33.546228,
    "k": "a"
  },
  {
    "t": 33.562276,
    "k": "d"
  },
  {
    "t": 33.885136,
    "k": "d"
  },
  {
    "t": 33.895482,
    "k": "a"
  },
  {
    "t": 34.052669,
    "k": "s"
  },
  {
    "t": 34.220844,
    "k": "a"
  },
  {
    "t": 34.38015,
    "k": "s"
  },
  {
    "t": 34.565558,
    "k": "a"
  },
  {
    "t": 34.570585,
    "k": "d"
  },
  {
    "t": 34.880434,
    "k": "a"
  },
  {
    "t": 34.885939,
    "k": "d"
  },
  {
    "t": 35.187496,
    "k": "d"
  },
  {
    "t": 35.368877,
    "k": "s"
  },
  {
    "t": 35.523726,
    "k": "d"
  },
  {
    "t": 35.671762,
    "k": "s"
  },
  {
    "t": 35.850824,
    "k": "a"
  },
  {
    "t": 36.186593,
    "k": "s"
  },
  {
    "t": 36.495998,
    "k": "d"
  },
  {
    "t": 36.645496,
    "k": "s"
  },
  {
    "t": 36.800109,
    "k": "d"
  },
  {
    "t": 36.976225,
    "k": "s"
  },
  {
    "t": 37.145296,
    "k": "a"
  },
  {
    "t": 37.493653,
    "k": "s"
  },
  {
    "t": 37.795652,
    "k": "d"
  },
  {
    "t": 37.952578,
    "k": "s"
  },
  {
    "t": 38.11698,
    "k": "d"
  },
  {
    "t": 38.287985,
    "k": "s"
  },
  {
    "t": 38.458401,
    "k": "a"
  },
  {
    "t": 38.794597,
    "k": "s"
  },
  {
    "t": 39.099214,
    "k": "d"
  },
  {
    "t": 39.108919,
    "k": "a"
  },
  {
    "t": 39.254962,
    "k": "s"
  },
  {
    "t": 39.409882,
    "k": "a"
  },
  {
    "t": 39.415411,
    "k": "d"
  },
  {
    "t": 39.583932,
    "k": "s"
  },
  {
    "t": 39.750817,
    "k": "d"
  },
  {
    "t": 39.754715,
    "k": "a"
  },
  {
    "t": 40.106639,
    "k": "s"
  },
  {
    "t": 40.387078,
    "k": "a"
  },
  {
    "t": 40.39747,
    "k": "d"
  },
  {
    "t": 40.54964,
    "k": "s"
  },
  {
    "t": 40.727355,
    "k": "a"
  },
  {
    "t": 40.733172,
    "k": "d"
  },
  {
    "t": 40.896042,
    "k": "s"
  },
  {
    "t": 41.087356,
    "k": "a"
  },
  {
    "t": 41.092776,
    "k": "d"
  },
  {
    "t": 41.401244,
    "k": "s"
  },
  {
    "t": 41.70395,
    "k": "d"
  },
  {
    "t": 41.713957,
    "k": "a"
  },
  {
    "t": 41.853126,
    "k": "a"
  },
  {
    "t": 41.869086,
    "k": "d"
  },
  {
    "t": 42.022388,
    "k": "d"
  },
  {
    "t": 42.033365,
    "k": "a"
  },
  {
    "t": 42.191114,
    "k": "a"
  },
  {
    "t": 42.196578,
    "k": "d"
  },
  {
    "t": 42.360035,
    "k": "d"
  },
  {
    "t": 42.365122,
    "k": "a"
  },
  {
    "t": 42.692281,
    "k": "s"
  },
  {
    "t": 42.992741,
    "k": "a"
  },
  {
    "t": 43.014242,
    "k": "d"
  },
  {
    "t": 43.153165,
    "k": "d"
  },
  {
    "t": 43.1578,
    "k": "a"
  },
  {
    "t": 43.312278,
    "k": "a"
  },
  {
    "t": 43.317714,
    "k": "d"
  },
  {
    "t": 43.477159,
    "k": "d"
  },
  {
    "t": 43.487956,
    "k": "a"
  },
  {
    "t": 43.632251,
    "k": "a"
  },
  {
    "t": 43.642648,
    "k": "d"
  },
  {
    "t": 43.991657,
    "k": "s"
  },
  {
    "t": 44.350626,
    "k": "a"
  },
  {
    "t": 44.355492,
    "k": "d"
  },
  {
    "t": 44.565945,
    "k": "w"
  },
  {
    "t": 44.576893,
    "k": "s"
  },
  {
    "t": 44.708693,
    "k": "d"
  },
  {
    "t": 44.74113,
    "k": "a"
  },
  {
    "t": 44.977407,
    "k": "a"
  },
  {
    "t": 44.982534,
    "k": "s"
  },
  {
    "t": 45.126204,
    "k": "d"
  },
  {
    "t": 45.153805,
    "k": "w"
  },
  {
    "t": 45.300529,
    "k": "s"
  },
  {
    "t": 45.30706,
    "k": "a"
  },
  {
    "t": 45.643614,
    "k": "d"
  },
  {
    "t": 45.650326,
    "k": "a"
  },
  {
    "t": 45.807585,
    "k": "s"
  },
  {
    "t": 45.823845,
    "k": "w"
  },
  {
    "t": 45.951014,
    "k": "d"
  },
  {
    "t": 45.966854,
    "k": "a"
  },
  {
    "t": 46.284277,
    "k": "a"
  },
  {
    "t": 46.288532,
    "k": "d"
  },
  {
    "t": 46.603413,
    "k": "a"
  },
  {
    "t": 46.609004,
    "k": "d"
  },
  {
    "t": 46.905572,
    "k": "d"
  },
  {
    "t": 46.910654,
    "k": "a"
  },
  {
    "t": 47.06896,
    "k": "s"
  },
  {
    "t": 47.233257,
    "k": "w"
  },
  {
    "t": 47.408991,
    "k": "d"
  },
  {
    "t": 47.579683,
    "k": "a"
  },
  {
    "t": 47.595618,
    "k": "s"
  },
  {
    "t": 47.894118,
    "k": "d"
  },
  {
    "t": 47.903953,
    "k": "a"
  },
  {
    "t": 48.211002,
    "k": "a"
  },
  {
    "t": 48.216123,
    "k": "s"
  },
  {
    "t": 48.36965,
    "k": "d"
  },
  {
    "t": 48.391065,
    "k": "a"
  },
  {
    "t": 48.540713,
    "k": "s"
  },
  {
    "t": 48.555866,
    "k": "d"
  },
  {
    "t": 48.719679,
    "k": "d"
  },
  {
    "t": 48.740802,
    "k": "s"
  },
  {
    "t": 48.869307,
    "k": "a"
  },
  {
    "t": 48.917305,
    "k": "d"
  },
  {
    "t": 49.169486,
    "k": "d"
  },
  {
    "t": 49.174495,
    "k": "a"
  },
  {
    "t": 49.520459,
    "k": "s"
  },
  {
    "t": 49.525296,
    "k": "a"
  },
  {
    "t": 49.684621,
    "k": "a"
  },
  {
    "t": 49.688351,
    "k": "s"
  },
  {
    "t": 49.846649,
    "k": "d"
  },
  {
    "t": 49.851863,
    "k": "a"
  },
  {
    "t": 50.022967,
    "k": "d"
  },
  {
    "t": 50.027927,
    "k": "a"
  },
  {
    "t": 50.182083,
    "k": "s"
  },
  {
    "t": 50.219347,
    "k": "d"
  },
  {
    "t": 50.527308,
    "k": "a"
  },
  {
    "t": 50.537554,
    "k": "d"
  },
  {
    "t": 50.81372,
    "k": "a"
  },
  {
    "t": 50.823938,
    "k": "d"
  },
  {
    "t": 50.976048,
    "k": "d"
  },
  {
    "t": 50.986976,
    "k": "a"
  },
  {
    "t": 51.150226,
    "k": "s"
  },
  {
    "t": 51.292804,
    "k": "a"
  },
  {
    "t": 51.29727,
    "k": "d"
  },
  {
    "t": 51.477438,
    "k": "d"
  },
  {
    "t": 51.482376,
    "k": "a"
  },
  {
    "t": 51.820896,
    "k": "d"
  },
  {
    "t": 51.826113,
    "k": "a"
  },
  {
    "t": 52.11953,
    "k": "d"
  },
  {
    "t": 52.129946,
    "k": "a"
  },
  {
    "t": 52.299809,
    "k": "s"
  },
  {
    "t": 52.460801,
    "k": "d"
  },
  {
    "t": 52.471302,
    "k": "a"
  },
  {
    "t": 52.62531,
    "k": "d"
  },
  {
    "t": 52.641676,
    "k": "a"
  },
  {
    "t": 52.779294,
    "k": "d"
  },
  {
    "t": 52.784328,
    "k": "a"
  },
  {
    "t": 53.119484,
    "k": "s"
  },
  {
    "t": 53.462002,
    "k": "s"
  },
  {
    "t": 53.632877,
    "k": "s"
  },
  {
    "t": 53.743209,
    "k": "s"
  },
  {
    "t": 53.919631,
    "k": "s"
  },
  {
    "t": 54.095746,
    "k": "a"
  },
  {
    "t": 54.101066,
    "k": "d"
  },
  {
    "t": 54.448913,
    "k": "s"
  },
  {
    "t": 54.778395,
    "k": "a"
  },
  {
    "t": 54.793964,
    "k": "d"
  },
  {
    "t": 54.922123,
    "k": "a"
  },
  {
    "t": 54.927359,
    "k": "d"
  },
  {
    "t": 55.070674,
    "k": "d"
  },
  {
    "t": 55.075565,
    "k": "a"
  },
  {
    "t": 55.250627,
    "k": "s"
  },
  {
    "t": 55.40793,
    "k": "s"
  },
  {
    "t": 55.726722,
    "k": "d"
  },
  {
    "t": 55.737352,
    "k": "a"
  },
  {
    "t": 56.06333,
    "k": "s"
  },
  {
    "t": 56.229491,
    "k": "s"
  },
  {
    "t": 56.362164,
    "k": "s"
  },
  {
    "t": 56.51613,
    "k": "s"
  },
  {
    "t": 56.690471,
    "k": "d"
  },
  {
    "t": 56.701802,
    "k": "a"
  },
  {
    "t": 57.040428,
    "k": "s"
  },
  {
    "t": 57.373761,
    "k": "s"
  },
  {
    "t": 57.521403,
    "k": "s"
  },
  {
    "t": 57.643004,
    "k": "s"
  },
  {
    "t": 57.823907,
    "k": "s"
  },
  {
    "t": 58.015742,
    "k": "a"
  },
  {
    "t": 58.0213,
    "k": "d"
  },
  {
    "t": 58.352031,
    "k": "w"
  },
  {
    "t": 58.654199,
    "k": "s"
  },
  {
    "t": 58.813096,
    "k": "s"
  },
  {
    "t": 58.961409,
    "k": "s"
  },
  {
    "t": 59.136295,
    "k": "s"
  },
  {
    "t": 59.299796,
    "k": "d"
  },
  {
    "t": 59.3052,
    "k": "a"
  },
  {
    "t": 59.638371,
    "k": "w"
  },
  {
    "t": 59.963239,
    "k": "s"
  },
  {
    "t": 60.095406,
    "k": "s"
  },
  {
    "t": 60.275683,
    "k": "s"
  },
  {
    "t": 60.438652,
    "k": "s"
  },
  {
    "t": 60.609425,
    "k": "d"
  },
  {
    "t": 60.620074,
    "k": "a"
  },
  {
    "t": 60.970091,
    "k": "s"
  },
  {
    "t": 61.259065,
    "k": "a"
  },
  {
    "t": 61.263299,
    "k": "d"
  },
  {
    "t": 61.404824,
    "k": "d"
  },
  {
    "t": 61.415621,
    "k": "a"
  },
  {
    "t": 61.574027,
    "k": "d"
  },
  {
    "t": 61.579649,
    "k": "a"
  },
  {
    "t": 61.713791,
    "k": "d"
  },
  {
    "t": 61.724159,
    "k": "a"
  },
  {
    "t": 61.932532,
    "k": "s"
  },
  {
    "t": 62.594732,
    "k": "s"
  },
  {
    "t": 62.74233,
    "k": "w"
  },
  {
    "t": 62.896602,
    "k": "s"
  },
  {
    "t": 63.099029,
    "k": "d"
  },
  {
    "t": 63.109772,
    "k": "a"
  },
  {
    "t": 63.254005,
    "k": "d"
  },
  {
    "t": 63.445081,
    "k": "s"
  },
  {
    "t": 63.590421,
    "k": "d"
  },
  {
    "t": 63.728961,
    "k": "w"
  },
  {
    "t": 63.889624,
    "k": "s"
  },
  {
    "t": 64.058725,
    "k": "a"
  },
  {
    "t": 64.229127,
    "k": "d"
  },
  {
    "t": 64.406141,
    "k": "a"
  },
  {
    "t": 64.584408,
    "k": "d"
  },
  {
    "t": 64.727115,
    "k": "a"
  },
  {
    "t": 64.89851,
    "k": "d"
  },
  {
    "t": 65.061875,
    "k": "s"
  },
  {
    "t": 65.237643,
    "k": "d"
  },
  {
    "t": 65.407792,
    "k": "a"
  },
  {
    "t": 65.565563,
    "k": "s"
  },
  {
    "t": 65.733794,
    "k": "a"
  },
  {
    "t": 65.877448,
    "k": "s"
  },
  {
    "t": 66.058768,
    "k": "d"
  },
  {
    "t": 66.223782,
    "k": "s"
  },
  {
    "t": 66.363879,
    "k": "d"
  },
  {
    "t": 66.547064,
    "k": "d"
  },
  {
    "t": 66.706845,
    "k": "d"
  },
  {
    "t": 66.85381,
    "k": "d"
  },
  {
    "t": 67.002582,
    "k": "d"
  },
  {
    "t": 67.151105,
    "k": "a"
  },
  {
    "t": 67.298938,
    "k": "a"
  },
  {
    "t": 67.472938,
    "k": "a"
  },
  {
    "t": 67.652762,
    "k": "a"
  },
  {
    "t": 67.802257,
    "k": "s"
  },
  {
    "t": 67.962278,
    "k": "s"
  },
  {
    "t": 68.127554,
    "k": "s"
  },
  {
    "t": 68.27709,
    "k": "s"
  },
  {
    "t": 68.454172,
    "k": "s"
  },
  {
    "t": 68.592281,
    "k": "d"
  },
  {
    "t": 68.651241,
    "k": "a"
  },
  {
    "t": 68.785828,
    "k": "s"
  },
  {
    "t": 68.933467,
    "k": "s"
  },
  {
    "t": 69.10358,
    "k": "d"
  },
  {
    "t": 69.109047,
    "k": "a"
  },
  {
    "t": 69.273944,
    "k": "w"
  },
  {
    "t": 69.440478,
    "k": "w"
  },
  {
    "t": 69.600572,
    "k": "w"
  },
  {
    "t": 69.776683,
    "k": "d"
  },
  {
    "t": 69.781736,
    "k": "a"
  },
  {
    "t": 69.937398,
    "k": "d"
  },
  {
    "t": 70.086575,
    "k": "d"
  },
  {
    "t": 70.261666,
    "k": "d"
  },
  {
    "t": 70.429824,
    "k": "a"
  },
  {
    "t": 70.44127,
    "k": "d"
  },
  {
    "t": 70.609827,
    "k": "a"
  },
  {
    "t": 70.759161,
    "k": "a"
  },
  {
    "t": 70.92917,
    "k": "a"
  },
  {
    "t": 71.077932,
    "k": "a"
  },
  {
    "t": 71.083204,
    "k": "d"
  },
  {
    "t": 71.215307,
    "k": "s"
  },
  {
    "t": 71.385579,
    "k": "s"
  },
  {
    "t": 71.555628,
    "k": "s"
  },
  {
    "t": 71.698907,
    "k": "a"
  },
  {
    "t": 71.720032,
    "k": "d"
  },
  {
    "t": 71.878281,
    "k": "d"
  },
  {
    "t": 72.042554,
    "k": "d"
  },
  {
    "t": 72.213062,
    "k": "d"
  },
  {
    "t": 72.350552,
    "k": "a"
  },
  {
    "t": 72.356383,
    "k": "d"
  },
  {
    "t": 72.498522,
    "k": "w"
  },
  {
    "t": 72.676958,
    "k": "w"
  },
  {
    "t": 72.829896,
    "k": "w"
  },
  {
    "t": 73.017023,
    "k": "a"
  },
  {
    "t": 73.020635,
    "k": "d"
  },
  {
    "t": 73.173824,
    "k": "a"
  },
  {
    "t": 73.326424,
    "k": "a"
  },
  {
    "t": 73.544041,
    "k": "a"
  },
  {
    "t": 73.666835,
    "k": "d"
  },
  {
    "t": 73.688396,
    "k": "a"
  },
  {
    "t": 73.836796,
    "k": "s"
  },
  {
    "t": 73.9844,
    "k": "s"
  },
  {
    "t": 74.153901,
    "k": "s"
  },
  {
    "t": 74.309097,
    "k": "a"
  },
  {
    "t": 74.325202,
    "k": "d"
  },
  {
    "t": 74.474861,
    "k": "d"
  },
  {
    "t": 74.634658,
    "k": "d"
  },
  {
    "t": 74.793959,
    "k": "d"
  },
  {
    "t": 74.959347,
    "k": "d"
  },
  {
    "t": 74.970136,
    "k": "a"
  },
  {
    "t": 75.13492,
    "k": "w"
  },
  {
    "t": 75.29456,
    "k": "w"
  },
  {
    "t": 75.446468,
    "k": "w"
  },
  {
    "t": 75.636787,
    "k": "a"
  },
  {
    "t": 75.642308,
    "k": "d"
  },
  {
    "t": 75.781542,
    "k": "a"
  },
  {
    "t": 75.941428,
    "k": "a"
  },
  {
    "t": 76.107332,
    "k": "a"
  },
  {
    "t": 76.262076,
    "k": "d"
  },
  {
    "t": 76.268029,
    "k": "a"
  },
  {
    "t": 76.442501,
    "k": "s"
  },
  {
    "t": 76.596473,
    "k": "s"
  },
  {
    "t": 76.759734,
    "k": "s"
  },
  {
    "t": 76.940313,
    "k": "d"
  },
  {
    "t": 76.946499,
    "k": "a"
  },
  {
    "t": 77.093607,
    "k": "s"
  },
  {
    "t": 77.247978,
    "k": "s"
  },
  {
    "t": 77.394613,
    "k": "s"
  },
  {
    "t": 77.574398,
    "k": "a"
  },
  {
    "t": 77.581519,
    "k": "d"
  },
  {
    "t": 77.729396,
    "k": "s"
  },
  {
    "t": 77.877155,
    "k": "s"
  },
  {
    "t": 78.05569,
    "k": "s"
  },
  {
    "t": 78.241177,
    "k": "a"
  },
  {
    "t": 78.246393,
    "k": "d"
  },
  {
    "t": 78.384201,
    "k": "s"
  },
  {
    "t": 78.539861,
    "k": "s"
  },
  {
    "t": 78.708483,
    "k": "s"
  },
  {
    "t": 78.869757,
    "k": "a"
  },
  {
    "t": 78.900705,
    "k": "d"
  },
  {
    "t": 79.049669,
    "k": "s"
  },
  {
    "t": 79.207943,
    "k": "s"
  },
  {
    "t": 79.372924,
    "k": "s"
  },
  {
    "t": 79.547814,
    "k": "a"
  },
  {
    "t": 79.55215,
    "k": "d"
  },
  {
    "t": 79.691109,
    "k": "s"
  },
  {
    "t": 79.850849,
    "k": "s"
  },
  {
    "t": 79.988217,
    "k": "s"
  },
  {
    "t": 80.164966,
    "k": "a"
  },
  {
    "t": 80.16865,
    "k": "d"
  },
  {
    "t": 80.339816,
    "k": "s"
  },
  {
    "t": 80.509392,
    "k": "s"
  },
  {
    "t": 80.666392,
    "k": "s"
  },
  {
    "t": 80.842932,
    "k": "a"
  },
  {
    "t": 80.848753,
    "k": "d"
  },
  {
    "t": 81.024054,
    "k": "s"
  },
  {
    "t": 81.173618,
    "k": "s"
  },
  {
    "t": 81.28828,
    "k": "s"
  },
  {
    "t": 81.467312,
    "k": "a"
  },
  {
    "t": 81.478394,
    "k": "d"
  },
  {
    "t": 81.633826,
    "k": "s"
  },
  {
    "t": 81.820769,
    "k": "s"
  },
  {
    "t": 81.984742,
    "k": "s"
  },
  {
    "t": 82.157728,
    "k": "d"
  },
  {
    "t": 82.162505,
    "k": "a"
  },
  {
    "t": 82.327063,
    "k": "s"
  },
  {
    "t": 82.469882,
    "k": "s"
  },
  {
    "t": 82.629597,
    "k": "s"
  },
  {
    "t": 82.800435,
    "k": "a"
  },
  {
    "t": 82.810626,
    "k": "d"
  },
  {
    "t": 82.932966,
    "k": "s"
  },
  {
    "t": 83.125406,
    "k": "s"
  },
  {
    "t": 83.242326,
    "k": "s"
  },
  {
    "t": 83.438928,
    "k": "a"
  },
  {
    "t": 83.450538,
    "k": "d"
  },
  {
    "t": 83.608553,
    "k": "d"
  },
  {
    "t": 83.769012,
    "k": "a"
  },
  {
    "t": 83.948936,
    "k": "d"
  },
  {
    "t": 84.101326,
    "k": "a"
  },
  {
    "t": 84.288323,
    "k": "d"
  },
  {
    "t": 84.432739,
    "k": "a"
  },
  {
    "t": 84.608414,
    "k": "d"
  },
  {
    "t": 84.756735,
    "k": "a"
  },
  {
    "t": 84.773153,
    "k": "d"
  },
  {
    "t": 84.92776,
    "k": "d"
  },
  {
    "t": 85.088003,
    "k": "a"
  },
  {
    "t": 85.253645,
    "k": "d"
  },
  {
    "t": 85.398207,
    "k": "a"
  },
  {
    "t": 85.583678,
    "k": "d"
  },
  {
    "t": 85.728975,
    "k": "a"
  },
  {
    "t": 85.909094,
    "k": "d"
  },
  {
    "t": 86.084318,
    "k": "d"
  },
  {
    "t": 86.08974,
    "k": "a"
  },
  {
    "t": 86.243384,
    "k": "d"
  },
  {
    "t": 86.423748,
    "k": "a"
  },
  {
    "t": 86.513516,
    "k": "d"
  },
  {
    "t": 86.68253,
    "k": "a"
  },
  {
    "t": 86.847957,
    "k": "d"
  },
  {
    "t": 87.005277,
    "k": "a"
  },
  {
    "t": 87.195519,
    "k": "d"
  },
  {
    "t": 87.349097,
    "k": "a"
  },
  {
    "t": 87.531546,
    "k": "d"
  },
  {
    "t": 87.688478,
    "k": "a"
  },
  {
    "t": 87.864705,
    "k": "d"
  },
  {
    "t": 88.0196,
    "k": "a"
  },
  {
    "t": 88.190113,
    "k": "d"
  },
  {
    "t": 88.32288,
    "k": "a"
  },
  {
    "t": 88.517879,
    "k": "d"
  },
  {
    "t": 88.675489,
    "k": "a"
  },
  {
    "t": 88.682065,
    "k": "d"
  },
  {
    "t": 88.819694,
    "k": "d"
  },
  {
    "t": 88.940915,
    "k": "a"
  },
  {
    "t": 89.099499,
    "k": "d"
  },
  {
    "t": 89.270177,
    "k": "a"
  },
  {
    "t": 89.456961,
    "k": "d"
  },
  {
    "t": 89.636653,
    "k": "a"
  },
  {
    "t": 89.813262,
    "k": "d"
  },
  {
    "t": 89.973623,
    "k": "a"
  },
  {
    "t": 90.117579,
    "k": "d"
  },
  {
    "t": 90.288326,
    "k": "a"
  },
  {
    "t": 90.460361,
    "k": "d"
  },
  {
    "t": 90.623595,
    "k": "a"
  },
  {
    "t": 90.793204,
    "k": "d"
  },
  {
    "t": 90.962342,
    "k": "a"
  },
  {
    "t": 91.126186,
    "k": "d"
  },
  {
    "t": 91.301347,
    "k": "a"
  },
  {
    "t": 91.311277,
    "k": "d"
  },
  {
    "t": 91.458647,
    "k": "d"
  },
  {
    "t": 91.616789,
    "k": "a"
  },
  {
    "t": 91.765886,
    "k": "d"
  },
  {
    "t": 91.902834,
    "k": "a"
  },
  {
    "t": 92.088709,
    "k": "d"
  },
  {
    "t": 92.248059,
    "k": "a"
  },
  {
    "t": 92.42381,
    "k": "d"
  },
  {
    "t": 92.582092,
    "k": "a"
  },
  {
    "t": 92.741381,
    "k": "d"
  },
  {
    "t": 92.916296,
    "k": "a"
  },
  {
    "t": 93.085468,
    "k": "d"
  },
  {
    "t": 93.242427,
    "k": "a"
  },
  {
    "t": 93.423987,
    "k": "d"
  },
  {
    "t": 93.562271,
    "k": "a"
  },
  {
    "t": 93.743854,
    "k": "d"
  },
  {
    "t": 93.892967,
    "k": "a"
  },
  {
    "t": 93.903762,
    "k": "d"
  },
  {
    "t": 94.036841,
    "k": "d"
  },
  {
    "t": 94.218557,
    "k": "d"
  },
  {
    "t": 94.390011,
    "k": "d"
  },
  {
    "t": 94.555487,
    "k": "a"
  },
  {
    "t": 94.880311,
    "k": "a"
  },
  {
    "t": 95.194627,
    "k": "d"
  },
  {
    "t": 95.199792,
    "k": "a"
  },
  {
    "t": 95.336812,
    "k": "d"
  },
  {
    "t": 95.494757,
    "k": "d"
  },
  {
    "t": 95.649011,
    "k": "d"
  },
  {
    "t": 95.829395,
    "k": "a"
  },
  {
    "t": 96.165283,
    "k": "a"
  },
  {
    "t": 96.459619,
    "k": "a"
  },
  {
    "t": 96.464453,
    "k": "d"
  },
  {
    "t": 96.614497,
    "k": "d"
  },
  {
    "t": 96.761984,
    "k": "d"
  },
  {
    "t": 96.901222,
    "k": "d"
  },
  {
    "t": 97.156729,
    "k": "d"
  },
  {
    "t": 97.161164,
    "k": "a"
  },
  {
    "t": 97.457067,
    "k": "a"
  },
  {
    "t": 97.775196,
    "k": "a"
  },
  {
    "t": 97.781471,
    "k": "d"
  },
  {
    "t": 97.938604,
    "k": "d"
  },
  {
    "t": 98.09357,
    "k": "d"
  },
  {
    "t": 98.242321,
    "k": "d"
  },
  {
    "t": 98.444225,
    "k": "a"
  },
  {
    "t": 98.456191,
    "k": "d"
  },
  {
    "t": 98.762159,
    "k": "a"
  },
  {
    "t": 99.071895,
    "k": "a"
  },
  {
    "t": 99.077248,
    "k": "d"
  },
  {
    "t": 99.237278,
    "k": "d"
  },
  {
    "t": 99.386181,
    "k": "d"
  },
  {
    "t": 99.556104,
    "k": "d"
  },
  {
    "t": 99.74629,
    "k": "s"
  },
  {
    "t": 100.081069,
    "k": "w"
  },
  {
    "t": 100.410788,
    "k": "d"
  },
  {
    "t": 100.416174,
    "k": "a"
  },
  {
    "t": 100.565344,
    "k": "d"
  },
  {
    "t": 100.718798,
    "k": "d"
  },
  {
    "t": 100.883795,
    "k": "d"
  },
  {
    "t": 101.074938,
    "k": "s"
  },
  {
    "t": 101.40486,
    "k": "w"
  },
  {
    "t": 101.707546,
    "k": "d"
  },
  {
    "t": 101.716547,
    "k": "a"
  },
  {
    "t": 101.886921,
    "k": "a"
  },
  {
    "t": 102.035576,
    "k": "a"
  },
  {
    "t": 102.205956,
    "k": "a"
  },
  {
    "t": 102.352863,
    "k": "s"
  },
  {
    "t": 102.672701,
    "k": "w"
  },
  {
    "t": 102.996344,
    "k": "d"
  },
  {
    "t": 103.001638,
    "k": "a"
  },
  {
    "t": 103.175759,
    "k": "a"
  },
  {
    "t": 103.340371,
    "k": "a"
  },
  {
    "t": 103.440775,
    "k": "a"
  },
  {
    "t": 103.629069,
    "k": "s"
  },
  {
    "t": 103.945858,
    "k": "w"
  },
  {
    "t": 104.492278,
    "k": "d"
  },
  {
    "t": 104.497383,
    "k": "a"
  },
  {
    "t": 104.708423,
    "k": "s"
  },
  {
    "t": 104.826102,
    "k": "d"
  },
  {
    "t": 104.986141,
    "k": "a"
  },
  {
    "t": 105.161415,
    "k": "s"
  },
  {
    "t": 105.322788,
    "k": "a"
  },
  {
    "t": 105.482347,
    "k": "s"
  },
  {
    "t": 105.668709,
    "k": "a"
  },
  {
    "t": 105.808016,
    "k": "d"
  },
  {
    "t": 106.009895,
    "k": "s"
  },
  {
    "t": 106.132942,
    "k": "d"
  },
  {
    "t": 106.282371,
    "k": "a"
  },
  {
    "t": 106.442255,
    "k": "d"
  },
  {
    "t": 106.623558,
    "k": "d"
  },
  {
    "t": 106.920701,
    "k": "a"
  },
  {
    "t": 107.094207,
    "k": "s"
  },
  {
    "t": 107.252952,
    "k": "a"
  },
  {
    "t": 107.397969,
    "k": "s"
  },
  {
    "t": 107.557111,
    "k": "d"
  },
  {
    "t": 107.705091,
    "k": "d"
  },
  {
    "t": 107.894724,
    "k": "d"
  },
  {
    "t": 108.21103,
    "k": "a"
  },
  {
    "t": 108.369052,
    "k": "s"
  },
  {
    "t": 108.529055,
    "k": "a"
  },
  {
    "t": 108.689472,
    "k": "s"
  },
  {
    "t": 108.847586,
    "k": "d"
  },
  {
    "t": 109.01921,
    "k": "d"
  },
  {
    "t": 109.189536,
    "k": "d"
  },
  {
    "t": 109.535622,
    "k": "d"
  },
  {
    "t": 109.689167,
    "k": "s"
  },
  {
    "t": 109.858277,
    "k": "d"
  },
  {
    "t": 110.008902,
    "k": "s"
  },
  {
    "t": 110.181913,
    "k": "a"
  },
  {
    "t": 110.347783,
    "k": "a"
  },
  {
    "t": 110.524454,
    "k": "a"
  },
  {
    "t": 110.829205,
    "k": "d"
  },
  {
    "t": 110.976524,
    "k": "s"
  },
  {
    "t": 111.131061,
    "k": "d"
  },
  {
    "t": 111.279729,
    "k": "s"
  },
  {
    "t": 111.457115,
    "k": "a"
  },
  {
    "t": 111.791865,
    "k": "a"
  },
  {
    "t": 112.13957,
    "k": "d"
  },
  {
    "t": 112.292654,
    "k": "s"
  },
  {
    "t": 112.449017,
    "k": "d"
  },
  {
    "t": 112.597892,
    "k": "s"
  },
  {
    "t": 112.783219,
    "k": "a"
  },
  {
    "t": 112.937845,
    "k": "a"
  },
  {
    "t": 113.118265,
    "k": "a"
  },
  {
    "t": 113.456138,
    "k": "d"
  },
  {
    "t": 113.598395,
    "k": "s"
  },
  {
    "t": 113.764443,
    "k": "d"
  },
  {
    "t": 113.917163,
    "k": "s"
  },
  {
    "t": 114.082043,
    "k": "a"
  },
  {
    "t": 114.284601,
    "k": "a"
  },
  {
    "t": 114.432046,
    "k": "a"
  },
  {
    "t": 114.783568,
    "k": "d"
  },
  {
    "t": 114.922429,
    "k": "s"
  },
  {
    "t": 115.073387,
    "k": "d"
  },
  {
    "t": 115.235053,
    "k": "s"
  },
  {
    "t": 115.402989,
    "k": "a"
  },
  {
    "t": 115.562336,
    "k": "s"
  },
  {
    "t": 115.722734,
    "k": "a"
  },
  {
    "t": 116.059347,
    "k": "a"
  },
  {
    "t": 116.065322,
    "k": "d"
  },
  {
    "t": 116.21899,
    "k": "s"
  },
  {
    "t": 116.376998,
    "k": "d"
  },
  {
    "t": 116.52,
    "k": "s"
  },
  {
    "t": 116.70708,
    "k": "w"
  },
  {
    "t": 116.842761,
    "k": "s"
  },
  {
    "t": 117.041061,
    "k": "w"
  },
  {
    "t": 117.364989,
    "k": "d"
  },
  {
    "t": 117.370048,
    "k": "a"
  },
  {
    "t": 117.535219,
    "k": "d"
  },
  {
    "t": 117.594541,
    "k": "s"
  },
  {
    "t": 117.798109,
    "k": "w"
  },
  {
    "t": 117.989443,
    "k": "s"
  },
  {
    "t": 118.149152,
    "k": "a"
  },
  {
    "t": 118.170421,
    "k": "d"
  },
  {
    "t": 118.303376,
    "k": "a"
  },
  {
    "t": 118.315242,
    "k": "d"
  },
  {
    "t": 118.660789,
    "k": "d"
  },
  {
    "t": 118.822535,
    "k": "s"
  },
  {
    "t": 118.980994,
    "k": "w"
  },
  {
    "t": 119.141236,
    "k": "d"
  },
  {
    "t": 119.307663,
    "k": "a"
  },
  {
    "t": 119.48706,
    "k": "s"
  },
  {
    "t": 119.61948,
    "k": "a"
  },
  {
    "t": 119.957049,
    "k": "a"
  },
  {
    "t": 119.96106,
    "k": "d"
  },
  {
    "t": 120.12026,
    "k": "s"
  },
  {
    "t": 120.289956,
    "k": "w"
  },
  {
    "t": 120.460577,
    "k": "s"
  },
  {
    "t": 120.623697,
    "k": "w"
  },
  {
    "t": 120.946364,
    "k": "d"
  },
  {
    "t": 120.957317,
    "k": "a"
  },
  {
    "t": 121.253325,
    "k": "a"
  },
  {
    "t": 121.258629,
    "k": "d"
  },
  {
    "t": 121.433758,
    "k": "s"
  },
  {
    "t": 121.592875,
    "k": "w"
  },
  {
    "t": 121.744905,
    "k": "s"
  },
  {
    "t": 121.919977,
    "k": "w"
  },
  {
    "t": 122.240569,
    "k": "a"
  },
  {
    "t": 122.245285,
    "k": "d"
  },
  {
    "t": 122.542825,
    "k": "d"
  },
  {
    "t": 122.548971,
    "k": "a"
  },
  {
    "t": 122.712143,
    "k": "s"
  },
  {
    "t": 122.887775,
    "k": "w"
  },
  {
    "t": 123.052568,
    "k": "s"
  },
  {
    "t": 123.2162,
    "k": "w"
  },
  {
    "t": 123.547836,
    "k": "a"
  },
  {
    "t": 123.55144,
    "k": "d"
  },
  {
    "t": 123.845201,
    "k": "a"
  },
  {
    "t": 123.849606,
    "k": "d"
  },
  {
    "t": 124.094571,
    "k": "s"
  },
  {
    "t": 124.248355,
    "k": "w"
  },
  {
    "t": 124.385392,
    "k": "s"
  },
  {
    "t": 124.532588,
    "k": "w"
  },
  {
    "t": 124.856915,
    "k": "d"
  },
  {
    "t": 124.861724,
    "k": "a"
  },
  {
    "t": 125.168653,
    "k": "d"
  },
  {
    "t": 125.334479,
    "k": "a"
  },
  {
    "t": 125.515386,
    "k": "d"
  },
  {
    "t": 125.685006,
    "k": "a"
  },
  {
    "t": 125.849618,
    "k": "d"
  },
  {
    "t": 125.85581,
    "k": "a"
  },
  {
    "t": 126.17901,
    "k": "s"
  },
  {
    "t": 126.495789,
    "k": "d"
  },
  {
    "t": 126.650142,
    "k": "a"
  },
  {
    "t": 126.813965,
    "k": "d"
  },
  {
    "t": 126.992931,
    "k": "a"
  },
  {
    "t": 127.157405,
    "k": "d"
  },
  {
    "t": 127.173519,
    "k": "a"
  },
  {
    "t": 127.471115,
    "k": "s"
  },
  {
    "t": 127.802784,
    "k": "d"
  },
  {
    "t": 127.952776,
    "k": "a"
  },
  {
    "t": 128.111995,
    "k": "d"
  },
  {
    "t": 128.276906,
    "k": "a"
  },
  {
    "t": 128.484711,
    "k": "s"
  },
  {
    "t": 128.753034,
    "k": "a"
  },
  {
    "t": 128.76393,
    "k": "d"
  },
  {
    "t": 129.072851,
    "k": "d"
  },
  {
    "t": 129.247818,
    "k": "a"
  },
  {
    "t": 129.40191,
    "k": "d"
  },
  {
    "t": 129.551574,
    "k": "a"
  },
  {
    "t": 129.727445,
    "k": "a"
  },
  {
    "t": 129.737877,
    "k": "d"
  },
  {
    "t": 130.045142,
    "k": "s"
  },
  {
    "t": 130.398803,
    "k": "d"
  },
  {
    "t": 130.404397,
    "k": "a"
  },
  {
    "t": 130.564263,
    "k": "s"
  },
  {
    "t": 130.733114,
    "k": "d"
  },
  {
    "t": 130.966318,
    "k": "s"
  },
  {
    "t": 131.093357,
    "k": "a"
  },
  {
    "t": 131.147428,
    "k": "d"
  },
  {
    "t": 131.332861,
    "k": "s"
  },
  {
    "t": 131.704719,
    "k": "d"
  },
  {
    "t": 131.864194,
    "k": "s"
  },
  {
    "t": 132.037052,
    "k": "d"
  },
  {
    "t": 132.197692,
    "k": "s"
  },
  {
    "t": 132.357179,
    "k": "a"
  },
  {
    "t": 132.368024,
    "k": "d"
  },
  {
    "t": 132.691831,
    "k": "s"
  },
  {
    "t": 133.040852,
    "k": "d"
  },
  {
    "t": 133.152189,
    "k": "s"
  },
  {
    "t": 133.317491,
    "k": "d"
  },
  {
    "t": 133.499025,
    "k": "s"
  },
  {
    "t": 133.656808,
    "k": "a"
  },
  {
    "t": 133.66633,
    "k": "d"
  },
  {
    "t": 134.003616,
    "k": "s"
  },
  {
    "t": 134.31025,
    "k": "a"
  },
  {
    "t": 134.448627,
    "k": "s"
  },
  {
    "t": 134.602457,
    "k": "a"
  },
  {
    "t": 134.79189,
    "k": "s"
  },
  {
    "t": 134.965987,
    "k": "d"
  },
  {
    "t": 134.978243,
    "k": "a"
  },
  {
    "t": 135.302134,
    "k": "d"
  },
  {
    "t": 135.637958,
    "k": "s"
  },
  {
    "t": 135.775325,
    "k": "d"
  },
  {
    "t": 135.94996,
    "k": "s"
  },
  {
    "t": 136.066936,
    "k": "d"
  },
  {
    "t": 136.255555,
    "k": "a"
  },
  {
    "t": 136.261096,
    "k": "d"
  },
  {
    "t": 136.607585,
    "k": "s"
  },
  {
    "t": 136.910215,
    "k": "a"
  },
  {
    "t": 137.058453,
    "k": "s"
  },
  {
    "t": 137.222498,
    "k": "a"
  },
  {
    "t": 137.370435,
    "k": "s"
  },
  {
    "t": 137.553124,
    "k": "d"
  },
  {
    "t": 137.562331,
    "k": "a"
  },
  {
    "t": 137.886035,
    "k": "s"
  },
  {
    "t": 138.227002,
    "k": "d"
  },
  {
    "t": 138.381938,
    "k": "s"
  },
  {
    "t": 138.524203,
    "k": "d"
  },
  {
    "t": 138.703761,
    "k": "s"
  },
  {
    "t": 138.864056,
    "k": "d"
  },
  {
    "t": 138.869055,
    "k": "a"
  },
  {
    "t": 139.210232,
    "k": "s"
  },
  {
    "t": 139.55054,
    "k": "a"
  },
  {
    "t": 139.648759,
    "k": "s"
  },
  {
    "t": 139.828992,
    "k": "a"
  },
  {
    "t": 139.997706,
    "k": "s"
  },
  {
    "t": 140.177302,
    "k": "d"
  },
  {
    "t": 140.193678,
    "k": "a"
  },
  {
    "t": 140.495973,
    "k": "s"
  },
  {
    "t": 140.816394,
    "k": "a"
  },
  {
    "t": 140.975523,
    "k": "d"
  },
  {
    "t": 141.155849,
    "k": "a"
  },
  {
    "t": 141.365427,
    "k": "d"
  },
  {
    "t": 141.519951,
    "k": "s"
  },
  {
    "t": 141.821559,
    "k": "d"
  },
  {
    "t": 142.140435,
    "k": "a"
  },
  {
    "t": 142.280429,
    "k": "s"
  },
  {
    "t": 142.434146,
    "k": "a"
  },
  {
    "t": 142.598692,
    "k": "s"
  },
  {
    "t": 142.789572,
    "k": "a"
  },
  {
    "t": 143.161583,
    "k": "a"
  },
  {
    "t": 143.430498,
    "k": "s"
  },
  {
    "t": 143.567988,
    "k": "a"
  },
  {
    "t": 143.765403,
    "k": "s"
  },
  {
    "t": 143.892936,
    "k": "a"
  },
  {
    "t": 144.078651,
    "k": "d"
  },
  {
    "t": 144.089028,
    "k": "a"
  },
  {
    "t": 144.41391,
    "k": "a"
  },
  {
    "t": 144.417705,
    "k": "d"
  },
  {
    "t": 144.732348,
    "k": "w"
  },
  {
    "t": 144.89513,
    "k": "d"
  },
  {
    "t": 145.049174,
    "k": "a"
  },
  {
    "t": 145.207682,
    "k": "s"
  },
  {
    "t": 145.403514,
    "k": "d"
  },
  {
    "t": 145.408918,
    "k": "a"
  },
  {
    "t": 145.722302,
    "k": "a"
  },
  {
    "t": 145.728555,
    "k": "d"
  },
  {
    "t": 146.048905,
    "k": "s"
  },
  {
    "t": 146.216242,
    "k": "w"
  },
  {
    "t": 146.375844,
    "k": "s"
  },
  {
    "t": 146.540592,
    "k": "w"
  },
  {
    "t": 146.715412,
    "k": "a"
  },
  {
    "t": 146.720557,
    "k": "d"
  },
  {
    "t": 147.027053,
    "k": "s"
  },
  {
    "t": 147.318188,
    "k": "w"
  },
  {
    "t": 147.46709,
    "k": "s"
  },
  {
    "t": 147.673882,
    "k": "w"
  },
  {
    "t": 147.82325,
    "k": "s"
  },
  {
    "t": 148.000133,
    "k": "d"
  },
  {
    "t": 148.005836,
    "k": "a"
  },
  {
    "t": 148.325934,
    "k": "s"
  },
  {
    "t": 148.632198,
    "k": "w"
  },
  {
    "t": 148.80185,
    "k": "s"
  },
  {
    "t": 148.966183,
    "k": "w"
  },
  {
    "t": 149.130905,
    "k": "s"
  },
  {
    "t": 149.305589,
    "k": "d"
  },
  {
    "t": 149.315695,
    "k": "a"
  },
  {
    "t": 149.640146,
    "k": "s"
  },
  {
    "t": 149.96388,
    "k": "w"
  },
  {
    "t": 150.132808,
    "k": "s"
  },
  {
    "t": 150.298818,
    "k": "w"
  },
  {
    "t": 150.453675,
    "k": "s"
  },
  {
    "t": 150.634276,
    "k": "d"
  },
  {
    "t": 150.640722,
    "k": "a"
  },
  {
    "t": 150.93891,
    "k": "s"
  },
  {
    "t": 151.252178,
    "k": "w"
  },
  {
    "t": 151.410282,
    "k": "s"
  },
  {
    "t": 151.585668,
    "k": "w"
  },
  {
    "t": 151.755435,
    "k": "s"
  },
  {
    "t": 151.920201,
    "k": "d"
  },
  {
    "t": 151.925817,
    "k": "a"
  },
  {
    "t": 152.239323,
    "k": "s"
  },
  {
    "t": 152.547381,
    "k": "w"
  },
  {
    "t": 152.700538,
    "k": "s"
  },
  {
    "t": 152.885121,
    "k": "w"
  },
  {
    "t": 153.05002,
    "k": "s"
  },
  {
    "t": 153.222238,
    "k": "d"
  },
  {
    "t": 153.226849,
    "k": "a"
  },
  {
    "t": 153.555512,
    "k": "s"
  },
  {
    "t": 153.875924,
    "k": "w"
  },
  {
    "t": 154.028726,
    "k": "s"
  },
  {
    "t": 154.192372,
    "k": "w"
  },
  {
    "t": 154.364106,
    "k": "s"
  },
  {
    "t": 154.52639,
    "k": "a"
  },
  {
    "t": 154.531388,
    "k": "d"
  },
  {
    "t": 154.87024,
    "k": "s"
  },
  {
    "t": 155.163904,
    "k": "w"
  },
  {
    "t": 155.317996,
    "k": "s"
  },
  {
    "t": 155.488932,
    "k": "w"
  },
  {
    "t": 155.658285,
    "k": "s"
  },
  {
    "t": 155.844922,
    "k": "d"
  },
  {
    "t": 155.850262,
    "k": "a"
  },
  {
    "t": 156.183556,
    "k": "s"
  },
  {
    "t": 156.49731,
    "k": "w"
  },
  {
    "t": 156.656948,
    "k": "s"
  },
  {
    "t": 156.809792,
    "k": "w"
  },
  {
    "t": 156.960506,
    "k": "s"
  },
  {
    "t": 157.140047,
    "k": "a"
  },
  {
    "t": 157.144694,
    "k": "d"
  },
  {
    "t": 157.456988,
    "k": "s"
  },
  {
    "t": 157.786349,
    "k": "w"
  },
  {
    "t": 157.947454,
    "k": "s"
  },
  {
    "t": 158.100441,
    "k": "w"
  },
  {
    "t": 158.265656,
    "k": "s"
  },
  {
    "t": 158.439925,
    "k": "a"
  },
  {
    "t": 158.443992,
    "k": "d"
  },
  {
    "t": 158.759655,
    "k": "s"
  },
  {
    "t": 159.103458,
    "k": "s"
  },
  {
    "t": 159.236586,
    "k": "w"
  },
  {
    "t": 159.401835,
    "k": "s"
  },
  {
    "t": 159.574256,
    "k": "w"
  },
  {
    "t": 159.733279,
    "k": "a"
  },
  {
    "t": 159.754017,
    "k": "d"
  },
  {
    "t": 160.06437,
    "k": "w"
  },
  {
    "t": 160.373738,
    "k": "s"
  },
  {
    "t": 160.539111,
    "k": "w"
  },
  {
    "t": 160.703711,
    "k": "s"
  },
  {
    "t": 160.876589,
    "k": "w"
  },
  {
    "t": 161.041041,
    "k": "a"
  },
  {
    "t": 161.051226,
    "k": "d"
  },
  {
    "t": 161.37451,
    "k": "w"
  },
  {
    "t": 161.696997,
    "k": "s"
  },
  {
    "t": 161.861332,
    "k": "w"
  },
  {
    "t": 162.020522,
    "k": "s"
  },
  {
    "t": 162.159852,
    "k": "w"
  },
  {
    "t": 162.350403,
    "k": "a"
  },
  {
    "t": 162.355672,
    "k": "d"
  },
  {
    "t": 162.692671,
    "k": "w"
  },
  {
    "t": 163.036437,
    "k": "w"
  },
  {
    "t": 163.157386,
    "k": "s"
  },
  {
    "t": 163.322517,
    "k": "w"
  },
  {
    "t": 163.485944,
    "k": "s"
  },
  {
    "t": 163.659396,
    "k": "d"
  },
  {
    "t": 163.665583,
    "k": "a"
  },
  {
    "t": 163.967225,
    "k": "s"
  },
  {
    "t": 164.311182,
    "k": "s"
  },
  {
    "t": 164.464728,
    "k": "w"
  },
  {
    "t": 164.61574,
    "k": "s"
  },
  {
    "t": 164.77852,
    "k": "w"
  },
  {
    "t": 164.955343,
    "k": "d"
  },
  {
    "t": 164.959709,
    "k": "a"
  },
  {
    "t": 165.30084,
    "k": "w"
  },
  {
    "t": 165.622399,
    "k": "d"
  },
  {
    "t": 165.7411,
    "k": "a"
  },
  {
    "t": 165.916563,
    "k": "d"
  },
  {
    "t": 166.085476,
    "k": "a"
  },
  {
    "t": 166.253063,
    "k": "d"
  },
  {
    "t": 166.417016,
    "k": "a"
  },
  {
    "t": 166.586714,
    "k": "d"
  },
  {
    "t": 166.745829,
    "k": "a"
  },
  {
    "t": 166.911811,
    "k": "d"
  },
  {
    "t": 167.066531,
    "k": "a"
  },
  {
    "t": 167.251209,
    "k": "d"
  },
  {
    "t": 167.415116,
    "k": "a"
  },
  {
    "t": 167.584092,
    "k": "d"
  },
  {
    "t": 167.738712,
    "k": "a"
  },
  {
    "t": 167.903679,
    "k": "d"
  },
  {
    "t": 168.05877,
    "k": "a"
  },
  {
    "t": 168.226359,
    "k": "d"
  },
  {
    "t": 168.396365,
    "k": "a"
  },
  {
    "t": 168.559687,
    "k": "d"
  },
  {
    "t": 168.725539,
    "k": "a"
  },
  {
    "t": 168.885702,
    "k": "d"
  },
  {
    "t": 169.037878,
    "k": "a"
  },
  {
    "t": 169.209116,
    "k": "d"
  },
  {
    "t": 169.351673,
    "k": "a"
  },
  {
    "t": 169.542613,
    "k": "s"
  },
  {
    "t": 169.697035,
    "k": "w"
  },
  {
    "t": 169.850916,
    "k": "s"
  },
  {
    "t": 169.97407,
    "k": "w"
  },
  {
    "t": 170.170565,
    "k": "s"
  },
  {
    "t": 170.332267,
    "k": "w"
  },
  {
    "t": 170.495467,
    "k": "s"
  },
  {
    "t": 170.660944,
    "k": "w"
  },
  {
    "t": 170.82608,
    "k": "s"
  },
  {
    "t": 170.9971,
    "k": "w"
  },
  {
    "t": 171.145332,
    "k": "s"
  },
  {
    "t": 171.294584,
    "k": "w"
  },
  {
    "t": 171.463466,
    "k": "s"
  },
  {
    "t": 171.627496,
    "k": "w"
  },
  {
    "t": 171.78152,
    "k": "s"
  },
  {
    "t": 171.951766,
    "k": "w"
  },
  {
    "t": 172.116789,
    "k": "s"
  },
  {
    "t": 172.285225,
    "k": "w"
  },
  {
    "t": 172.455039,
    "k": "s"
  },
  {
    "t": 172.597432,
    "k": "w"
  },
  {
    "t": 172.773392,
    "k": "s"
  },
  {
    "t": 172.922575,
    "k": "w"
  },
  {
    "t": 173.09664,
    "k": "s"
  },
  {
    "t": 173.251232,
    "k": "w"
  },
  {
    "t": 173.407931,
    "k": "s"
  },
  {
    "t": 173.567394,
    "k": "w"
  },
  {
    "t": 173.732706,
    "k": "s"
  },
  {
    "t": 173.878167,
    "k": "w"
  },
  {
    "t": 174.051524,
    "k": "s"
  },
  {
    "t": 174.222205,
    "k": "w"
  },
  {
    "t": 174.394752,
    "k": "s"
  },
  {
    "t": 174.549844,
    "k": "w"
  },
  {
    "t": 174.703993,
    "k": "s"
  },
  {
    "t": 174.852375,
    "k": "w"
  },
  {
    "t": 175.036867,
    "k": "s"
  },
  {
    "t": 175.201288,
    "k": "w"
  },
  {
    "t": 175.369972,
    "k": "s"
  },
  {
    "t": 175.534207,
    "k": "w"
  },
  {
    "t": 175.698504,
    "k": "s"
  },
  {
    "t": 175.872549,
    "k": "w"
  },
  {
    "t": 176.042283,
    "k": "s"
  },
  {
    "t": 176.202973,
    "k": "w"
  },
  {
    "t": 176.346339,
    "k": "s"
  },
  {
    "t": 176.527493,
    "k": "w"
  },
  {
    "t": 176.684637,
    "k": "s"
  },
  {
    "t": 176.839497,
    "k": "w"
  },
  {
    "t": 177.00341,
    "k": "s"
  },
  {
    "t": 177.131089,
    "k": "w"
  },
  {
    "t": 177.336663,
    "k": "d"
  },
  {
    "t": 177.520978,
    "k": "a"
  },
  {
    "t": 177.691588,
    "k": "s"
  },
  {
    "t": 177.855345,
    "k": "a"
  },
  {
    "t": 178.016068,
    "k": "s"
  },
  {
    "t": 178.167686,
    "k": "a"
  },
  {
    "t": 178.330509,
    "k": "d"
  },
  {
    "t": 178.489752,
    "k": "a"
  },
  {
    "t": 178.668583,
    "k": "d"
  },
  {
    "t": 178.832986,
    "k": "a"
  },
  {
    "t": 178.994581,
    "k": "d"
  },
  {
    "t": 179.15128,
    "k": "a"
  },
  {
    "t": 179.295872,
    "k": "d"
  },
  {
    "t": 179.474012,
    "k": "a"
  },
  {
    "t": 179.633635,
    "k": "d"
  },
  {
    "t": 179.738481,
    "k": "a"
  },
  {
    "t": 179.917195,
    "k": "d"
  },
  {
    "t": 180.091468,
    "k": "a"
  },
  {
    "t": 180.30071,
    "k": "d"
  },
  {
    "t": 180.455138,
    "k": "a"
  },
  {
    "t": 180.619502,
    "k": "d"
  },
  {
    "t": 180.79904,
    "k": "d"
  },
  {
    "t": 181.021034,
    "k": "d"
  },
  {
    "t": 181.268719,
    "k": "d"
  },
  {
    "t": 181.58817,
    "k": "d"
  },
  {
    "t": 181.95173,
    "k": "d"
  },
  {
    "t": 182.251564,
    "k": "a"
  },
  {
    "t": 182.552424,
    "k": "a"
  },
  {
    "t": 182.886539,
    "k": "a"
  },
  {
    "t": 183.220592,
    "k": "a"
  },
  {
    "t": 183.539883,
    "k": "d"
  },
  {
    "t": 183.718929,
    "k": "a"
  },
  {
    "t": 183.893926,
    "k": "a"
  },
  {
    "t": 184.204579,
    "k": "d"
  },
  {
    "t": 184.511569,
    "k": "a"
  },
  {
    "t": 184.818767,
    "k": "d"
  },
  {
    "t": 185.13516,
    "k": "a"
  },
  {
    "t": 185.457136,
    "k": "d"
  },
  {
    "t": 185.797204,
    "k": "a"
  },
  {
    "t": 185.919151,
    "k": "d"
  },
  {
    "t": 186.140145,
    "k": "a"
  },
  {
    "t": 186.549073,
    "k": "d"
  },
  {
    "t": 186.681067,
    "k": "a"
  },
  {
    "t": 186.833704,
    "k": "d"
  },
  {
    "t": 186.945189,
    "k": "a"
  },
  {
    "t": 187.18173,
    "k": "d"
  },
  {
    "t": 187.449359,
    "k": "d"
  },
  {
    "t": 187.765217,
    "k": "d"
  },
  {
    "t": 188.056171,
    "k": "d"
  },
  {
    "t": 188.363794,
    "k": "d"
  },
  {
    "t": 188.873425,
    "k": "d"
  },
  {
    "t": 189.504186,
    "k": "d"
  },
  {
    "t": 190.10629,
    "k": "d"
  },
  {
    "t": 193.172938,
    "k": "a"
  },
  {
    "t": 193.183469,
    "k": "d"
  }
]