[
  {
    "t": 2.395092,
    "k": "s"
  },
  {
    "t": 2.800938,
    "k": "w"
  },
  {
    "t": 2.927282,
    "k": "d"
  },
  {
    "t": 3.1233,
    "k": "a"
  },
  {
    "t": 3.274696,
    "k": "s"
  },
  {
    "t": 3.414277,
    "k": "w"
  },
  {
    "t": 3.597589,
    "k": "d"
  },
  {
    "t": 3.826904,
    "k": "s"
  },
  {
    "t": 4.045271,
    "k": "s"
  },
  {
    "t": 4.517136,
    "k": "d"
  },
  {
    "t": 4.874204,
    "k": "w"
  },
  {
    "t": 5.058083,
    "k": "s"
  },
  {
    "t": 5.198077,
    "k": "a"
  },
  {
    "t": 5.606196,
    "k": "s"
  },
  {
    "t": 5.986787,
    "k": "s"
  },
  {
    "t": 6.19545,
    "k": "w"
  },
  {
    "t": 6.310983,
    "k": "d"
  },
  {
    "t": 6.551938,
    "k": "a"
  },
  {
    "t": 6.727499,
    "k": "s"
  },
  {
    "t": 6.933834,
    "k": "w"
  },
  {
    "t": 7.130755,
    "k": "d"
  },
  {
    "t": 7.574922,
    "k": "d"
  },
  {
    "t": 8.000432,
    "k": "s"
  },
  {
    "t": 8.390575,
    "k": "a"
  },
  {
    "t": 8.869183,
    "k": "d"
  },
  {
    "t": 9.37632,
    "k": "a"
  },
  {
    "t": 9.51398,
    "k": "s"
  },
  {
    "t": 9.699541,
    "k": "w"
  },
  {
    "t": 9.908433,
    "k": "d"
  },
  {
    "t": 10.463422,
    "k": "a"
  },
  {
    "t": 10.894264,
    "k": "s"
  },
  {
    "t": 11.102702,
    "k": "w"
  },
  {
    "t": 11.255647,
    "k": "d"
  },
  {
    "t": 11.647292,
    "k": "a"
  },
  {
    "t": 12.047426,
    "k": "s"
  },
  {
    "t": 12.474671,
    "k": "w"
  },
  {
    "t": 12.840423,
    "k": "d"
  },
  {
    "t": 13.251249,
    "k": "a"
  },
  {
    "t": 13.724854,
    "k": "d"
  },
  {
    "t": 14.267105,
    "k": "s"
  },
  {
    "t": 14.598406,
    "k": "d"
  },
  {
    "t": 14.940943,
    "k": "s"
  },
  {
    "t": 15.353443,
    "k": "a"
  },
  {
    "t": 15.375579,
    "k": "d"
  },
  {
    "t": 15.796322,
    "k": "s"
  },
  {
    "t": 15.913542,
    "k": "w"
  },
  {
    "t": 16.132933,
    "k": "d"
  },
  {
    "t": 16.352163,
    "k": "a"
  },
  {
    "t": 16.535715,
    "k": "s"
  },
  {
    "t": 16.719579,
    "k": "w"
  },
  {
    "t": 16.915982,
    "k": "d"
  },
  {
    "t": 17.306995,
    "k": "s"
  },
  {
    "t": 17.722484,
    "k": "a"
  },
  {
    "t": 17.745545,
    "k": "d"
  },
  {
    "t": 17.988751,
    "k": "s"
  },
  {
    "t": 18.140028,
    "k": "w"
  },
  {
    "t": 18.529228,
    "k": "d"
  },
  {
    "t": 18.974813,
    "k": "d"
  },
  {
    "t": 19.207147,
    "k": "a"
  },
  {
    "t": 19.334401,
    "k": "s"
  },
  {
    "t": 19.57965,
    "k": "w"
  },
  {
    "t": 19.787538,
    "k": "d"
  },
  {
    "t": 20.010743,
    "k": "s"
  },
  {
    "t": 20.22903,
    "k": "s"
  },
  {
    "t": 20.620202,
    "k": "d"
  },
  {
    "t": 21.033354,
    "k": "a"
  },
  {
    "t": 21.438438,
    "k": "s"
  },
  {
    "t": 21.867273,
    "k": "w"
  },
  {
    "t": 21.879418,
    "k": "d"
  },
  {
    "t": 22.307619,
    "k": "s"
  },
  {
    "t": 22.628721,
    "k": "a"
  },
  {
    "t": 22.75433,
    "k": "d"
  },
  {
    "t": 23.123088,
    "k": "s"
  },
  {
    "t": 23.434244,
    "k": "a"
  },
  {
    "t": 23.851137,
    "k": "d"
  },
  {
    "t": 24.080741,
    "k": "w"
  },
  {
    "t": 24.251694,
    "k": "s"
  },
  {
    "t": 24.612826,
    "k": "a"
  },
  {
    "t": 24.65986,
    "k": "d"
  },
  {
    "t": 25.083255,
    "k": "a"
  },
  {
    "t": 25.114758,
    "k": "s"
  },
  {
    "t": 25.573079,
    "k": "d"
  },
  {
    "t": 25.830873,
    "k": "w"
  },
  {
    "t": 26.232225,
    "k": "s"
  },
  {
    "t": 26.626683,
    "k": "d"
  },
  {
    "t": 27.054137,
    "k": "a"
  },
  {
    "t": 27.444706,
    "k": "s"
  },
  {
    "t": 27.847729,
    "k": "w"
  },
  {
    "t": 28.264266,
    "k": "d"
  },
  {
    "t": 28.722873,
    "k": "a"
  },
  {
    "t": 28.849886,
    "k": "s"
  },
  {
    "t": 29.001036,
    "k": "w"
  },
  {
    "t": 29.185595,
    "k": "d"
  },
  {
    "t": 29.450701,
    "k": "a"
  },
  {
    "t": 29.64699,
    "k": "s"
  },
  {
    "t": 29.866199,
    "k": "w"
  },
  {
    "t": 30.289949,
    "k": "s"
  },
  {
    "t": 30.736653,
    "k": "d"
  },
  {
    "t": 30.947119,
    "k": "a"
  },
  {
    "t": 31.208238,
    "k": "s"
  },
  {
    "t": 31.586804,
    "k": "w"
  },
  {
    "t": 31.921063,
    "k": "s"
  },
  {
    "t": 32.163812,
    "k": "a"
  },
  {
    "t": 32.366249,
    "k": "d"
  },
  {
    "t": 32.583906,
    "k": "w"
  },
  {
    "t": 32.792215,
    "k": "s"
  },
  {
    "t": 32.93063,
    "k": "s"
  },
  {
    "t": 33.175362,
    "k": "a"
  },
  {
    "t": 33.48741,
    "k": "d"
  },
  {
    "t": 33.951428,
    "k": "w"
  },
  {
    "t": 34.369683,
    "k": "s"
  },
  {
    "t": 34.805399,
    "k": "s"
  },
  {
    "t": 35.223583,
    "k": "d"
  },
  {
    "t": 35.382323,
    "k": "a"
  },
  {
    "t": 35.634953,
    "k": "s"
  },
  {
    "t": 35.984918,
    "k": "w"
  },
  {
    "t": 36.392457,
    "k": "d"
  },
  {
    "t": 36.782943,
    "k": "a"
  },
  {
    "t": 37.004523,
    "k": "s"
  },
  {
    "t": 37.202777,
    "k": "w"
  },
  {
    "t": 37.615415,
    "k": "d"
  },
  {
    "t": 37.978958,
    "k": "a"
  },
  {
    "t": 38.4172,
    "k": "s"
  },
  {
    "t": 38.819908,
    "k": "w"
  },
  {
    "t": 39.234316,
    "k": "s"
  },
  {
    "t": 39.623209,
    "k": "a"
  },
  {
    "t": 40.03945,
    "k": "d"
  },
  {
    "t": 40.467308,
    "k": "s"
  },
  {
    "t": 40.879537,
    "k": "d"
  },
  {
    "t": 41.306846,
    "k": "a"
  },
  {
    "t": 41.319043,
    "k": "d"
  },
  {
    "t": 41.722876,
    "k": "s"
  },
  {
    "t": 41.92865,
    "k": "w"
  },
  {
    "t": 42.102197,
    "k": "d"
  },
  {
    "t": 42.27715,
    "k": "a"
  },
  {
    "t": 42.473945,
    "k": "s"
  },
  {
    "t": 42.670678,
    "k": "w"
  },
  {
    "t": 42.827658,
    "k": "d"
  },
  {
    "t": 43.279011,
    "k": "d"
  },
  {
    "t": 43.671698,
    "k": "a"
  },
  {
    "t": 43.865885,
    "k": "s"
  },
  {
    "t": 44.098917,
    "k": "w"
  },
  {
    "t": 44.525731,
    "k": "a"
  },
  {
    "t": 44.534959,
    "k": "d"
  },
  {
    "t": 44.953136,
    "k": "s"
  },
  {
    "t": 45.113592,
    "k": "w"
  },
  {
    "t": 45.355868,
    "k": "d"
  },
  {
    "t": 45.516803,
    "k": "a"
  },
  {
    "t": 45.737175,
    "k": "s"
  },
  {
    "t": 45.929845,
    "k": "w"
  },
  {
    "t": 46.116234,
    "k": "d"
  },
  {
    "t": 46.557672,
    "k": "d"
  },
  {
    "t": 46.901741,
    "k": "a"
  },
  {
    "t": 47.352276,
    "k": "s"
  },
  {
    "t": 47.763289,
    "k": "w"
  },
  {
    "t": 48.156874,
    "k": "d"
  },
  {
    "t": 48.431402,
    "k": "a"
  },
  {
    "t": 48.60356,
    "k": "s"
  },
  {
    "t": 48.986325,
    "k": "w"
  },
  {
    "t": 49.36416,
    "k": "d"
  },
  {
    "t": 49.798721,
    "k": "a"
  },
  {
    "t": 50.005932,
    "k": "s"
  },
  {
    "t": 50.178825,
    "k": "w"
  },
  {
    "t": 50.571132,
    "k": "s"
  },
  {
    "t": 51.008301,
    "k": "a"
  },
  {
    "t": 51.0194,
    "k": "d"
  },
  {
    "t": 51.430269,
    "k": "s"
  },
  {
    "t": 51.798716,
    "k": "w"
  },
  {
    "t": 52.198592,
    "k": "d"
  },
  {
    "t": 52.568041,
    "k": "s"
  },
  {
    "t": 53.012341,
    "k": "d"
  },
  {
    "t": 53.42858,
    "k": "s"
  },
  {
    "t": 53.897655,
    "k": "a"
  },
  {
    "t": 54.332468,
    "k": "w"
  },
  {
    "t": 55.923673,
    "k": "s"
  },
  {
    "t": 57.501325,
    "k": "d"
  },
  {
    "t": 59.123251,
    "k": "a"
  },
  {
    "t": 60.790541,
    "k": "s"
  },
  {
    "t": 62.347019,
    "k": "a"
  },
  {
    "t": 64.003492,
    "k": "d"
  },
  {
    "t": 65.55706,
    "k": "w"
  },
  {
    "t": 67.224987,
    "k": "a"
  },
  {
    "t": 68.886907,
    "k": "d"
  },
  {
    "t": 70.476947,
    "k": "a"
  },
  {
    "t": 72.156046,
    "k": "s"
  },
  {
    "t": 73.736772,
    "k": "a"
  },
  {
    "t": 74.482239,
    "k": "s"
  },
  {
    "t": 75.340447,
    "k": "d"
  },
  {
    "t": 76.148192,
    "k": "s"
  },
  {
    "t": 76.987322,
    "k": "a"
  },
  {
    "t": 77.00965,
    "k": "d"
  },
  {
    "t": 77.46873,
    "k": "s"
  },
  {
    "t": 77.909728,
    "k": "w"
  },
  {
    "t": 78.205936,
    "k": "d"
  },
  {
    "t": 78.538146,
    "k": "a"
  },
  {
    "t": 78.982363,
    "k": "s"
  },
  {
    "t": 79.410978,
    "k": "w"
  },
  {
    "t": 79.769339,
    "k": "d"
  },
  {
    "t": 80.287499,
    "k": "a"
  },
  {
    "t": 80.299815,
    "k": "d"
  },
  {
    "t": 80.700477,
    "k": "s"
  },
  {
    "t": 81.011128,
    "k": "w"
  },
  {
    "t": 81.403102,
    "k": "d"
  },
  {
    "t": 81.815681,
    "k": "a"
  },
  {
    "t": 82.231399,
    "k": "s"
  },
  {
    "t": 82.683594,
    "k": "w"
  },
  {
    "t": 83.066813,
    "k": "s"
  },
  {
    "t": 83.470269,
    "k": "d"
  },
  {
    "t": 83.480899,
    "k": "a"
  },
  {
    "t": 83.835298,
    "k": "s"
  },
  {
    "t": 84.241984,
    "k": "w"
  },
  {
    "t": 84.688925,
    "k": "d"
  },
  {
    "t": 85.057915,
    "k": "a"
  },
  {
    "t": 85.492759,
    "k": "s"
  },
  {
    "t": 85.912139,
    "k": "w"
  },
  {
    "t": 86.313376,
    "k": "s"
  },
  {
    "t": 86.722055,
    "k": "a"
  },
  {
    "t": 86.730791,
    "k": "d"
  },
  {
    "t": 87.143649,
    "k": "s"
  },
  {
    "t": 87.474331,
    "k": "w"
  },
  {
    "t": 87.915366,
    "k": "s"
  },
  {
    "t": 88.328188,
    "k": "d"
  },
  {
    "t": 88.431928,
    "k": "a"
  },
  {
    "t": 88.846,
    "k": "s"
  },
  {
    "t": 89.123022,
    "k": "w"
  },
  {
    "t": 89.564733,
    "k": "s"
  },
  {
    "t": 89.937418,
    "k": "a"
  },
  {
    "t": 90.351977,
    "k": "d"
  },
  {
    "t": 90.708983,
    "k": "w"
  },
  {
    "t": 91.118777,
    "k": "s"
  },
  {
    "t": 91.563557,
    "k": "a"
  },
  {
    "t": 91.985368,
    "k": "d"
  },
  {
    "t": 92.384416,
    "k": "w"
  },
  {
    "t": 92.79362,
    "k": "s"
  },
  {
    "t": 93.197199,
    "k": "d"
  },
  {
    "t": 93.20762,
    "k": "a"
  },
  {
    "t": 93.56246,
    "k": "s"
  },
  {
    "t": 93.9453,
    "k": "w"
  },
  {
    "t": 94.372802,
    "k": "s"
  },
  {
    "t": 94.754216,
    "k": "a"
  },
  {
    "t": 95.192826,
    "k": "d"
  },
  {
    "t": 95.598829,
    "k": "w"
  },
  {
    "t": 96.057952,
    "k": "s"
  },
  {
    "t": 96.45124,
    "k": "a"
  },
  {
    "t": 96.842736,
    "k": "d"
  },
  {
    "t": 97.264665,
    "k": "w"
  },
  {
    "t": 97.678835,
    "k": "s"
  },
  {
    "t": 98.046842,
    "k": "s"
  },
  {
    "t": 98.473182,
    "k": "a"
  },
  {
    "t": 98.853138,
    "k": "d"
  },
  {
    "t": 99.327167,
    "k": "w"
  },
  {
    "t": 99.6873,
    "k": "s"
  },
  {
    "t": 100.067563,
    "k": "a"
  },
  {
    "t": 100.460749,
    "k": "d"
  },
  {
    "t": 100.920033,
    "k": "w"
  },
  {
    "t": 101.304554,
    "k": "s"
  },
  {
    "t": 101.716047,
    "k": "a"
  },
  {
    "t": 102.045414,
    "k": "d"
  },
  {
    "t": 102.461768,
    "k": "s"
  },
  {
    "t": 102.852311,
    "k": "w"
  },
  {
    "t": 103.285793,
    "k": "d"
  },
  {
    "t": 103.678352,
    "k": "a"
  },
  {
    "t": 104.080399,
    "k": "s"
  },
  {
    "t": 104.482869,
    "k": "w"
  },
  {
    "t": 104.885774,
    "k": "d"
  },
  {
    "t": 105.267978,
    "k": "s"
  },
  {
    "t": 105.763338,
    "k": "a"
  },
  {
    "t": 105.834245,
    "k": "d"
  },
  {
    "t": 106.191371,
    "k": "s"
  },
  {
    "t": 106.571373,
    "k": "w"
  },
  {
    "t": 106.733831,
    "k": "d"
  },
  {
    "t": 106.927887,
    "k": "s"
  },
  {
    "t": 107.125652,
    "k": "s"
  },
  {
    "t": 107.27576,
    "k": "a"
  },
  {
    "t": 107.587459,
    "k": "w"
  },
  {
    "t": 107.772128,
    "k": "d"
  },
  {
    "t": 108.200638,
    "k": "d"
  },
  {
    "t": 108.568887,
    "k": "s"
  },
  {
    "t": 108.825664,
    "k": "w"
  },
  {
    "t": 108.998686,
    "k": "d"
  },
  {
    "t": 109.399445,
    "k": "a"
  },
  {
    "t": 109.425063,
    "k": "d"
  },
  {
    "t": 109.82509,
    "k": "s"
  },
  {
    "t": 110.045477,
    "k": "w"
  },
  {
    "t": 110.251829,
    "k": "d"
  },
  {
    "t": 110.49675,
    "k": "s"
  },
  {
    "t": 110.702004,
    "k": "w"
  },
  {
    "t": 110.90775,
    "k": "d"
  },
  {
    "t": 111.356998,
    "k": "s"
  },
  {
    "t": 111.779135,
    "k": "d"
  },
  {
    "t": 112.211681,
    "k": "s"
  },
  {
    "t": 112.616827,
    "k": "w"
  },
  {
    "t": 113.064756,
    "k": "s"
  },
  {
    "t": 113.260593,
    "k": "a"
  },
  {
    "t": 113.433411,
    "k": "d"
  },
  {
    "t": 113.607687,
    "k": "w"
  },
  {
    "t": 114.055813,
    "k": "s"
  },
  {
    "t": 114.621814,
    "k": "a"
  },
  {
    "t": 114.855318,
    "k": "d"
  },
  {
    "t": 115.061813,
    "k": "s"
  },
  {
    "t": 115.443251,
    "k": "w"
  },
  {
    "t": 115.845175,
    "k": "d"
  },
  {
    "t": 116.281139,
    "k": "s"
  },
  {
    "t": 116.662593,
    "k": "w"
  },
  {
    "t": 117.092289,
    "k": "a"
  },
  {
    "t": 117.499195,
    "k": "s"
  },
  {
    "t": 117.908596,
    "k": "w"
  },
  {
    "t": 118.332544,
    "k": "d"
  },
  {
    "t": 118.755953,
    "k": "s"
  },
  {
    "t": 119.129354,
    "k": "w"
  },
  {
    "t": 119.552768,
    "k": "s"
  },
  {
    "t": 119.738585,
    "k": "w"
  },
  {
    "t": 119.936413,
    "k": "d"
  },
  {
    "t": 120.135634,
    "k": "a"
  },
  {
    "t": 120.296274,
    "k": "s"
  },
  {
    "t": 120.487824,
    "k": "w"
  },
  {
    "t": 120.64358,
    "k": "d"
  },
  {
    "t": 121.084735,
    "k": "s"
  },
  {
    "t": 121.544399,
    "k": "w"
  },
  {
    "t": 121.788511,
    "k": "s"
  },
  {
    "t": 121.901367,
    "k": "a"
  },
  {
    "t": 122.309068,
    "k": "d"
  },
  {
    "t": 122.727842,
    "k": "w"
  },
  {
    "t": 122.887605,
    "k": "s"
  },
  {
    "t": 123.106815,
    "k": "w"
  },
  {
    "t": 123.317635,
    "k": "d"
  },
  {
    "t": 123.52554,
    "k": "a"
  },
  {
    "t": 123.697959,
    "k": "s"
  },
  {
    "t": 123.942824,
    "k": "w"
  },
  {
    "t": 124.4124,
    "k": "d"
  },
  {
    "t": 124.814465,
    "k": "s"
  },
  {
    "t": 125.196137,
    "k": "w"
  },
  {
    "t": 125.658041,
    "k": "a"
  },
  {
    "t": 125.670269,
    "k": "d"
  },
  {
    "t": 126.061984,
    "k": "s"
  },
  {
    "t": 126.24702,
    "k": "w"
  },
  {
    "t": 126.397568,
    "k": "d"
  },
  {
    "t": 126.775897,
    "k": "s"
  },
  {
    "t": 127.216109,
    "k": "d"
  },
  {
    "t": 127.22702,
    "k": "a"
  },
  {
    "t": 127.609062,
    "k": "s"
  },
  {
    "t": 127.813456,
    "k": "w"
  },
  {
    "t": 127.983251,
    "k": "d"
  },
  {
    "t": 128.36013,
    "k": "s"
  },
  {
    "t": 128.812427,
    "k": "w"
  },
  {
    "t": 128.84692,
    "k": "a"
  },
  {
    "t": 129.201776,
    "k": "s"
  },
  {
    "t": 129.641162,
    "k": "d"
  },
  {
    "t": 129.674031,
    "k": "w"
  },
  {
    "t": 130.065949,
    "k": "s"
  },
  {
    "t": 130.454615,
    "k": "d"
  },
  {
    "t": 130.464912,
    "k": "a"
  },
  {
    "t": 130.873241,
    "k": "s"
  },
  {
    "t": 131.277612,
    "k": "w"
  },
  {
    "t": 131.67356,
    "k": "d"
  },
  {
    "t": 132.092619,
    "k": "s"
  },
  {
    "t": 132.128262,
    "k": "a"
  },
  {
    "t": 132.519765,
    "k": "d"
  },
  {
    "t": 132.749026,
    "k": "w"
  },
  {
    "t": 132.900714,
    "k": "s"
  },
  {
    "t": 133.097397,
    "k": "w"
  },
  {
    "t": 133.320251,
    "k": "d"
  },
  {
    "t": 133.368677,
    "k": "s"
  },
  {
    "t": 133.646161,
    "k": "w"
  },
  {
    "t": 134.089843,
    "k": "d"
  },
  {
    "t": 134.44475,
    "k": "s"
  },
  {
    "t": 134.662226,
    "k": "a"
  },
  {
    "t": 134.812625,
    "k": "w"
  },
  {
    "t": 135.284842,
    "k": "s"
  },
  {
    "t": 135.30721,
    "k": "d"
  },
  {
    "t": 135.686947,
    "k": "s"
  },
  {
    "t": 135.881533,
    "k": "a"
  },
  {
    "t": 136.07752,
    "k": "w"
  },
  {
    "t": 136.329695,
    "k": "s"
  },
  {
    "t": 136.537289,
    "k": "w"
  },
  {
    "t": 136.747512,
    "k": "d"
  },
  {
    "t": 136.933434,
    "k": "s"
  },
  {
    "t": 137.367828,
    "k": "d"
  },
  {
    "t": 137.793678,
    "k": "s"
  },
  {
    "t": 137.815238,
    "k": "a"
  },
  {
    "t": 138.21409,
    "k": "d"
  },
  {
    "t": 138.596098,
    "k": "s"
  },
  {
    "t": 138.99847,
    "k": "w"
  },
  {
    "t": 139.127408,
    "k": "d"
  },
  {
    "t": 139.392209,
    "k": "s"
  },
  {
    "t": 139.859412,
    "k": "w"
  },
  {
    "t": 140.218428,
    "k": "s"
  },
  {
    "t": 140.595596,
    "k": "d"
  },
  {
    "t": 140.839815,
    "k": "a"
  },
  {
    "t": 140.96695,
    "k": "s"
  },
  {
    "t": 141.216274,
    "k": "w"
  },
  {
    "t": 141.796355,
    "k": "s"
  },
  {
    "t": 142.223262,
    "k": "d"
  },
  {
    "t": 142.653913,
    "k": "s"
  },
  {
    "t": 143.049654,
    "k": "w"
  },
  {
    "t": 143.437722,
    "k": "a"
  },
  {
    "t": 143.864187,
    "k": "s"
  },
  {
    "t": 144.247686,
    "k": "a"
  },
  {
    "t": 144.258092,
    "k": "d"
  },
  {
    "t": 144.661837,
    "k": "s"
  },
  {
    "t": 145.039268,
    "k": "w"
  },
  {
    "t": 145.428216,
    "k": "d"
  },
  {
    "t": 145.707086,
    "k": "s"
  },
  {
    "t": 145.859057,
    "k": "a"
  },
  {
    "t": 146.08936,
    "k": "w"
  },
  {
    "t": 146.295107,
    "k": "a"
  },
  {
    "t": 146.444086,
    "k": "s"
  },
  {
    "t": 146.64159,
    "k": "w"
  },
  {
    "t": 147.056827,
    "k": "a"
  },
  {
    "t": 147.091873,
    "k": "d"
  },
  {
    "t": 147.53137,
    "k": "s"
  },
  {
    "t": 147.739061,
    "k": "w"
  },
  {
    "t": 147.948266,
    "k": "d"
  },
  {
    "t": 148.349237,
    "k": "a"
  },
  {
    "t": 148.360034,
    "k": "s"
  },
  {
    "t": 148.750826,
    "k": "d"
  },
  {
    "t": 148.978669,
    "k": "w"
  },
  {
    "t": 149.189019,
    "k": "s"
  },
  {
    "t": 149.465154,
    "k": "w"
  },
  {
    "t": 149.683155,
    "k": "a"
  },
  {
    "t": 149.902686,
    "k": "s"
  },
  {
    "t": 150.309158,
    "k": "d"
  },
  {
    "t": 150.738755,
    "k": "s"
  },
  {
    "t": 151.189854,
    "k": "w"
  },
  {
    "t": 151.60906,
    "k": "d"
  },
  {
    "t": 151.621836,
    "k": "a"
  },
  {
    "t": 151.990742,
    "k": "s"
  },
  {
    "t": 152.176096,
    "k": "w"
  },
  {
    "t": 152.34699,
    "k": "d"
  },
  {
    "t": 152.769324,
    "k": "s"
  },
  {
    "t": 153.196216,
    "k": "w"
  },
  {
    "t": 153.579116,
    "k": "a"
  },
  {
    "t": 153.801228,
    "k": "s"
  },
  {
    "t": 153.999416,
    "k": "d"
  },
  {
    "t": 154.404702,
    "k": "w"
  },
  {
    "t": 154.839199,
    "k": "d"
  },
  {
    "t": 154.84943,
    "k": "a"
  },
  {
    "t": 155.242575,
    "k": "s"
  },
  {
    "t": 155.625426,
    "k": "w"
  },
  {
    "t": 155.986734,
    "k": "d"
  },
  {
    "t": 156.344396,
    "k": "a"
  },
  {
    "t": 156.793261,
    "k": "s"
  },
  {
    "t": 157.240332,
    "k": "w"
  },
  {
    "t": 157.669304,
    "k": "d"
  },
  {
    "t": 158.116317,
    "k": "s"
  },
  {
    "t": 158.519425,
    "k": "w"
  },
  {
    "t": 158.911877,
    "k": "d"
  },
  {
    "t": 159.28415,
    "k": "a"
  },
  {
    "t": 159.687295,
    "k": "s"
  },
  {
    "t": 160.126146,
    "k": "w"
  },
  {
    "t": 160.461652,
    "k": "d"
  },
  {
    "t": 160.865973,
    "k": "s"
  },
  {
    "t": 161.270989,
    "k": "a"
  },
  {
    "t": 161.697416,
    "k": "w"
  },
  {
    "t": 161.974488,
    "k": "s"
  },
  {
    "t": 162.501155,
    "k": "d"
  },
  {
    "t": 162.950154,
    "k": "s"
  },
  {
    "t": 163.381294,
    "k": "w"
  },
  {
    "t": 163.787118,
    "k": "d"
  },
  {
    "t": 164.158195,
    "k": "a"
  },
  {
    "t": 164.54861,
    "k": "s"
  },
  {
    "t": 164.973514,
    "k": "w"
  },
  {
    "t": 165.377999,
    "k": "d"
  },
  {
    "t": 165.761236,
    "k": "a"
  },
  {
    "t": 166.159365,
    "k": "s"
  },
  {
    "t": 166.594348,
    "k": "d"
  },
  {
    "t": 167.047676,
    "k": "w"
  },
  {
    "t": 167.461734,
    "k": "s"
  },
  {
    "t": 167.84538,
    "k": "a"
  },
  {
    "t": 168.201973,
    "k": "d"
  },
  {
    "t": 168.597645,
    "k": "w"
  },
  {
    "t": 168.990751,
    "k": "s"
  },
  {
    "t": 169.415667,
    "k": "a"
  },
  {
    "t": 169.852895,
    "k": "d"
  },
  {
    "t": 170.291051,
    "k": "w"
  },
  {
    "t": 170.70519,
    "k": "s"
  },
  {
    "t": 171.099801,
    "k": "a"
  },
  {
    "t": 171.558839,
    "k": "w"
  },
  {
    "t": 171.916287,
    "k": "s"
  },
  {
    "t": 172.271993,
    "k": "a"
  },
  {
    "t": 172.626784,
    "k": "d"
  },
  {
    "t": 173.06425,
    "k": "w"
  },
  {
    "t": 173.472661,
    "k": "s"
  },
  {
    "t": 173.899021,
    "k": "a"
  },
  {
    "t": 174.278781,
    "k": "d"
  },
  {
    "t": 174.702274,
    "k": "s"
  },
  {
    "t": 175.098322,
    "k": "d"
  },
  {
    "t": 175.510049,
    "k": "s"
  },
  {
    "t": 175.912967,
    "k": "w"
  },
  {
    "t": 176.329895,
    "k": "a"
  },
  {
    "t": 176.734141,
    "k": "s"
  },
  {
    "t": 177.132557,
    "k": "d"
  },
  {
    "t": 177.499154,
    "k": "w"
  },
  {
    "t": 177.903468,
    "k": "a"
  },
  {
    "t": 178.307975,
    "k": "s"
  },
  {
    "t": 178.734239,
    "k": "d"
  },
  {
    "t": 179.167699,
    "k": "w"
  },
  {
    "t": 179.616044,
    "k": "s"
  },
  {
    "t": 179.996444,
    "k": "a"
  },
  {
    "t": 180.387614,
    "k": "d"
  },
  {
    "t": 180.801322,
    "k": "s"
  },
  {
    "t": 181.1662,
    "k": "a"
  },
  {
    "t": 181.561102,
    "k": "w"
  },
  {
    "t": 181.976884,
    "k": "d"
  },
  {
    "t": 182.408101,
    "k": "s"
  },
  {
    "t": 182.833979,
    "k": "a"
  },
  {
    "t": 183.273693,
    "k": "w"
  },
  {
    "t": 183.651714,
    "k": "d"
  },
  {
    "t": 186.965532,
    "k": "a"
  },
  {
    "t": 186.974517,
    "k": "d"
  },
  {
    "t": 187.474514,
    "k": "s"
  },
  {
    "t": 187.747402,
    "k": "w"
  },
  {
    "t": 187.918931,
    "k": "d"
  },
  {
    "t": 188.184146,
    "k": "s"
  },
  {
    "t": 188.743042,
    "k": "s"
  },
  {
    "t": 189.666929,
    "k": "a"
  },
  {
    "t": 189.676303,
    "k": "d"
  },
  {
    "t": 190.45282,
    "k": "s"
  },
  {
    "t": 190.881312,
    "k": "w"
  },
  {
    "t": 191.638558,
    "k": "s"
  },
  {
    "t": 192.159798,
    "k": "a"
  },
  {
    "t": 192.943917,
    "k": "a"
  },
  {
    "t": 192.954524,
    "k": "d"
  },
  {
    "t": 193.38315,
    "k": "s"
  },
  {
    "t": 193.60206,
    "k": "w"
  },
  {
    "t": 193.867186,
    "k": "s"
  },
  {
    "t": 194.420714,
    "k": "a"
  },
  {
    "t": 194.917957,
    "k": "d"
  },
  {
    "t": 195.34558,
    "k": "w"
  },
  {
    "t": 195.772701,
    "k": "s"
  },
  {
    "t": 196.007359,
    "k": "s"
  },
  {
    "t": 196.13291,
    "k": "a"
  },
  {
    "t": 196.547965,
    "k": "d"
  },
  {
    "t": 196.962868,
    "k": "w"
  },
  {
    "t": 197.35931,
    "k": "s"
  },
  {
    "t": 197.767848,
    "k": "a"
  },
  {
    "t": 198.203786,
    "k": "d"
  },
  {
    "t": 198.608253,
    "k": "w"
  },
  {
    "t": 200.217283,
    "k": "a"
  },
  {
    "t": 200.24125,
    "k": "d"
  },
  {
    "t": 200.611019,
    "k": "s"
  },
  {
    "t": 200.781893,
    "k": "w"
  },
  {
    "t": 201.030326,
    "k": "d"
  },
  {
    "t": 201.535954,
    "k": "s"
  },
  {
    "t": 202.082057,
    "k": "a"
  },
  {
    "t": 202.105004,
    "k": "d"
  },
  {
    "t": 202.496055,
    "k": "s"
  },
  {
    "t": 202.760553,
    "k": "w"
  },
  {
    "t": 203.447917,
    "k": "s"
  },
  {
    "t": 203.922795,
    "k": "d"
  },
  {
    "t": 203.932766,
    "k": "a"
  },
  {
    "t": 204.294607,
    "k": "s"
  },
  {
    "t": 204.711566,
    "k": "w"
  },
  {
    "t": 205.280439,
    "k": "s"
  },
  {
    "t": 205.867681,
    "k": "a"
  },
  {
    "t": 206.33126,
    "k": "w"
  },
  {
    "t": 206.738917,
    "k": "s"
  },
  {
    "t": 207.120433,
    "k": "a"
  },
  {
    "t": 207.487578,
    "k": "d"
  },
  {
    "t": 207.939307,
    "k": "w"
  },
  {
    "t": 208.332885,
    "k": "s"
  },
  {
    "t": 208.750259,
    "k": "a"
  },
  {
    "t": 209.141017,
    "k": "w"
  },
  {
    "t": 209.563098,
    "k": "s"
  },
  {
    "t": 209.945064,
    "k": "a"
  },
  {
    "t": 210.334413,
    "k": "w"
  },
  {
    "t": 210.773237,
    "k": "d"
  },
  {
    "t": 211.164827,
    "k": "s"
  },
  {
    "t": 211.570456,
    "k": "w"
  },
  {
    "t": 211.931808,
    "k": "s"
  },
  {
    "t": 212.431887,
    "k": "d"
  },
  {
    "t": 212.776568,
    "k": "a"
  },
  {
    "t": 213.241305,
    "k": "d"
  },
  {
    "t": 213.252263,
    "k": "a"
  },
  {
    "t": 213.597513,
    "k": "s"
  },
  {
    "t": 213.773119,
    "k": "w"
  },
  {
    "t": 213.949395,
    "k": "d"
  },
  {
    "t": 214.125461,
    "k": "a"
  },
  {
    "t": 214.322568,
    "k": "s"
  },
  {
    "t": 214.49881,
    "k": "w"
  },
  {
    "t": 214.777113,
    "k": "d"
  },
  {
    "t": 214.810767,
    "k": "a"
  },
  {
    "t": 215.193367,
    "k": "s"
  },
  {
    "t": 215.58602,
    "k": "w"
  },
  {
    "t": 215.840429,
    "k": "d"
  },
  {
    "t": 216.02907,
    "k": "a"
  },
  {
    "t": 216.445241,
    "k": "s"
  },
  {
    "t": 216.792703,
    "k": "s"
  },
  {
    "t": 217.032044,
    "k": "w"
  },
  {
    "t": 217.195564,
    "k": "d"
  },
  {
    "t": 217.368455,
    "k": "a"
  },
  {
    "t": 217.552426,
    "k": "s"
  },
  {
    "t": 217.767498,
    "k": "w"
  },
  {
    "t": 217.99367,
    "k": "d"
  },
  {
    "t": 218.433821,
    "k": "s"
  },
  {
    "t": 218.779849,
    "k": "a"
  },
  {
    "t": 219.226502,
    "k": "d"
  },
  {
    "t": 219.651887,
    "k": "w"
  },
  {
    "t": 220.05826,
    "k": "d"
  },
  {
    "t": 220.279949,
    "k": "w"
  },
  {
    "t": 220.464154,
    "k": "s"
  },
  {
    "t": 220.833249,
    "k": "a"
  },
  {
    "t": 221.235134,
    "k": "d"
  },
  {
    "t": 221.720686,
    "k": "w"
  },
  {
    "t": 221.922288,
    "k": "s"
  },
  {
    "t": 222.085141,
    "k": "a"
  },
  {
    "t": 222.487791,
    "k": "d"
  },
  {
    "t": 222.888367,
    "k": "w"
  },
  {
    "t": 223.30784,
    "k": "s"
  },
  {
    "t": 223.682544,
    "k": "a"
  },
  {
    "t": 224.088423,
    "k": "d"
  },
  {
    "t": 224.508095,
    "k": "w"
  },
  {
    "t": 224.976097,
    "k": "s"
  },
  {
    "t": 225.357396,
    "k": "d"
  },
  {
    "t": 225.767202,
    "k": "s"
  },
  {
    "t": 226.175727,
    "k": "d"
  },
  {
    "t": 226.190414,
    "k": "a"
  },
  {
    "t": 226.606624,
    "k": "s"
  },
  {
    "t": 226.744002,
    "k": "w"
  },
  {
    "t": 226.964486,
    "k": "d"
  },
  {
    "t": 227.167836,
    "k": "a"
  },
  {
    "t": 227.347682,
    "k": "s"
  },
  {
    "t": 227.561999,
    "k": "w"
  },
  {
    "t": 227.756938,
    "k": "d"
  },
  {
    "t": 228.19947,
    "k": "s"
  },
  {
    "t": 228.627981,
    "k": "a"
  },
  {
    "t": 228.661071,
    "k": "d"
  },
  {
    "t": 228.88321,
    "k": "s"
  },
  {
    "t": 229.054607,
    "k": "w"
  },
  {
    "t": 229.428021,
    "k": "d"
  },
  {
    "t": 229.451356,
    "k": "a"
  },
  {
    "t": 229.819135,
    "k": "d"
  },
  {
    "t": 230.085933,
    "k": "s"
  },
  {
    "t": 230.307596,
    "k": "w"
  },
  {
    "t": 230.504139,
    "k": "d"
  },
  {
    "t": 230.656311,
    "k": "a"
  },
  {
    "t": 230.920948,
    "k": "w"
  },
  {
    "t": 231.407849,
    "k": "w"
  },
  {
    "t": 231.824903,
    "k": "d"
  },
  {
    "t": 231.848119,
    "k": "a"
  },
  {
    "t": 232.222265,
    "k": "s"
  },
  {
    "t": 232.603419,
    "k": "w"
  },
  {
    "t": 233.016942,
    "k": "d"
  },
  {
    "t": 233.144684,
    "k": "a"
  },
  {
    "t": 233.399585,
    "k": "s"
  },
  {
    "t": 233.805535,
    "k": "w"
  },
  {
    "t": 234.18137,
    "k": "d"
  },
  {
    "t": 234.611786,
    "k": "s"
  },
  {
    "t": 234.821157,
    "k": "a"
  },
  {
    "t": 235.029477,
    "k": "d"
  },
  {
    "t": 235.418687,
    "k": "s"
  },
  {
    "t": 235.846197,
    "k": "w"
  },
  {
    "t": 236.212382,
    "k": "d"
  },
  {
    "t": 236.629541,
    "k": "s"
  },
  {
    "t": 237.077291,
    "k": "a"
  },
  {
    "t": 237.531413,
    "k": "w"
  },
  {
    "t": 237.898859,
    "k": "d"
  },
  {
    "t": 238.304364,
    "k": "a"
  },
  {
    "t": 238.693256,
    "k": "s"
  },
  {
    "t": 239.131873,
    "k": "a"
  },
  {
    "t": 239.145925,
    "k": "d"
  },
  {
    "t": 239.502394,
    "k": "s"
  },
  {
    "t": 239.719918,
    "k": "w"
  },
  {
    "t": 239.893791,
    "k": "d"
  },
  {
    "t": 240.168412,
    "k": "s"
  },
  {
    "t": 240.295704,
    "k": "a"
  },
  {
    "t": 240.573852,
    "k": "w"
  },
  {
    "t": 240.73578,
    "k": "d"
  },
  {
    "t": 241.139291,
    "k": "s"
  },
  {
    "t": 241.53221,
    "k": "a"
  },
  {
    "t": 241.54245,
    "k": "d"
  },
  {
    "t": 241.789463,
    "k": "s"
  },
  {
    "t": 241.947331,
    "k": "w"
  },
  {
    "t": 242.315579,
    "k": "d"
  },
  {
    "t": 242.753988,
    "k": "s"
  },
  {
    "t": 243.011278,
    "k": "a"
  },
  {
    "t": 243.160835,
    "k": "d"
  },
  {
    "t": 243.419199,
    "k": "w"
  },
  {
    "t": 243.56895,
    "k": "s"
  },
  {
    "t": 243.742247,
    "k": "a"
  },
  {
    "t": 243.929008,
    "k": "d"
  },
  {
    "t": 244.36442,
    "k": "s"
  },
  {
    "t": 244.794321,
    "k": "d"
  },
  {
    "t": 244.816597,
    "k": "a"
  },
  {
    "t": 245.183447,
    "k": "s"
  },
  {
    "t": 245.608927,
    "k": "w"
  },
  {
    "t": 246.039996,
    "k": "a"
  },
  {
    "t": 246.061502,
    "k": "d"
  },
  {
    "t": 246.395859,
    "k": "s"
  },
  {
    "t": 246.778233,
    "k": "w"
  },
  {
    "t": 247.159047,
    "k": "a"
  },
  {
    "t": 247.18241,
    "k": "d"
  },
  {
    "t": 247.589329,
    "k": "s"
  },
  {
    "t": 247.815913,
    "k": "w"
  },
  {
    "t": 247.976546,
    "k": "d"
  },
  {
    "t": 248.436814,
    "k": "s"
  },
  {
    "t": 248.829476,
    "k": "a"
  },
  {
    "t": 248.839738,
    "k": "d"
  },
  {
    "t": 249.246219,
    "k": "s"
  },
  {
    "t": 249.659746,
    "k": "w"
  },
  {
    "t": 250.107454,
    "k": "s"
  },
  {
    "t": 250.473377,
    "k": "a"
  },
  {
    "t": 250.48435,
    "k": "d"
  },
  {
    "t": 250.855649,
    "k": "s"
  },
  {
    "t": 251.239682,
    "k": "w"
  },
  {
    "t": 251.686798,
    "k": "d"
  },
  {
    "t": 251.696533,
    "k": "a"
  },
  {
    "t": 252.103096,
    "k": "s"
  },
  {
    "t": 252.482759,
    "k": "w"
  },
  {
    "t": 252.724462,
    "k": "s"
  },
  {
    "t": 252.875773,
    "k": "d"
  },
  {
    "t": 253.026046,
    "k": "a"
  },
  {
    "t": 253.247949,
    "k": "s"
  },
  {
    "t": 253.362105,
    "k": "w"
  },
  {
    "t": 253.591552,
    "k": "d"
  },
  {
    "t": 254.051716,
    "k": "s"
  },
  {
    "t": 254.467924,
    "k": "d"
  },
  {
    "t": 254.662938,
    "k": "w"
  },
  {
    "t": 254.860419,
    "k": "s"
  },
  {
    "t": 255.320191,
    "k": "a"
  },
  {
    "t": 255.330893,
    "k": "d"
  },
  {
    "t": 255.715072,
    "k": "s"
  },
  {
    "t": 255.957827,
    "k": "w"
  },
  {
    "t": 256.212784,
    "k": "s"
  },
  {
    "t": 256.371454,
    "k": "d"
  },
  {
    "t": 256.485262,
    "k": "a"
  },
  {
    "t": 256.705044,
    "k": "s"
  },
  {
    "t": 256.890196,
    "k": "w"
  },
  {
    "t": 257.329651,
    "k": "a"
  },
  {
    "t": 257.352986,
    "k": "d"
  },
  {
    "t": 257.723096,
    "k": "s"
  },
  {
    "t": 258.181837,
    "k": "w"
  },
  {
    "t": 258.665411,
    "k": "s"
  },
  {
    "t": 258.999184,
    "k": "a"
  },
  {
    "t": 259.196202,
    "k": "d"
  },
  {
    "t": 259.344779,
    "k": "w"
  },
  {
    "t": 259.782159,
    "k": "s"
  },
  {
    "t": 260.139395,
    "k": "a"
  },
  {
    "t": 260.545333,
    "k": "d"
  },
  {
    "t": 260.739183,
    "k": "w"
  },
  {
    "t": 260.931793,
    "k": "s"
  },
  {
    "t": 261.393224,
    "k": "d"
  },
  {
    "t": 261.403514,
    "k": "a"
  },
  {
    "t": 261.846149,
    "k": "s"
  },
  {
    "t": 261.869158,
    "k": "w"
  },
  {
    "t": 262.287832,
    "k": "d"
  },
  {
    "t": 262.665169,
    "k": "a"
  },
  {
    "t": 263.011359,
    "k": "w"
  },
  {
    "t": 263.381747,
    "k": "s"
  },
  {
    "t": 263.822453,
    "k": "w"
  },
  {
    "t": 264.227552,
    "k": "d"
  },
  {
    "t": 264.629163,
    "k": "a"
  },
  {
    "t": 265.100698,
    "k": "w"
  },
  {
    "t": 265.48229,
    "k": "s"
  },
  {
    "t": 265.704235,
    "k": "w"
  },
  {
    "t": 265.863996,
    "k": "d"
  },
  {
    "t": 266.070495,
    "k": "a"
  },
  {
    "t": 266.244295,
    "k": "s"
  },
  {
    "t": 266.416837,
    "k": "w"
  },
  {
    "t": 266.626418,
    "k": "d"
  },
  {
    "t": 267.009575,
    "k": "s"
  },
  {
    "t": 267.452967,
    "k": "d"
  },
  {
    "t": 267.462813,
    "k": "a"
  },
  {
    "t": 267.663437,
    "k": "s"
  },
  {
    "t": 267.834789,
    "k": "w"
  },
  {
    "t": 268.249856,
    "k": "a"
  },
  {
    "t": 268.283323,
    "k": "d"
  },
  {
    "t": 268.684973,
    "k": "s"
  },
  {
    "t": 268.847733,
    "k": "w"
  },
  {
    "t": 269.044288,
    "k": "d"
  },
  {
    "t": 269.194468,
    "k": "a"
  },
  {
    "t": 269.402506,
    "k": "s"
  },
  {
    "t": 269.585361,
    "k": "w"
  },
  {
    "t": 269.886553,
    "k": "w"
  },
  {
    "t": 270.31601,
    "k": "s"
  },
  {
    "t": 270.705087,
    "k": "d"
  },
  {
    "t": 270.727769,
    "k": "a"
  },
  {
    "t": 271.154153,
    "k": "s"
  },
  {
    "t": 271.488033,
    "k": "w"
  },
  {
    "t": 271.903726,
    "k": "d"
  },
  {
    "t": 272.134841,
    "k": "a"
  },
  {
    "t": 272.320867,
    "k": "s"
  },
  {
    "t": 272.75012,
    "k": "w"
  },
  {
    "t": 273.166939,
    "k": "a"
  },
  {
    "t": 273.177921,
    "k": "d"
  },
  {
    "t": 273.583681,
    "k": "s"
  },
  {
    "t": 273.815466,
    "k": "w"
  },
  {
    "t": 273.975701,
    "k": "d"
  },
  {
    "t": 274.371697,
    "k": "s"
  },
  {
    "t": 274.7527,
    "k": "d"
  },
  {
    "t": 274.789566,
    "k": "a"
  },
  {
    "t": 275.192197,
    "k": "s"
  },
  {
    "t": 275.534304,
    "k": "w"
  },
  {
    "t": 275.905367,
    "k": "d"
  },
  {
    "t": 276.41487,
    "k": "a"
  },
  {
    "t": 276.448813,
    "k": "s"
  },
  {
    "t": 276.84241,
    "k": "d"
  },
  {
    "t": 277.248645,
    "k": "w"
  },
  {
    "t": 277.683539,
    "k": "s"
  },
  {
    "t": 278.111444,
    "k": "d"
  },
  {
    "t": 278.122642,
    "k": "s"
  },
  {
    "t": 278.494093,
    "k": "s"
  },
  {
    "t": 278.574819,
    "k": "a"
  },
  {
    "t": 278.911617,
    "k": "w"
  },
  {
    "t": 279.072436,
    "k": "d"
  },
  {
    "t": 279.270544,
    "k": "a"
  },
  {
    "t": 279.421324,
    "k": "s"
  },
  {
    "t": 279.654667,
    "k": "w"
  },
  {
    "t": 279.708393,
    "k": "d"
  },
  {
    "t": 280.077138,
    "k": "s"
  },
  {
    "t": 280.490872,
    "k": "a"
  },
  {
    "t": 280.503958,
    "k": "w"
  },
  {
    "t": 280.733943,
    "k": "s"
  },
  {
    "t": 280.935218,
    "k": "w"
  },
  {
    "t": 281.276193,
    "k": "d"
  },
  {
    "t": 281.325603,
    "k": "a"
  },
  {
    "t": 281.682929,
    "k": "s"
  },
  {
    "t": 281.867908,
    "k": "w"
  },
  {
    "t": 282.038925,
    "k": "d"
  },
  {
    "t": 282.294431,
    "k": "w"
  },
  {
    "t": 282.407569,
    "k": "a"
  },
  {
    "t": 282.625371,
    "k": "s"
  },
  {
    "t": 282.87073,
    "k": "d"
  },
  {
    "t": 282.884467,
    "k": "w"
  },
  {
    "t": 283.279357,
    "k": "s"
  },
  {
    "t": 283.702306,
    "k": "a"
  },
  {
    "t": 283.717805,
    "k": "w"
  },
  {
    "t": 284.108475,
    "k": "s"
  },
  {
    "t": 284.560756,
    "k": "w"
  },
  {
    "t": 284.572406,
    "k": "d"
  },
  {
    "t": 284.976188,
    "k": "s"
  },
  {
    "t": 285.366072,
    "k": "a"
  },
  {
    "t": 285.366575,
    "k": "w"
  },
  {
    "t": 285.770742,
    "k": "s"
  },
  {
    "t": 286.158854,
    "k": "d"
  },
  {
    "t": 286.178349,
    "k": "w"
  },
  {
    "t": 286.582104,
    "k": "s"
  },
  {
    "t": 286.630386,
    "k": "a"
  },
  {
    "t": 286.975526,
    "k": "w"
  },
  {
    "t": 287.011048,
    "k": "a"
  },
  {
    "t": 287.392896,
    "k": "w"
  },
  {
    "t": 287.406862,
    "k": "d"
  },
  {
    "t": 287.734704,
    "k": "a"
  },
  {
    "t": 287.745856,
    "k": "s"
  },
  {
    "t": 288.093494,
    "k": "w"
  },
  {
    "t": 288.548896,
    "k": "d"
  },
  {
    "t": 288.98269,
    "k": "s"
  },
  {
    "t": 289.385119,
    "k": "w"
  },
  {
    "t": 289.834606,
    "k": "d"
  },
  {
    "t": 290.18273,
    "k": "a"
  },
  {
    "t": 290.603388,
    "k": "s"
  },
  {
    "t": 291.015724,
    "k": "d"
  },
  {
    "t": 291.504328,
    "k": "w"
  },
  {
    "t": 291.943386,
    "k": "d"
  },
  {
    "t": 292.597501,
    "k": "s"
  },
  {
    "t": 293.449545,
    "k": "a"
  },
  {
    "t": 294.271794,
    "k": "s"
  },
  {
    "t": 295.09976,
    "k": "a"
  },
  {
    "t": 295.895578,
    "k": "s"
  },
  {
    "t": 296.658904,
    "k": "a"
  },
  {
    "t": 297.450998,
    "k": "s"
  },
  {
    "t": 298.239581,
    "k": "d"
  },
  {
    "t": 299.09209,
    "k": "w"
  },
  {
    "t": 299.93691,
    "k": "s"
  },
  {
    "t": 300.713878,
    "k": "a"
  },
  {
    "t": 301.495073,
    "k": "d"
  }
]