[
  {
    "t": 3.208076,
    "k": "d"
  },
  {
    "t": 3.618522,
    "k": "w"
  },
  {
    "t": 4.385621,
    "k": "s"
  },
  {
    "t": 5.564897,
    "k": "s"
  },
  {
    "t": 5.754148,
    "k": "a"
  },
  {
    "t": 6.518757,
    "k": "s"
  },
  {
    "t": 6.828051,
    "k": "d"
  },
  {
    "t": 7.82204,
    "k": "d"
  },
  {
    "t": 8.214594,
    "k": "a"
  },
  {
    "t": 8.542569,
    "k": "s"
  },
  {
    "t": 8.837274,
    "k": "w"
  },
  {
    "t": 9.577715,
    "k": "d"
  },
  {
    "t": 10.155461,
    "k": "s"
  },
  {
    "t": 10.698332,
    "k": "d"
  },
  {
    "t": 11.262637,
    "k": "s"
  },
  {
    "t": 11.868423,
    "k": "a"
  },
  {
    "t": 11.888274,
    "k": "d"
  },
  {
    "t": 12.481135,
    "k": "s"
  },
  {
    "t": 13.045202,
    "k": "a"
  },
  {
    "t": 13.067349,
    "k": "d"
  },
  {
    "t": 13.628362,
    "k": "s"
  },
  {
    "t": 14.168435,
    "k": "a"
  },
  {
    "t": 14.189619,
    "k": "d"
  },
  {
    "t": 14.773653,
    "k": "s"
  },
  {
    "t": 15.339116,
    "k": "a"
  },
  {
    "t": 15.349636,
    "k": "d"
  },
  {
    "t": 15.935622,
    "k": "s"
  },
  {
    "t": 16.421371,
    "k": "a"
  },
  {
    "t": 16.46246,
    "k": "d"
  },
  {
    "t": 17.045299,
    "k": "s"
  },
  {
    "t": 17.622027,
    "k": "a"
  },
  {
    "t": 17.631676,
    "k": "d"
  },
  {
    "t": 18.203383,
    "k": "s"
  },
  {
    "t": 18.710347,
    "k": "a"
  },
  {
    "t": 18.743505,
    "k": "d"
  },
  {
    "t": 19.424573,
    "k": "s"
  },
  {
    "t": 19.950638,
    "k": "d"
  },
  {
    "t": 19.96059,
    "k": "a"
  },
  {
    "t": 20.500948,
    "k": "s"
  },
  {
    "t": 20.923854,
    "k": "s"
  },
  {
    "t": 21.378024,
    "k": "a"
  },
  {
    "t": 21.388694,
    "k": "d"
  },
  {
    "t": 21.815171,
    "k": "s"
  },
  {
    "t": 22.303307,
    "k": "a"
  },
  {
    "t": 22.325286,
    "k": "d"
  },
  {
    "t": 22.848275,
    "k": "s"
  },
  {
    "t": 23.147487,
    "k": "s"
  },
  {
    "t": 23.606969,
    "k": "a"
  },
  {
    "t": 23.615958,
    "k": "d"
  },
  {
    "t": 24.086401,
    "k": "s"
  },
  {
    "t": 24.588923,
    "k": "a"
  },
  {
    "t": 24.599399,
    "k": "d"
  },
  {
    "t": 25.174772,
    "k": "s"
  },
  {
    "t": 25.695811,
    "k": "d"
  },
  {
    "t": 25.707903,
    "k": "a"
  },
  {
    "t": 26.260275,
    "k": "s"
  },
  {
    "t": 26.80169,
    "k": "d"
  },
  {
    "t": 26.810098,
    "k": "a"
  },
  {
    "t": 27.425257,
    "k": "s"
  },
  {
    "t": 27.670004,
    "k": "s"
  },
  {
    "t": 27.988645,
    "k": "d"
  },
  {
    "t": 27.99919,
    "k": "a"
  },
  {
    "t": 28.553867,
    "k": "s"
  },
  {
    "t": 29.144756,
    "k": "a"
  },
  {
    "t": 29.155167,
    "k": "d"
  },
  {
    "t": 29.771429,
    "k": "s"
  },
  {
    "t": 30.39082,
    "k": "w"
  },
  {
    "t": 30.940298,
    "k": "a"
  },
  {
    "t": 30.949999,
    "k": "d"
  },
  {
    "t": 31.522284,
    "k": "s"
  },
  {
    "t": 32.099364,
    "k": "w"
  },
  {
    "t": 32.730004,
    "k": "a"
  },
  {
    "t": 32.740582,
    "k": "d"
  },
  {
    "t": 33.291644,
    "k": "s"
  },
  {
    "t": 33.846603,
    "k": "a"
  },
  {
    "t": 33.8613,
    "k": "d"
  },
  {
    "t": 34.411745,
    "k": "w"
  },
  {
    "t": 35.153048,
    "k": "d"
  },
  {
    "t": 35.218534,
    "k": "a"
  },
  {
    "t": 35.618939,
    "k": "s"
  },
  {
    "t": 36.127703,
    "k": "a"
  },
  {
    "t": 36.150056,
    "k": "d"
  },
  {
    "t": 36.753639,
    "k": "s"
  },
  {
    "t": 37.305102,
    "k": "a"
  },
  {
    "t": 37.314385,
    "k": "d"
  },
  {
    "t": 37.876525,
    "k": "s"
  },
  {
    "t": 38.431502,
    "k": "w"
  },
  {
    "t": 39.028949,
    "k": "a"
  },
  {
    "t": 39.050707,
    "k": "d"
  },
  {
    "t": 39.553249,
    "k": "s"
  },
  {
    "t": 40.20799,
    "k": "d"
  },
  {
    "t": 40.252378,
    "k": "a"
  },
  {
    "t": 40.748761,
    "k": "s"
  },
  {
    "t": 41.352345,
    "k": "w"
  },
  {
    "t": 41.967103,
    "k": "a"
  },
  {
    "t": 41.977824,
    "k": "d"
  },
  {
    "t": 42.518208,
    "k": "s"
  },
  {
    "t": 43.067463,
    "k": "d"
  },
  {
    "t": 43.090108,
    "k": "a"
  },
  {
    "t": 43.671848,
    "k": "s"
  },
  {
    "t": 44.138767,
    "k": "w"
  },
  {
    "t": 44.692953,
    "k": "a"
  },
  {
    "t": 44.703648,
    "k": "d"
  },
  {
    "t": 45.302947,
    "k": "s"
  },
  {
    "t": 45.930559,
    "k": "w"
  },
  {
    "t": 46.437392,
    "k": "a"
  },
  {
    "t": 46.448578,
    "k": "d"
  },
  {
    "t": 47.053698,
    "k": "s"
  },
  {
    "t": 47.382521,
    "k": "w"
  },
  {
    "t": 47.595296,
    "k": "d"
  },
  {
    "t": 47.61663,
    "k": "a"
  },
  {
    "t": 48.10338,
    "k": "s"
  },
  {
    "t": 48.341031,
    "k": "w"
  },
  {
    "t": 48.651865,
    "k": "a"
  },
  {
    "t": 48.683491,
    "k": "d"
  },
  {
    "t": 49.309711,
    "k": "s"
  },
  {
    "t": 49.437552,
    "k": "w"
  },
  {
    "t": 50.018237,
    "k": "a"
  },
  {
    "t": 50.0286,
    "k": "d"
  },
  {
    "t": 50.52638,
    "k": "s"
  },
  {
    "t": 50.601887,
    "k": "w"
  },
  {
    "t": 51.148952,
    "k": "d"
  },
  {
    "t": 51.159919,
    "k": "a"
  },
  {
    "t": 51.721329,
    "k": "s"
  },
  {
    "t": 51.815486,
    "k": "w"
  },
  {
    "t": 52.331168,
    "k": "a"
  },
  {
    "t": 52.342363,
    "k": "d"
  },
  {
    "t": 52.831515,
    "k": "s"
  },
  {
    "t": 53.408243,
    "k": "a"
  },
  {
    "t": 53.418447,
    "k": "d"
  },
  {
    "t": 53.942298,
    "k": "s"
  },
  {
    "t": 54.560262,
    "k": "d"
  },
  {
    "t": 54.580941,
    "k": "a"
  },
  {
    "t": 55.113264,
    "k": "s"
  },
  {
    "t": 55.711383,
    "k": "a"
  },
  {
    "t": 55.721583,
    "k": "d"
  },
  {
    "t": 56.282684,
    "k": "s"
  },
  {
    "t": 56.887146,
    "k": "a"
  },
  {
    "t": 56.897484,
    "k": "d"
  },
  {
    "t": 57.407672,
    "k": "s"
  },
  {
    "t": 58.026061,
    "k": "d"
  },
  {
    "t": 58.0469,
    "k": "a"
  },
  {
    "t": 58.557819,
    "k": "s"
  },
  {
    "t": 59.132711,
    "k": "a"
  },
  {
    "t": 59.143775,
    "k": "d"
  },
  {
    "t": 59.755259,
    "k": "s"
  },
  {
    "t": 60.33827,
    "k": "a"
  },
  {
    "t": 60.349222,
    "k": "d"
  },
  {
    "t": 60.912202,
    "k": "w"
  },
  {
    "t": 61.518297,
    "k": "a"
  },
  {
    "t": 61.538867,
    "k": "d"
  },
  {
    "t": 62.08107,
    "k": "w"
  },
  {
    "t": 62.668015,
    "k": "a"
  },
  {
    "t": 62.676674,
    "k": "d"
  },
  {
    "t": 63.168858,
    "k": "w"
  },
  {
    "t": 63.808876,
    "k": "a"
  },
  {
    "t": 63.818013,
    "k": "d"
  },
  {
    "t": 64.32967,
    "k": "w"
  },
  {
    "t": 65.028209,
    "k": "d"
  },
  {
    "t": 65.03829,
    "k": "a"
  },
  {
    "t": 65.568216,
    "k": "s"
  },
  {
    "t": 65.578457,
    "k": "a"
  },
  {
    "t": 65.590571,
    "k": "d"
  },
  {
    "t": 67.882245,
    "k": "d"
  },
  {
    "t": 67.913071,
    "k": "a"
  },
  {
    "t": 68.202635,
    "k": "d"
  },
  {
    "t": 68.224086,
    "k": "a"
  },
  {
    "t": 68.579619,
    "k": "s"
  },
  {
    "t": 68.784694,
    "k": "s"
  },
  {
    "t": 69.094529,
    "k": "s"
  },
  {
    "t": 69.337172,
    "k": "s"
  },
  {
    "t": 69.599718,
    "k": "s"
  },
  {
    "t": 69.897878,
    "k": "s"
  },
  {
    "t": 70.143786,
    "k": "s"
  },
  {
    "t": 71.30993,
    "k": "a"
  },
  {
    "t": 71.340486,
    "k": "d"
  },
  {
    "t": 72.452673,
    "k": "w"
  },
  {
    "t": 73.574595,
    "k": "s"
  },
  {
    "t": 74.729935,
    "k": "a"
  },
  {
    "t": 74.76197,
    "k": "d"
  },
  {
    "t": 75.940703,
    "k": "w"
  },
  {
    "t": 77.115192,
    "k": "s"
  },
  {
    "t": 77.659071,
    "k": "d"
  },
  {
    "t": 78.241854,
    "k": "a"
  },
  {
    "t": 78.262047,
    "k": "d"
  },
  {
    "t": 79.364113,
    "k": "a"
  },
  {
    "t": 79.374124,
    "k": "d"
  },
  {
    "t": 79.959077,
    "k": "s"
  },
  {
    "t": 80.298768,
    "k": "s"
  },
  {
    "t": 80.565006,
    "k": "a"
  },
  {
    "t": 80.596591,
    "k": "d"
  },
  {
    "t": 81.185421,
    "k": "s"
  },
  {
    "t": 81.504585,
    "k": "s"
  },
  {
    "t": 81.791357,
    "k": "a"
  },
  {
    "t": 81.801945,
    "k": "d"
  },
  {
    "t": 82.283506,
    "k": "s"
  },
  {
    "t": 82.59824,
    "k": "s"
  },
  {
    "t": 82.904854,
    "k": "d"
  },
  {
    "t": 82.915719,
    "k": "a"
  },
  {
    "t": 83.424449,
    "k": "s"
  },
  {
    "t": 83.727326,
    "k": "s"
  },
  {
    "t": 84.035214,
    "k": "a"
  },
  {
    "t": 84.045538,
    "k": "d"
  },
  {
    "t": 84.619138,
    "k": "s"
  },
  {
    "t": 84.927552,
    "k": "s"
  },
  {
    "t": 85.223617,
    "k": "a"
  },
  {
    "t": 85.243128,
    "k": "d"
  },
  {
    "t": 85.752968,
    "k": "s"
  },
  {
    "t": 86.060241,
    "k": "s"
  },
  {
    "t": 86.358016,
    "k": "a"
  },
  {
    "t": 86.367301,
    "k": "d"
  },
  {
    "t": 86.846281,
    "k": "s"
  },
  {
    "t": 87.168217,
    "k": "s"
  },
  {
    "t": 87.430113,
    "k": "a"
  },
  {
    "t": 87.462332,
    "k": "d"
  },
  {
    "t": 88.065689,
    "k": "s"
  },
  {
    "t": 88.278168,
    "k": "s"
  },
  {
    "t": 88.614057,
    "k": "d"
  },
  {
    "t": 88.636409,
    "k": "a"
  },
  {
    "t": 89.237432,
    "k": "w"
  },
  {
    "t": 89.790521,
    "k": "a"
  },
  {
    "t": 89.804238,
    "k": "d"
  },
  {
    "t": 90.411922,
    "k": "s"
  },
  {
    "t": 90.953791,
    "k": "a"
  },
  {
    "t": 90.96453,
    "k": "d"
  },
  {
    "t": 91.537647,
    "k": "w"
  },
  {
    "t": 92.079679,
    "k": "a"
  },
  {
    "t": 92.09064,
    "k": "d"
  },
  {
    "t": 92.607637,
    "k": "s"
  },
  {
    "t": 93.195682,
    "k": "a"
  },
  {
    "t": 93.20612,
    "k": "d"
  },
  {
    "t": 93.759653,
    "k": "w"
  },
  {
    "t": 94.389856,
    "k": "d"
  },
  {
    "t": 94.398352,
    "k": "a"
  },
  {
    "t": 94.954201,
    "k": "s"
  },
  {
    "t": 95.490864,
    "k": "a"
  },
  {
    "t": 95.499804,
    "k": "d"
  },
  {
    "t": 96.060213,
    "k": "s"
  },
  {
    "t": 96.634725,
    "k": "a"
  },
  {
    "t": 96.656613,
    "k": "d"
  },
  {
    "t": 97.216098,
    "k": "w"
  },
  {
    "t": 97.802186,
    "k": "a"
  },
  {
    "t": 97.812232,
    "k": "d"
  },
  {
    "t": 98.379268,
    "k": "s"
  },
  {
    "t": 98.997101,
    "k": "a"
  },
  {
    "t": 99.006922,
    "k": "d"
  },
  {
    "t": 99.652017,
    "k": "w"
  },
  {
    "t": 100.174112,
    "k": "d"
  },
  {
    "t": 100.185957,
    "k": "a"
  },
  {
    "t": 100.758149,
    "k": "s"
  },
  {
    "t": 101.324201,
    "k": "d"
  },
  {
    "t": 101.333477,
    "k": "a"
  },
  {
    "t": 101.857606,
    "k": "s"
  },
  {
    "t": 102.440366,
    "k": "d"
  },
  {
    "t": 102.44925,
    "k": "a"
  },
  {
    "t": 103.010009,
    "k": "w"
  },
  {
    "t": 103.584632,
    "k": "a"
  },
  {
    "t": 103.594412,
    "k": "d"
  },
  {
    "t": 104.138579,
    "k": "s"
  },
  {
    "t": 104.724762,
    "k": "a"
  },
  {
    "t": 104.7362,
    "k": "d"
  },
  {
    "t": 105.302807,
    "k": "s"
  },
  {
    "t": 105.909511,
    "k": "d"
  },
  {
    "t": 105.929607,
    "k": "a"
  },
  {
    "t": 106.473675,
    "k": "s"
  },
  {
    "t": 107.057689,
    "k": "d"
  },
  {
    "t": 107.068072,
    "k": "a"
  },
  {
    "t": 107.616712,
    "k": "s"
  },
  {
    "t": 107.906452,
    "k": "d"
  },
  {
    "t": 108.212011,
    "k": "a"
  },
  {
    "t": 108.770254,
    "k": "s"
  },
  {
    "t": 109.097908,
    "k": "a"
  },
  {
    "t": 109.38261,
    "k": "d"
  },
  {
    "t": 109.406285,
    "k": "a"
  },
  {
    "t": 109.915407,
    "k": "s"
  },
  {
    "t": 110.284781,
    "k": "a"
  },
  {
    "t": 110.58342,
    "k": "d"
  },
  {
    "t": 110.612823,
    "k": "a"
  },
  {
    "t": 111.050857,
    "k": "s"
  },
  {
    "t": 111.379433,
    "k": "d"
  },
  {
    "t": 111.696883,
    "k": "a"
  },
  {
    "t": 111.730265,
    "k": "d"
  },
  {
    "t": 112.257198,
    "k": "s"
  },
  {
    "t": 112.626656,
    "k": "d"
  },
  {
    "t": 112.881363,
    "k": "a"
  },
  {
    "t": 112.914002,
    "k": "d"
  },
  {
    "t": 113.380059,
    "k": "s"
  },
  {
    "t": 113.729809,
    "k": "d"
  },
  {
    "t": 114.058088,
    "k": "s"
  },
  {
    "t": 114.080104,
    "k": "a"
  },
  {
    "t": 114.550309,
    "k": "d"
  },
  {
    "t": 114.901382,
    "k": "s"
  },
  {
    "t": 115.199473,
    "k": "a"
  },
  {
    "t": 115.220408,
    "k": "d"
  },
  {
    "t": 115.693029,
    "k": "s"
  },
  {
    "t": 116.012229,
    "k": "a"
  },
  {
    "t": 116.33291,
    "k": "d"
  },
  {
    "t": 116.352883,
    "k": "a"
  },
  {
    "t": 116.877177,
    "k": "w"
  },
  {
    "t": 117.193247,
    "k": "a"
  },
  {
    "t": 117.492339,
    "k": "a"
  },
  {
    "t": 117.514553,
    "k": "d"
  },
  {
    "t": 118.045819,
    "k": "w"
  },
  {
    "t": 118.343832,
    "k": "a"
  },
  {
    "t": 118.626947,
    "k": "a"
  },
  {
    "t": 118.658377,
    "k": "d"
  },
  {
    "t": 119.139905,
    "k": "w"
  },
  {
    "t": 119.480196,
    "k": "s"
  },
  {
    "t": 119.774825,
    "k": "a"
  },
  {
    "t": 119.796917,
    "k": "d"
  },
  {
    "t": 120.319309,
    "k": "w"
  },
  {
    "t": 120.630997,
    "k": "d"
  },
  {
    "t": 121.012931,
    "k": "s"
  },
  {
    "t": 121.492536,
    "k": "d"
  },
  {
    "t": 122.057572,
    "k": "a"
  },
  {
    "t": 122.662793,
    "k": "s"
  },
  {
    "t": 123.203831,
    "k": "a"
  },
  {
    "t": 123.225996,
    "k": "d"
  },
  {
    "t": 123.807025,
    "k": "w"
  },
  {
    "t": 124.366791,
    "k": "s"
  },
  {
    "t": 124.941071,
    "k": "d"
  },
  {
    "t": 125.535608,
    "k": "w"
  },
  {
    "t": 125.772989,
    "k": "s"
  },
  {
    "t": 126.164491,
    "k": "d"
  },
  {
    "t": 126.507618,
    "k": "a"
  },
  {
    "t": 126.759802,
    "k": "a"
  },
  {
    "t": 126.773263,
    "k": "d"
  },
  {
    "t": 127.299743,
    "k": "s"
  },
  {
    "t": 127.681263,
    "k": "w"
  },
  {
    "t": 127.969641,
    "k": "d"
  },
  {
    "t": 128.224689,
    "k": "a"
  },
  {
    "t": 128.480894,
    "k": "s"
  },
  {
    "t": 128.787934,
    "k": "w"
  },
  {
    "t": 129.050759,
    "k": "d"
  },
  {
    "t": 129.486736,
    "k": "a"
  },
  {
    "t": 130.175439,
    "k": "s"
  },
  {
    "t": 130.474076,
    "k": "w"
  },
  {
    "t": 130.741131,
    "k": "d"
  },
  {
    "t": 131.047552,
    "k": "a"
  },
  {
    "t": 131.313749,
    "k": "s"
  },
  {
    "t": 131.824496,
    "k": "w"
  },
  {
    "t": 132.208611,
    "k": "d"
  },
  {
    "t": 132.516549,
    "k": "a"
  },
  {
    "t": 132.748109,
    "k": "s"
  },
  {
    "t": 132.981976,
    "k": "w"
  },
  {
    "t": 133.216672,
    "k": "d"
  },
  {
    "t": 133.441979,
    "k": "a"
  },
  {
    "t": 134.069657,
    "k": "d"
  },
  {
    "t": 134.526063,
    "k": "a"
  },
  {
    "t": 134.819938,
    "k": "d"
  },
  {
    "t": 135.011266,
    "k": "s"
  },
  {
    "t": 135.362604,
    "k": "d"
  },
  {
    "t": 135.700249,
    "k": "a"
  },
  {
    "t": 135.933692,
    "k": "s"
  },
  {
    "t": 136.459669,
    "k": "d"
  },
  {
    "t": 136.942174,
    "k": "a"
  },
  {
    "t": 137.275431,
    "k": "s"
  },
  {
    "t": 137.558684,
    "k": "d"
  },
  {
    "t": 137.81274,
    "k": "w"
  },
  {
    "t": 138.123177,
    "k": "s"
  },
  {
    "t": 138.39096,
    "k": "d"
  },
  {
    "t": 138.782898,
    "k": "a"
  },
  {
    "t": 139.405611,
    "k": "d"
  },
  {
    "t": 139.978568,
    "k": "s"
  },
  {
    "t": 140.555077,
    "k": "a"
  },
  {
    "t": 141.098147,
    "k": "d"
  },
  {
    "t": 141.663439,
    "k": "s"
  },
  {
    "t": 142.206939,
    "k": "a"
  },
  {
    "t": 142.766513,
    "k": "a"
  },
  {
    "t": 142.775177,
    "k": "d"
  },
  {
    "t": 143.422366,
    "k": "s"
  },
  {
    "t": 144.004299,
    "k": "a"
  },
  {
    "t": 144.024748,
    "k": "d"
  },
  {
    "t": 144.636454,
    "k": "s"
  },
  {
    "t": 145.093407,
    "k": "a"
  },
  {
    "t": 145.13468,
    "k": "d"
  },
  {
    "t": 145.763327,
    "k": "s"
  },
  {
    "t": 146.272701,
    "k": "a"
  },
  {
    "t": 146.292865,
    "k": "d"
  },
  {
    "t": 146.889691,
    "k": "s"
  },
  {
    "t": 147.431394,
    "k": "s"
  },
  {
    "t": 148.006232,
    "k": "a"
  },
  {
    "t": 148.014747,
    "k": "d"
  },
  {
    "t": 148.602168,
    "k": "s"
  },
  {
    "t": 149.226242,
    "k": "a"
  },
  {
    "t": 149.236352,
    "k": "d"
  },
  {
    "t": 149.833356,
    "k": "s"
  },
  {
    "t": 150.329946,
    "k": "a"
  },
  {
    "t": 150.341293,
    "k": "d"
  },
  {
    "t": 150.914636,
    "k": "s"
  },
  {
    "t": 151.520027,
    "k": "a"
  },
  {
    "t": 151.531159,
    "k": "d"
  },
  {
    "t": 152.073955,
    "k": "s"
  },
  {
    "t": 152.672361,
    "k": "d"
  },
  {
    "t": 152.682408,
    "k": "a"
  },
  {
    "t": 153.18443,
    "k": "a"
  },
  {
    "t": 153.193773,
    "k": "d"
  },
  {
    "t": 153.418065,
    "k": "d"
  },
  {
    "t": 153.427597,
    "k": "a"
  }
]