[
  {
    "t": 3.185812,
    "k": "w"
  },
  {
    "t": 5.596807,
    "k": "s"
  },
  {
    "t": 7.851197,
    "k": "a"
  },
  {
    "t": 10.168111,
    "k": "s"
  },
  {
    "t": 11.254204,
    "k": "d"
  },
  {
    "t": 12.43571,
    "k": "s"
  },
  {
    "t": 13.660425,
    "k": "a"
  },
  {
    "t": 14.730896,
    "k": "s"
  },
  {
    "t": 15.824348,
    "k": "w"
  },
  {
    "t": 17.061482,
    "k": "s"
  },
  {
    "t": 18.244005,
    "k": "s"
  },
  {
    "t": 19.407855,
    "k": "s"
  },
  {
    "t": 20.549936,
    "k": "a"
  },
  {
    "t": 21.686049,
    "k": "s"
  },
  {
    "t": 22.863172,
    "k": "d"
  },
  {
    "t": 23.956576,
    "k": "s"
  },
  {
    "t": 25.190158,
    "k": "s"
  },
  {
    "t": 26.328352,
    "k": "s"
  },
  {
    "t": 27.498977,
    "k": "s"
  },
  {
    "t": 28.078731,
    "k": "d"
  },
  {
    "t": 28.618832,
    "k": "s"
  },
  {
    "t": 29.792753,
    "k": "w"
  },
  {
    "t": 30.942545,
    "k": "s"
  },
  {
    "t": 31.575274,
    "k": "w"
  },
  {
    "t": 33.206603,
    "k": "s"
  },
  {
    "t": 33.802437,
    "k": "w"
  },
  {
    "t": 35.484557,
    "k": "s"
  },
  {
    "t": 36.057987,
    "k": "w"
  },
  {
    "t": 37.870794,
    "k": "a"
  },
  {
    "t": 38.403501,
    "k": "s"
  },
  {
    "t": 40.189141,
    "k": "a"
  },
  {
    "t": 40.731206,
    "k": "d"
  },
  {
    "t": 42.475232,
    "k": "a"
  },
  {
    "t": 43.01896,
    "k": "w"
  },
  {
    "t": 44.804391,
    "k": "a"
  },
  {
    "t": 45.315506,
    "k": "a"
  },
  {
    "t": 47.156854,
    "k": "d"
  },
  {
    "t": 47.68238,
    "k": "a"
  },
  {
    "t": 48.301693,
    "k": "d"
  },
  {
    "t": 48.855761,
    "k": "w"
  },
  {
    "t": 49.385352,
    "k": "d"
  },
  {
    "t": 50.568103,
    "k": "a"
  },
  {
    "t": 51.733289,
    "k": "d"
  },
  {
    "t": 52.898691,
    "k": "d"
  },
  {
    "t": 54.025419,
    "k": "d"
  },
  {
    "t": 55.203186,
    "k": "a"
  },
  {
    "t": 56.297184,
    "k": "d"
  },
  {
    "t": 57.458008,
    "k": "w"
  },
  {
    "t": 58.593342,
    "k": "d"
  },
  {
    "t": 59.757259,
    "k": "w"
  },
  {
    "t": 60.859441,
    "k": "d"
  },
  {
    "t": 61.45209,
    "k": "w"
  },
  {
    "t": 62.205799,
    "k": "d"
  },
  {
    "t": 62.71038,
    "k": "w"
  },
  {
    "t": 64.448665,
    "k": "d"
  },
  {
    "t": 65.663738,
    "k": "w"
  },
  {
    "t": 71.360052,
    "k": "w"
  },
  {
    "t": 72.501973,
    "k": "s"
  },
  {
    "t": 73.6637,
    "k": "a"
  },
  {
    "t": 74.741234,
    "k": "d"
  },
  {
    "t": 75.937974,
    "k": "w"
  },
  {
    "t": 77.074437,
    "k": "d"
  },
  {
    "t": 78.195131,
    "k": "a"
  },
  {
    "t": 79.356258,
    "k": "s"
  },
  {
    "t": 80.60045,
    "k": "s"
  },
  {
    "t": 81.724436,
    "k": "s"
  },
  {
    "t": 82.885276,
    "k": "s"
  },
  {
    "t": 84.012643,
    "k": "w"
  },
  {
    "t": 85.206588,
    "k": "w"
  },
  {
    "t": 86.318258,
    "k": "w"
  },
  {
    "t": 87.501274,
    "k": "w"
  },
  {
    "t": 88.669079,
    "k": "a"
  },
  {
    "t": 89.792812,
    "k": "a"
  },
  {
    "t": 90.953446,
    "k": "a"
  },
  {
    "t": 92.056843,
    "k": "a"
  },
  {
    "t": 93.215364,
    "k": "d"
  },
  {
    "t": 94.390976,
    "k": "d"
  },
  {
    "t": 95.593899,
    "k": "d"
  },
  {
    "t": 96.714977,
    "k": "d"
  },
  {
    "t": 97.85894,
    "k": "d"
  },
  {
    "t": 99.055375,
    "k": "a"
  },
  {
    "t": 100.224706,
    "k": "s"
  },
  {
    "t": 101.338969,
    "k": "a"
  },
  {
    "t": 102.496868,
    "k": "d"
  },
  {
    "t": 103.571835,
    "k": "a"
  },
  {
    "t": 104.789608,
    "k": "d"
  },
  {
    "t": 105.951777,
    "k": "s"
  },
  {
    "t": 107.104593,
    "k": "w"
  },
  {
    "t": 108.235892,
    "k": "d"
  },
  {
    "t": 109.359476,
    "k": "w"
  },
  {
    "t": 110.547837,
    "k": "a"
  },
  {
    "t": 111.713158,
    "k": "w"
  },
  {
    "t": 112.844416,
    "k": "s"
  },
  {
    "t": 113.97458,
    "k": "w"
  },
  {
    "t": 115.133746,
    "k": "d"
  },
  {
    "t": 116.299924,
    "k": "w"
  },
  {
    "t": 117.492891,
    "k": "d"
  },
  {
    "t": 118.649068,
    "k": "w"
  },
  {
    "t": 119.795688,
    "k": "d"
  },
  {
    "t": 120.895482,
    "k": "w"
  },
  {
    "t": 122.074453,
    "k": "a"
  },
  {
    "t": 123.244456,
    "k": "w"
  },
  {
    "t": 124.361784,
    "k": "a"
  },
  {
    "t": 125.528873,
    "k": "w"
  },
  {
    "t": 125.945664,
    "k": "s"
  },
  {
    "t": 126.720406,
    "k": "d"
  },
  {
    "t": 127.861959,
    "k": "w"
  },
  {
    "t": 128.596665,
    "k": "s"
  },
  {
    "t": 129.013776,
    "k": "d"
  },
  {
    "t": 130.159939,
    "k": "w"
  },
  {
    "t": 130.849771,
    "k": "s"
  },
  {
    "t": 131.285336,
    "k": "a"
  },
  {
    "t": 132.436683,
    "k": "w"
  },
  {
    "t": 132.818952,
    "k": "s"
  },
  {
    "t": 133.64598,
    "k": "d"
  },
  {
    "t": 134.768174,
    "k": "w"
  },
  {
    "t": 135.24939,
    "k": "s"
  },
  {
    "t": 135.995126,
    "k": "a"
  },
  {
    "t": 137.098465,
    "k": "w"
  },
  {
    "t": 137.425707,
    "k": "s"
  },
  {
    "t": 138.293348,
    "k": "a"
  },
  {
    "t": 139.36945,
    "k": "w"
  },
  {
    "t": 140.139663,
    "k": "s"
  },
  {
    "t": 140.551957,
    "k": "d"
  },
  {
    "t": 141.719436,
    "k": "w"
  },
  {
    "t": 142.326384,
    "k": "s"
  },
  {
    "t": 142.885473,
    "k": "a"
  },
  {
    "t": 144.052177,
    "k": "a"
  },
  {
    "t": 146.262079,
    "k": "s"
  },
  {
    "t": 148.580717,
    "k": "d"
  },
  {
    "t": 150.986766,
    "k": "w"
  },
  {
    "t": 152.75027,
    "k": "s"
  },
  {
    "t": 153.0818,
    "k": "s"
  },
  {
    "t": 153.338317,
    "k": "a"
  },
  {
    "t": 153.370483,
    "k": "d"
  }
]