[
  {
    "t": 3.293584,
    "k": "d"
  },
  {
    "t": 3.404189,
    "k": "s"
  },
  {
    "t": 3.494207,
    "k": "s"
  },
  {
    "t": 3.621909,
    "k": "a"
  },
  {
    "t": 3.754952,
    "k": "d"
  },
  {
    "t": 4.05985,
    "k": "a"
  },
  {
    "t": 4.400617,
    "k": "s"
  },
  {
    "t": 5.565809,
    "k": "s"
  },
  {
    "t": 5.707797,
    "k": "w"
  },
  {
    "t": 5.803044,
    "k": "d"
  },
  {
    "t": 5.95861,
    "k": "a"
  },
  {
    "t": 6.1028,
    "k": "s"
  },
  {
    "t": 6.415906,
    "k": "d"
  },
  {
    "t": 6.716593,
    "k": "s"
  },
  {
    "t": 7.877255,
    "k": "s"
  },
  {
    "t": 8.004105,
    "k": "a"
  },
  {
    "t": 8.138453,
    "k": "d"
  },
  {
    "t": 8.299623,
    "k": "s"
  },
  {
    "t": 8.432684,
    "k": "d"
  },
  {
    "t": 8.717447,
    "k": "s"
  },
  {
    "t": 9.020783,
    "k": "a"
  },
  {
    "t": 9.603987,
    "k": "d"
  },
  {
    "t": 9.620074,
    "k": "a"
  },
  {
    "t": 10.176198,
    "k": "s"
  },
  {
    "t": 10.415426,
    "k": "d"
  },
  {
    "t": 10.716123,
    "k": "a"
  },
  {
    "t": 10.859846,
    "k": "s"
  },
  {
    "t": 10.998227,
    "k": "w"
  },
  {
    "t": 11.152364,
    "k": "d"
  },
  {
    "t": 11.327869,
    "k": "a"
  },
  {
    "t": 11.332904,
    "k": "s"
  },
  {
    "t": 11.556364,
    "k": "d"
  },
  {
    "t": 11.706068,
    "k": "w"
  },
  {
    "t": 12.050325,
    "k": "s"
  },
  {
    "t": 12.46397,
    "k": "a"
  },
  {
    "t": 12.468966,
    "k": "d"
  },
  {
    "t": 12.777412,
    "k": "s"
  },
  {
    "t": 13.046445,
    "k": "w"
  },
  {
    "t": 13.194249,
    "k": "d"
  },
  {
    "t": 13.35493,
    "k": "s"
  },
  {
    "t": 13.472145,
    "k": "a"
  },
  {
    "t": 13.631811,
    "k": "a"
  },
  {
    "t": 13.636851,
    "k": "d"
  },
  {
    "t": 13.919901,
    "k": "s"
  },
  {
    "t": 14.063625,
    "k": "w"
  },
  {
    "t": 14.365279,
    "k": "d"
  },
  {
    "t": 14.369946,
    "k": "a"
  },
  {
    "t": 14.757144,
    "k": "s"
  },
  {
    "t": 15.09465,
    "k": "w"
  },
  {
    "t": 15.374701,
    "k": "s"
  },
  {
    "t": 15.498567,
    "k": "a"
  },
  {
    "t": 15.651838,
    "k": "d"
  },
  {
    "t": 15.804047,
    "k": "w"
  },
  {
    "t": 15.957456,
    "k": "a"
  },
  {
    "t": 15.962606,
    "k": "d"
  },
  {
    "t": 16.236992,
    "k": "s"
  },
  {
    "t": 16.353331,
    "k": "w"
  },
  {
    "t": 16.652403,
    "k": "a"
  },
  {
    "t": 16.662832,
    "k": "d"
  },
  {
    "t": 17.099847,
    "k": "s"
  },
  {
    "t": 17.366356,
    "k": "w"
  },
  {
    "t": 17.669128,
    "k": "d"
  },
  {
    "t": 17.828502,
    "k": "a"
  },
  {
    "t": 17.945529,
    "k": "s"
  },
  {
    "t": 18.104629,
    "k": "w"
  },
  {
    "t": 18.262863,
    "k": "a"
  },
  {
    "t": 18.274371,
    "k": "d"
  },
  {
    "t": 18.539962,
    "k": "s"
  },
  {
    "t": 18.693634,
    "k": "w"
  },
  {
    "t": 18.997403,
    "k": "a"
  },
  {
    "t": 19.003209,
    "k": "d"
  },
  {
    "t": 19.343637,
    "k": "s"
  },
  {
    "t": 19.701362,
    "k": "w"
  },
  {
    "t": 19.976474,
    "k": "a"
  },
  {
    "t": 19.982313,
    "k": "d"
  },
  {
    "t": 20.291771,
    "k": "s"
  },
  {
    "t": 20.432887,
    "k": "w"
  },
  {
    "t": 20.576119,
    "k": "d"
  },
  {
    "t": 20.82566,
    "k": "a"
  },
  {
    "t": 20.972592,
    "k": "s"
  },
  {
    "t": 21.263929,
    "k": "w"
  },
  {
    "t": 21.647784,
    "k": "a"
  },
  {
    "t": 21.658755,
    "k": "d"
  },
  {
    "t": 22.029562,
    "k": "s"
  },
  {
    "t": 22.304196,
    "k": "w"
  },
  {
    "t": 22.443253,
    "k": "d"
  },
  {
    "t": 22.538583,
    "k": "a"
  },
  {
    "t": 22.731797,
    "k": "s"
  },
  {
    "t": 22.905444,
    "k": "d"
  },
  {
    "t": 22.911042,
    "k": "a"
  },
  {
    "t": 23.180476,
    "k": "s"
  },
  {
    "t": 23.307702,
    "k": "w"
  },
  {
    "t": 23.590664,
    "k": "a"
  },
  {
    "t": 23.605659,
    "k": "d"
  },
  {
    "t": 23.96256,
    "k": "s"
  },
  {
    "t": 24.322415,
    "k": "w"
  },
  {
    "t": 24.587038,
    "k": "d"
  },
  {
    "t": 24.895734,
    "k": "a"
  },
  {
    "t": 25.185602,
    "k": "d"
  },
  {
    "t": 25.471708,
    "k": "a"
  },
  {
    "t": 25.765328,
    "k": "d"
  },
  {
    "t": 26.06437,
    "k": "a"
  },
  {
    "t": 26.314322,
    "k": "d"
  },
  {
    "t": 26.634884,
    "k": "a"
  },
  {
    "t": 26.901359,
    "k": "d"
  },
  {
    "t": 27.193415,
    "k": "a"
  },
  {
    "t": 27.491428,
    "k": "d"
  },
  {
    "t": 27.797594,
    "k": "a"
  },
  {
    "t": 28.10745,
    "k": "d"
  },
  {
    "t": 28.112336,
    "k": "a"
  },
  {
    "t": 28.651437,
    "k": "s"
  },
  {
    "t": 28.908402,
    "k": "d"
  },
  {
    "t": 29.199789,
    "k": "a"
  },
  {
    "t": 29.327542,
    "k": "s"
  },
  {
    "t": 29.497224,
    "k": "a"
  },
  {
    "t": 29.666765,
    "k": "d"
  },
  {
    "t": 29.815641,
    "k": "s"
  },
  {
    "t": 30.07502,
    "k": "d"
  },
  {
    "t": 30.319357,
    "k": "a"
  },
  {
    "t": 30.556677,
    "k": "s"
  },
  {
    "t": 30.944786,
    "k": "d"
  },
  {
    "t": 31.253603,
    "k": "s"
  },
  {
    "t": 31.506576,
    "k": "a"
  },
  {
    "t": 31.67015,
    "k": "s"
  },
  {
    "t": 31.802637,
    "k": "d"
  },
  {
    "t": 31.951815,
    "k": "a"
  },
  {
    "t": 32.110626,
    "k": "a"
  },
  {
    "t": 32.116528,
    "k": "d"
  },
  {
    "t": 32.393964,
    "k": "s"
  },
  {
    "t": 32.56705,
    "k": "w"
  },
  {
    "t": 32.853905,
    "k": "a"
  },
  {
    "t": 32.880799,
    "k": "d"
  },
  {
    "t": 33.22453,
    "k": "s"
  },
  {
    "t": 33.515483,
    "k": "d"
  },
  {
    "t": 33.808565,
    "k": "s"
  },
  {
    "t": 33.978778,
    "k": "a"
  },
  {
    "t": 34.122598,
    "k": "s"
  },
  {
    "t": 34.291443,
    "k": "w"
  },
  {
    "t": 34.449318,
    "k": "a"
  },
  {
    "t": 34.459944,
    "k": "d"
  },
  {
    "t": 34.693566,
    "k": "s"
  },
  {
    "t": 34.826016,
    "k": "w"
  },
  {
    "t": 35.152991,
    "k": "a"
  },
  {
    "t": 35.17037,
    "k": "d"
  },
  {
    "t": 35.494128,
    "k": "s"
  },
  {
    "t": 35.807234,
    "k": "a"
  },
  {
    "t": 35.812602,
    "k": "d"
  },
  {
    "t": 36.115684,
    "k": "w"
  },
  {
    "t": 36.276745,
    "k": "s"
  },
  {
    "t": 36.465097,
    "k": "a"
  },
  {
    "t": 36.612543,
    "k": "d"
  },
  {
    "t": 36.761771,
    "k": "w"
  },
  {
    "t": 36.99149,
    "k": "s"
  },
  {
    "t": 37.168178,
    "k": "d"
  },
  {
    "t": 37.1738,
    "k": "a"
  },
  {
    "t": 37.46785,
    "k": "s"
  },
  {
    "t": 37.873075,
    "k": "a"
  },
  {
    "t": 38.165484,
    "k": "s"
  },
  {
    "t": 38.449679,
    "k": "w"
  },
  {
    "t": 38.682666,
    "k": "a"
  },
  {
    "t": 38.698918,
    "k": "d"
  },
  {
    "t": 38.847597,
    "k": "s"
  },
  {
    "t": 38.984637,
    "k": "w"
  },
  {
    "t": 39.301302,
    "k": "a"
  },
  {
    "t": 39.306574,
    "k": "d"
  },
  {
    "t": 39.434442,
    "k": "s"
  },
  {
    "t": 39.793694,
    "k": "w"
  },
  {
    "t": 40.224152,
    "k": "a"
  },
  {
    "t": 40.229162,
    "k": "d"
  },
  {
    "t": 40.445441,
    "k": "s"
  },
  {
    "t": 40.726156,
    "k": "w"
  },
  {
    "t": 40.895917,
    "k": "s"
  },
  {
    "t": 41.04471,
    "k": "a"
  },
  {
    "t": 41.19443,
    "k": "d"
  },
  {
    "t": 41.349414,
    "k": "a"
  },
  {
    "t": 41.359982,
    "k": "d"
  },
  {
    "t": 41.594454,
    "k": "s"
  },
  {
    "t": 41.759985,
    "k": "w"
  },
  {
    "t": 42.101626,
    "k": "s"
  },
  {
    "t": 42.519214,
    "k": "a"
  },
  {
    "t": 42.524601,
    "k": "d"
  },
  {
    "t": 42.752248,
    "k": "s"
  },
  {
    "t": 43.066122,
    "k": "w"
  },
  {
    "t": 43.177484,
    "k": "d"
  },
  {
    "t": 43.342872,
    "k": "a"
  },
  {
    "t": 43.517864,
    "k": "s"
  },
  {
    "t": 43.655486,
    "k": "d"
  },
  {
    "t": 43.660653,
    "k": "a"
  },
  {
    "t": 43.905583,
    "k": "s"
  },
  {
    "t": 44.043308,
    "k": "w"
  },
  {
    "t": 44.373543,
    "k": "d"
  },
  {
    "t": 44.379433,
    "k": "a"
  },
  {
    "t": 44.827984,
    "k": "s"
  },
  {
    "t": 45.051761,
    "k": "w"
  },
  {
    "t": 45.344217,
    "k": "a"
  },
  {
    "t": 45.35506,
    "k": "d"
  },
  {
    "t": 45.493291,
    "k": "s"
  },
  {
    "t": 45.659299,
    "k": "w"
  },
  {
    "t": 45.797874,
    "k": "d"
  },
  {
    "t": 45.968094,
    "k": "a"
  },
  {
    "t": 46.213747,
    "k": "d"
  },
  {
    "t": 46.34088,
    "k": "a"
  },
  {
    "t": 46.666482,
    "k": "s"
  },
  {
    "t": 47.090126,
    "k": "a"
  },
  {
    "t": 47.365352,
    "k": "s"
  },
  {
    "t": 47.631988,
    "k": "a"
  },
  {
    "t": 47.647989,
    "k": "d"
  },
  {
    "t": 48.190583,
    "k": "s"
  },
  {
    "t": 48.279537,
    "k": "a"
  },
  {
    "t": 48.538646,
    "k": "d"
  },
  {
    "t": 48.817912,
    "k": "a"
  },
  {
    "t": 48.834388,
    "k": "d"
  },
  {
    "t": 49.291306,
    "k": "s"
  },
  {
    "t": 49.440938,
    "k": "a"
  },
  {
    "t": 49.691231,
    "k": "d"
  },
  {
    "t": 49.978697,
    "k": "d"
  },
  {
    "t": 49.98386,
    "k": "a"
  },
  {
    "t": 50.434964,
    "k": "s"
  },
  {
    "t": 50.584503,
    "k": "a"
  },
  {
    "t": 50.854843,
    "k": "d"
  },
  {
    "t": 51.135195,
    "k": "a"
  },
  {
    "t": 51.145683,
    "k": "d"
  },
  {
    "t": 51.696934,
    "k": "s"
  },
  {
    "t": 52.000795,
    "k": "a"
  },
  {
    "t": 52.304531,
    "k": "d"
  },
  {
    "t": 52.309919,
    "k": "a"
  },
  {
    "t": 52.804616,
    "k": "s"
  },
  {
    "t": 52.917877,
    "k": "a"
  },
  {
    "t": 53.157591,
    "k": "d"
  },
  {
    "t": 53.423894,
    "k": "a"
  },
  {
    "t": 53.434481,
    "k": "d"
  },
  {
    "t": 53.845437,
    "k": "s"
  },
  {
    "t": 53.999655,
    "k": "a"
  },
  {
    "t": 54.29308,
    "k": "d"
  },
  {
    "t": 54.576835,
    "k": "a"
  },
  {
    "t": 54.587684,
    "k": "d"
  },
  {
    "t": 55.026122,
    "k": "s"
  },
  {
    "t": 55.18474,
    "k": "a"
  },
  {
    "t": 55.483961,
    "k": "d"
  },
  {
    "t": 55.754872,
    "k": "a"
  },
  {
    "t": 56.315937,
    "k": "s"
  },
  {
    "t": 56.611927,
    "k": "a"
  },
  {
    "t": 56.911692,
    "k": "d"
  },
  {
    "t": 56.917786,
    "k": "a"
  },
  {
    "t": 57.423612,
    "k": "s"
  },
  {
    "t": 57.513049,
    "k": "d"
  },
  {
    "t": 57.78656,
    "k": "a"
  },
  {
    "t": 58.080214,
    "k": "d"
  },
  {
    "t": 58.085248,
    "k": "a"
  },
  {
    "t": 58.559917,
    "k": "s"
  },
  {
    "t": 58.697452,
    "k": "d"
  },
  {
    "t": 58.930017,
    "k": "a"
  },
  {
    "t": 59.224218,
    "k": "d"
  },
  {
    "t": 59.229588,
    "k": "a"
  },
  {
    "t": 59.670797,
    "k": "s"
  },
  {
    "t": 59.782455,
    "k": "d"
  },
  {
    "t": 60.079542,
    "k": "a"
  },
  {
    "t": 60.375014,
    "k": "d"
  },
  {
    "t": 60.380524,
    "k": "a"
  },
  {
    "t": 60.95457,
    "k": "s"
  },
  {
    "t": 61.234599,
    "k": "w"
  },
  {
    "t": 61.520857,
    "k": "d"
  },
  {
    "t": 61.526631,
    "k": "a"
  },
  {
    "t": 62.084618,
    "k": "s"
  },
  {
    "t": 62.351779,
    "k": "w"
  },
  {
    "t": 62.693814,
    "k": "a"
  },
  {
    "t": 62.69907,
    "k": "d"
  },
  {
    "t": 62.998809,
    "k": "s"
  },
  {
    "t": 63.228718,
    "k": "w"
  },
  {
    "t": 63.526054,
    "k": "d"
  },
  {
    "t": 63.808187,
    "k": "a"
  },
  {
    "t": 64.107721,
    "k": "s"
  },
  {
    "t": 64.394282,
    "k": "w"
  },
  {
    "t": 64.69958,
    "k": "d"
  },
  {
    "t": 64.986854,
    "k": "s"
  },
  {
    "t": 65.279841,
    "k": "a"
  },
  {
    "t": 65.285386,
    "k": "d"
  },
  {
    "t": 65.590028,
    "k": "d"
  },
  {
    "t": 65.606713,
    "k": "a"
  },
  {
    "t": 68.016211,
    "k": "a"
  },
  {
    "t": 68.021593,
    "k": "d"
  },
  {
    "t": 68.186096,
    "k": "d"
  },
  {
    "t": 68.207681,
    "k": "a"
  },
  {
    "t": 68.463641,
    "k": "a"
  },
  {
    "t": 68.468587,
    "k": "d"
  },
  {
    "t": 68.732711,
    "k": "a"
  },
  {
    "t": 68.74381,
    "k": "d"
  },
  {
    "t": 69.023769,
    "k": "a"
  },
  {
    "t": 69.034887,
    "k": "d"
  },
  {
    "t": 69.291121,
    "k": "d"
  },
  {
    "t": 69.296071,
    "k": "a"
  },
  {
    "t": 69.577425,
    "k": "a"
  },
  {
    "t": 69.593112,
    "k": "d"
  },
  {
    "t": 69.886691,
    "k": "a"
  },
  {
    "t": 69.890717,
    "k": "d"
  },
  {
    "t": 70.161547,
    "k": "a"
  },
  {
    "t": 70.167592,
    "k": "d"
  },
  {
    "t": 70.845857,
    "k": "d"
  },
  {
    "t": 71.338902,
    "k": "a"
  },
  {
    "t": 71.930354,
    "k": "d"
  },
  {
    "t": 72.480605,
    "k": "a"
  },
  {
    "t": 73.03704,
    "k": "d"
  },
  {
    "t": 73.630713,
    "k": "a"
  },
  {
    "t": 74.207614,
    "k": "d"
  },
  {
    "t": 74.815107,
    "k": "a"
  },
  {
    "t": 75.371839,
    "k": "d"
  },
  {
    "t": 75.959349,
    "k": "a"
  },
  {
    "t": 76.528334,
    "k": "d"
  },
  {
    "t": 77.096185,
    "k": "a"
  },
  {
    "t": 77.717219,
    "k": "d"
  },
  {
    "t": 78.309481,
    "k": "a"
  },
  {
    "t": 78.853371,
    "k": "d"
  },
  {
    "t": 79.47085,
    "k": "s"
  },
  {
    "t": 79.631652,
    "k": "d"
  },
  {
    "t": 79.933771,
    "k": "w"
  },
  {
    "t": 80.049321,
    "k": "d"
  },
  {
    "t": 80.280506,
    "k": "d"
  },
  {
    "t": 80.581115,
    "k": "s"
  },
  {
    "t": 80.714295,
    "k": "a"
  },
  {
    "t": 81.030489,
    "k": "w"
  },
  {
    "t": 81.179734,
    "k": "a"
  },
  {
    "t": 81.468466,
    "k": "a"
  },
  {
    "t": 81.776315,
    "k": "d"
  },
  {
    "t": 81.887641,
    "k": "s"
  },
  {
    "t": 82.163156,
    "k": "w"
  },
  {
    "t": 82.315675,
    "k": "d"
  },
  {
    "t": 82.609012,
    "k": "d"
  },
  {
    "t": 82.891913,
    "k": "s"
  },
  {
    "t": 82.998184,
    "k": "a"
  },
  {
    "t": 83.28239,
    "k": "w"
  },
  {
    "t": 83.435177,
    "k": "a"
  },
  {
    "t": 83.738535,
    "k": "a"
  },
  {
    "t": 84.037318,
    "k": "d"
  },
  {
    "t": 84.142632,
    "k": "s"
  },
  {
    "t": 84.456796,
    "k": "w"
  },
  {
    "t": 84.583879,
    "k": "d"
  },
  {
    "t": 84.863945,
    "k": "d"
  },
  {
    "t": 85.17921,
    "k": "a"
  },
  {
    "t": 85.286177,
    "k": "s"
  },
  {
    "t": 85.596515,
    "k": "w"
  },
  {
    "t": 85.750525,
    "k": "a"
  },
  {
    "t": 86.03418,
    "k": "a"
  },
  {
    "t": 86.346282,
    "k": "s"
  },
  {
    "t": 86.490846,
    "k": "d"
  },
  {
    "t": 86.826302,
    "k": "a"
  },
  {
    "t": 86.942885,
    "k": "s"
  },
  {
    "t": 87.178988,
    "k": "d"
  },
  {
    "t": 87.466947,
    "k": "a"
  },
  {
    "t": 87.584338,
    "k": "s"
  },
  {
    "t": 87.903952,
    "k": "d"
  },
  {
    "t": 88.042662,
    "k": "s"
  },
  {
    "t": 88.340097,
    "k": "d"
  },
  {
    "t": 88.642216,
    "k": "s"
  },
  {
    "t": 88.748793,
    "k": "a"
  },
  {
    "t": 89.029099,
    "k": "d"
  },
  {
    "t": 89.204929,
    "k": "s"
  },
  {
    "t": 89.50753,
    "k": "a"
  },
  {
    "t": 89.804151,
    "k": "d"
  },
  {
    "t": 89.947681,
    "k": "s"
  },
  {
    "t": 90.21343,
    "k": "a"
  },
  {
    "t": 90.384171,
    "k": "s"
  },
  {
    "t": 90.708888,
    "k": "a"
  },
  {
    "t": 91.000522,
    "k": "w"
  },
  {
    "t": 91.120536,
    "k": "s"
  },
  {
    "t": 91.393207,
    "k": "d"
  },
  {
    "t": 91.540717,
    "k": "a"
  },
  {
    "t": 91.827177,
    "k": "w"
  },
  {
    "t": 92.092369,
    "k": "s"
  },
  {
    "t": 92.207447,
    "k": "d"
  },
  {
    "t": 92.517328,
    "k": "w"
  },
  {
    "t": 92.667668,
    "k": "s"
  },
  {
    "t": 92.959313,
    "k": "a"
  },
  {
    "t": 93.25339,
    "k": "w"
  },
  {
    "t": 93.380836,
    "k": "a"
  },
  {
    "t": 93.662913,
    "k": "d"
  },
  {
    "t": 93.818369,
    "k": "s"
  },
  {
    "t": 94.094705,
    "k": "w"
  },
  {
    "t": 94.405937,
    "k": "w"
  },
  {
    "t": 94.528482,
    "k": "a"
  },
  {
    "t": 94.805705,
    "k": "d"
  },
  {
    "t": 94.96533,
    "k": "s"
  },
  {
    "t": 95.288873,
    "k": "w"
  },
  {
    "t": 95.574252,
    "k": "w"
  },
  {
    "t": 95.712597,
    "k": "a"
  },
  {
    "t": 95.989117,
    "k": "d"
  },
  {
    "t": 96.13832,
    "k": "s"
  },
  {
    "t": 96.404945,
    "k": "w"
  },
  {
    "t": 96.706778,
    "k": "w"
  },
  {
    "t": 96.83417,
    "k": "a"
  },
  {
    "t": 97.136126,
    "k": "d"
  },
  {
    "t": 97.269258,
    "k": "s"
  },
  {
    "t": 97.573302,
    "k": "w"
  },
  {
    "t": 97.839319,
    "k": "w"
  },
  {
    "t": 97.957046,
    "k": "d"
  },
  {
    "t": 98.30886,
    "k": "s"
  },
  {
    "t": 98.475412,
    "k": "a"
  },
  {
    "t": 98.764443,
    "k": "a"
  },
  {
    "t": 99.050853,
    "k": "w"
  },
  {
    "t": 99.204914,
    "k": "s"
  },
  {
    "t": 99.476969,
    "k": "d"
  },
  {
    "t": 99.643589,
    "k": "a"
  },
  {
    "t": 99.919757,
    "k": "a"
  },
  {
    "t": 100.208317,
    "k": "w"
  },
  {
    "t": 100.345778,
    "k": "s"
  },
  {
    "t": 100.588826,
    "k": "d"
  },
  {
    "t": 100.74809,
    "k": "a"
  },
  {
    "t": 101.008576,
    "k": "a"
  },
  {
    "t": 101.306877,
    "k": "w"
  },
  {
    "t": 101.440341,
    "k": "s"
  },
  {
    "t": 101.737616,
    "k": "d"
  },
  {
    "t": 101.900906,
    "k": "a"
  },
  {
    "t": 102.20874,
    "k": "a"
  },
  {
    "t": 102.494946,
    "k": "w"
  },
  {
    "t": 102.62775,
    "k": "s"
  },
  {
    "t": 102.88896,
    "k": "d"
  },
  {
    "t": 103.059982,
    "k": "a"
  },
  {
    "t": 103.383883,
    "k": "a"
  },
  {
    "t": 103.652367,
    "k": "w"
  },
  {
    "t": 103.782641,
    "k": "s"
  },
  {
    "t": 104.042811,
    "k": "a"
  },
  {
    "t": 104.192363,
    "k": "d"
  },
  {
    "t": 104.507212,
    "k": "d"
  },
  {
    "t": 104.801209,
    "k": "w"
  },
  {
    "t": 104.93969,
    "k": "s"
  },
  {
    "t": 105.233344,
    "k": "a"
  },
  {
    "t": 105.381228,
    "k": "d"
  },
  {
    "t": 105.675237,
    "k": "d"
  },
  {
    "t": 105.992782,
    "k": "w"
  },
  {
    "t": 106.132543,
    "k": "s"
  },
  {
    "t": 106.547847,
    "k": "a"
  },
  {
    "t": 106.567997,
    "k": "d"
  },
  {
    "t": 107.12553,
    "k": "d"
  },
  {
    "t": 107.370106,
    "k": "s"
  },
  {
    "t": 107.650649,
    "k": "w"
  },
  {
    "t": 107.945785,
    "k": "a"
  },
  {
    "t": 108.264545,
    "k": "d"
  },
  {
    "t": 108.403739,
    "k": "s"
  },
  {
    "t": 108.727597,
    "k": "w"
  },
  {
    "t": 108.876295,
    "k": "a"
  },
  {
    "t": 109.125001,
    "k": "s"
  },
  {
    "t": 109.434428,
    "k": "a"
  },
  {
    "t": 109.440052,
    "k": "d"
  },
  {
    "t": 109.584214,
    "k": "s"
  },
  {
    "t": 109.877078,
    "k": "w"
  },
  {
    "t": 110.020641,
    "k": "s"
  },
  {
    "t": 110.271212,
    "k": "w"
  },
  {
    "t": 110.55149,
    "k": "a"
  },
  {
    "t": 110.562639,
    "k": "d"
  },
  {
    "t": 110.695366,
    "k": "s"
  },
  {
    "t": 110.976118,
    "k": "w"
  },
  {
    "t": 111.126377,
    "k": "s"
  },
  {
    "t": 111.38692,
    "k": "a"
  },
  {
    "t": 111.392662,
    "k": "d"
  },
  {
    "t": 111.709386,
    "k": "s"
  },
  {
    "t": 112.026353,
    "k": "w"
  },
  {
    "t": 112.297489,
    "k": "a"
  },
  {
    "t": 112.3034,
    "k": "d"
  },
  {
    "t": 112.600127,
    "k": "s"
  },
  {
    "t": 112.88518,
    "k": "w"
  },
  {
    "t": 112.996174,
    "k": "s"
  },
  {
    "t": 113.219268,
    "k": "a"
  },
  {
    "t": 113.224965,
    "k": "d"
  },
  {
    "t": 113.471597,
    "k": "s"
  },
  {
    "t": 113.73356,
    "k": "w"
  },
  {
    "t": 114.025696,
    "k": "w"
  },
  {
    "t": 114.143641,
    "k": "s"
  },
  {
    "t": 114.412228,
    "k": "a"
  },
  {
    "t": 114.417728,
    "k": "d"
  },
  {
    "t": 114.599116,
    "k": "s"
  },
  {
    "t": 114.869683,
    "k": "w"
  },
  {
    "t": 115.190467,
    "k": "a"
  },
  {
    "t": 115.195311,
    "k": "d"
  },
  {
    "t": 115.344859,
    "k": "s"
  },
  {
    "t": 115.442292,
    "k": "w"
  },
  {
    "t": 115.653004,
    "k": "d"
  },
  {
    "t": 115.797139,
    "k": "a"
  },
  {
    "t": 115.818549,
    "k": "s"
  },
  {
    "t": 116.052197,
    "k": "d"
  },
  {
    "t": 116.365558,
    "k": "s"
  },
  {
    "t": 116.370943,
    "k": "d"
  },
  {
    "t": 116.653234,
    "k": "w"
  },
  {
    "t": 116.940225,
    "k": "a"
  },
  {
    "t": 116.94488,
    "k": "d"
  },
  {
    "t": 117.225648,
    "k": "s"
  },
  {
    "t": 117.503581,
    "k": "a"
  },
  {
    "t": 117.513236,
    "k": "d"
  },
  {
    "t": 117.825657,
    "k": "s"
  },
  {
    "t": 118.075147,
    "k": "w"
  },
  {
    "t": 118.344991,
    "k": "s"
  },
  {
    "t": 118.628212,
    "k": "a"
  },
  {
    "t": 118.63401,
    "k": "d"
  },
  {
    "t": 118.929706,
    "k": "w"
  },
  {
    "t": 119.207964,
    "k": "s"
  },
  {
    "t": 119.499937,
    "k": "w"
  },
  {
    "t": 119.787679,
    "k": "a"
  },
  {
    "t": 119.793178,
    "k": "d"
  },
  {
    "t": 120.080237,
    "k": "s"
  },
  {
    "t": 120.362823,
    "k": "w"
  },
  {
    "t": 120.644898,
    "k": "s"
  },
  {
    "t": 120.936864,
    "k": "a"
  },
  {
    "t": 120.942146,
    "k": "d"
  },
  {
    "t": 121.236171,
    "k": "s"
  },
  {
    "t": 121.528538,
    "k": "w"
  },
  {
    "t": 121.788506,
    "k": "s"
  },
  {
    "t": 122.075641,
    "k": "a"
  },
  {
    "t": 122.096739,
    "k": "d"
  },
  {
    "t": 122.375645,
    "k": "s"
  },
  {
    "t": 122.661862,
    "k": "w"
  },
  {
    "t": 122.943678,
    "k": "s"
  },
  {
    "t": 123.252685,
    "k": "d"
  },
  {
    "t": 123.257428,
    "k": "a"
  },
  {
    "t": 123.529253,
    "k": "s"
  },
  {
    "t": 123.804668,
    "k": "w"
  },
  {
    "t": 124.080646,
    "k": "s"
  },
  {
    "t": 124.390116,
    "k": "a"
  },
  {
    "t": 124.395547,
    "k": "d"
  },
  {
    "t": 124.678856,
    "k": "s"
  },
  {
    "t": 124.976068,
    "k": "w"
  },
  {
    "t": 125.263711,
    "k": "s"
  },
  {
    "t": 125.544997,
    "k": "d"
  },
  {
    "t": 125.551174,
    "k": "a"
  },
  {
    "t": 125.877271,
    "k": "s"
  },
  {
    "t": 126.145691,
    "k": "d"
  },
  {
    "t": 126.150909,
    "k": "a"
  },
  {
    "t": 126.463698,
    "k": "s"
  },
  {
    "t": 126.730707,
    "k": "d"
  },
  {
    "t": 126.735815,
    "k": "a"
  },
  {
    "t": 127.011895,
    "k": "s"
  },
  {
    "t": 127.309859,
    "k": "a"
  },
  {
    "t": 127.315388,
    "k": "d"
  },
  {
    "t": 127.611865,
    "k": "s"
  },
  {
    "t": 127.862938,
    "k": "a"
  },
  {
    "t": 127.867406,
    "k": "d"
  },
  {
    "t": 128.170215,
    "k": "s"
  },
  {
    "t": 128.453469,
    "k": "d"
  },
  {
    "t": 128.458282,
    "k": "a"
  },
  {
    "t": 128.746978,
    "k": "s"
  },
  {
    "t": 129.022505,
    "k": "a"
  },
  {
    "t": 129.033989,
    "k": "d"
  },
  {
    "t": 129.293118,
    "k": "s"
  },
  {
    "t": 129.605059,
    "k": "a"
  },
  {
    "t": 129.61066,
    "k": "d"
  },
  {
    "t": 129.86624,
    "k": "s"
  },
  {
    "t": 130.166707,
    "k": "w"
  },
  {
    "t": 130.17634,
    "k": "s"
  },
  {
    "t": 130.459105,
    "k": "d"
  },
  {
    "t": 130.464509,
    "k": "a"
  },
  {
    "t": 130.751756,
    "k": "w"
  },
  {
    "t": 130.756858,
    "k": "s"
  },
  {
    "t": 131.059757,
    "k": "a"
  },
  {
    "t": 131.07002,
    "k": "d"
  },
  {
    "t": 131.366893,
    "k": "s"
  },
  {
    "t": 131.378344,
    "k": "w"
  },
  {
    "t": 131.652616,
    "k": "d"
  },
  {
    "t": 131.656708,
    "k": "a"
  },
  {
    "t": 131.938035,
    "k": "w"
  },
  {
    "t": 131.942796,
    "k": "s"
  },
  {
    "t": 132.224712,
    "k": "d"
  },
  {
    "t": 132.229057,
    "k": "a"
  },
  {
    "t": 132.467254,
    "k": "s"
  },
  {
    "t": 132.753126,
    "k": "d"
  },
  {
    "t": 133.037875,
    "k": "s"
  },
  {
    "t": 133.361049,
    "k": "a"
  },
  {
    "t": 133.663213,
    "k": "s"
  },
  {
    "t": 133.925357,
    "k": "w"
  },
  {
    "t": 134.218294,
    "k": "s"
  },
  {
    "t": 134.493751,
    "k": "w"
  },
  {
    "t": 134.78153,
    "k": "d"
  },
  {
    "t": 134.791839,
    "k": "a"
  },
  {
    "t": 135.062883,
    "k": "s"
  },
  {
    "t": 135.380684,
    "k": "d"
  },
  {
    "t": 135.392523,
    "k": "a"
  },
  {
    "t": 135.708968,
    "k": "w"
  },
  {
    "t": 135.963544,
    "k": "a"
  },
  {
    "t": 135.974875,
    "k": "d"
  },
  {
    "t": 136.25213,
    "k": "w"
  },
  {
    "t": 136.496578,
    "k": "s"
  },
  {
    "t": 136.778235,
    "k": "a"
  },
  {
    "t": 136.788724,
    "k": "d"
  },
  {
    "t": 137.082951,
    "k": "s"
  },
  {
    "t": 137.379423,
    "k": "w"
  },
  {
    "t": 137.687527,
    "k": "a"
  },
  {
    "t": 137.693328,
    "k": "d"
  },
  {
    "t": 137.996691,
    "k": "s"
  },
  {
    "t": 138.26296,
    "k": "w"
  },
  {
    "t": 138.502883,
    "k": "a"
  },
  {
    "t": 138.507998,
    "k": "d"
  },
  {
    "t": 138.824528,
    "k": "s"
  },
  {
    "t": 139.088537,
    "k": "d"
  },
  {
    "t": 139.104537,
    "k": "a"
  },
  {
    "t": 139.400497,
    "k": "s"
  },
  {
    "t": 139.72558,
    "k": "w"
  },
  {
    "t": 140.00643,
    "k": "s"
  },
  {
    "t": 140.299621,
    "k": "a"
  },
  {
    "t": 140.303662,
    "k": "d"
  },
  {
    "t": 140.55946,
    "k": "s"
  },
  {
    "t": 140.819282,
    "k": "w"
  },
  {
    "t": 141.116894,
    "k": "s"
  },
  {
    "t": 141.386596,
    "k": "a"
  },
  {
    "t": 141.700869,
    "k": "d"
  },
  {
    "t": 142.017457,
    "k": "s"
  },
  {
    "t": 142.303902,
    "k": "w"
  },
  {
    "t": 142.603677,
    "k": "s"
  },
  {
    "t": 142.885258,
    "k": "a"
  },
  {
    "t": 143.167684,
    "k": "s"
  },
  {
    "t": 143.438435,
    "k": "w"
  },
  {
    "t": 143.703012,
    "k": "d"
  },
  {
    "t": 143.708957,
    "k": "a"
  },
  {
    "t": 144.016869,
    "k": "s"
  },
  {
    "t": 144.33074,
    "k": "w"
  },
  {
    "t": 144.612846,
    "k": "d"
  },
  {
    "t": 144.905266,
    "k": "a"
  },
  {
    "t": 145.190778,
    "k": "a"
  },
  {
    "t": 145.200344,
    "k": "d"
  },
  {
    "t": 145.525475,
    "k": "d"
  },
  {
    "t": 145.750029,
    "k": "d"
  },
  {
    "t": 146.016454,
    "k": "d"
  },
  {
    "t": 146.33577,
    "k": "d"
  },
  {
    "t": 146.341685,
    "k": "a"
  },
  {
    "t": 146.624721,
    "k": "s"
  },
  {
    "t": 146.90567,
    "k": "w"
  },
  {
    "t": 147.181285,
    "k": "d"
  },
  {
    "t": 147.1862,
    "k": "a"
  },
  {
    "t": 147.483313,
    "k": "a"
  },
  {
    "t": 147.775201,
    "k": "a"
  },
  {
    "t": 148.068828,
    "k": "a"
  },
  {
    "t": 148.376658,
    "k": "a"
  },
  {
    "t": 148.662167,
    "k": "a"
  },
  {
    "t": 148.667318,
    "k": "d"
  },
  {
    "t": 148.949785,
    "k": "s"
  },
  {
    "t": 149.226166,
    "k": "w"
  },
  {
    "t": 149.513121,
    "k": "s"
  },
  {
    "t": 149.82145,
    "k": "d"
  },
  {
    "t": 149.83275,
    "k": "a"
  },
  {
    "t": 150.10272,
    "k": "s"
  },
  {
    "t": 150.369374,
    "k": "a"
  },
  {
    "t": 150.68645,
    "k": "a"
  },
  {
    "t": 150.976533,
    "k": "d"
  },
  {
    "t": 151.222025,
    "k": "a"
  },
  {
    "t": 151.264127,
    "k": "s"
  },
  {
    "t": 151.53486,
    "k": "d"
  },
  {
    "t": 151.817659,
    "k": "s"
  },
  {
    "t": 152.107903,
    "k": "w"
  },
  {
    "t": 152.405491,
    "k": "a"
  },
  {
    "t": 152.410489,
    "k": "d"
  },
  {
    "t": 152.683015,
    "k": "a"
  },
  {
    "t": 152.687601,
    "k": "d"
  },
  {
    "t": 152.953458,
    "k": "d"
  },
  {
    "t": 152.959428,
    "k": "a"
  },
  {
    "t": 153.242482,
    "k": "a"
  },
  {
    "t": 153.258867,
    "k": "d"
  }
]