[
  {
    "t": 0.783718,
    "k": "d"
  },
  {
    "t": 1.189263,
    "k": "a"
  },
  {
    "t": 1.466912,
    "k": "a"
  },
  {
    "t": 2.473214,
    "k": "d"
  },
  {
    "t": 2.727927,
    "k": "s"
  },
  {
    "t": 3.208738,
    "k": "a"
  },
  {
    "t": 4.51041,
    "k": "d"
  },
  {
    "t": 4.929243,
    "k": "a"
  },
  {
    "t": 5.470694,
    "k": "d"
  },
  {
    "t": 5.805074,
    "k": "a"
  },
  {
    "t": 6.065585,
    "k": "a"
  },
  {
    "t": 6.939094,
    "k": "d"
  },
  {
    "t": 7.188046,
    "k": "a"
  },
  {
    "t": 7.893431,
    "k": "s"
  },
  {
    "t": 8.887621,
    "k": "d"
  },
  {
    "t": 9.176302,
    "k": "a"
  },
  {
    "t": 9.486408,
    "k": "a"
  },
  {
    "t": 10.087669,
    "k": "d"
  },
  {
    "t": 10.423812,
    "k": "a"
  },
  {
    "t": 10.665929,
    "k": "a"
  },
  {
    "t": 11.521137,
    "k": "d"
  },
  {
    "t": 11.753637,
    "k": "a"
  },
  {
    "t": 12.355603,
    "k": "d"
  },
  {
    "t": 12.700388,
    "k": "a"
  },
  {
    "t": 13.035655,
    "k": "a"
  },
  {
    "t": 13.320854,
    "k": "a"
  },
  {
    "t": 13.63084,
    "k": "d"
  },
  {
    "t": 13.977586,
    "k": "a"
  },
  {
    "t": 14.555914,
    "k": "d"
  },
  {
    "t": 14.912034,
    "k": "a"
  },
  {
    "t": 15.167159,
    "k": "a"
  },
  {
    "t": 16.039822,
    "k": "d"
  },
  {
    "t": 16.293191,
    "k": "a"
  },
  {
    "t": 17.165292,
    "k": "d"
  },
  {
    "t": 18.504068,
    "k": "s"
  },
  {
    "t": 18.871784,
    "k": "s"
  },
  {
    "t": 19.359598,
    "k": "s"
  },
  {
    "t": 19.914033,
    "k": "s"
  },
  {
    "t": 20.2044,
    "k": "d"
  },
  {
    "t": 20.479505,
    "k": "a"
  },
  {
    "t": 21.05399,
    "k": "s"
  },
  {
    "t": 21.669447,
    "k": "w"
  },
  {
    "t": 21.957589,
    "k": "d"
  },
  {
    "t": 22.48827,
    "k": "a"
  },
  {
    "t": 23.005791,
    "k": "d"
  },
  {
    "t": 24.410024,
    "k": "s"
  },
  {
    "t": 24.734828,
    "k": "w"
  },
  {
    "t": 25.034156,
    "k": "s"
  },
  {
    "t": 25.603676,
    "k": "a"
  },
  {
    "t": 26.177018,
    "k": "d"
  },
  {
    "t": 26.462885,
    "k": "s"
  },
  {
    "t": 26.725172,
    "k": "w"
  },
  {
    "t": 26.975625,
    "k": "s"
  },
  {
    "t": 27.299419,
    "k": "a"
  },
  {
    "t": 27.923546,
    "k": "d"
  },
  {
    "t": 28.531468,
    "k": "s"
  },
  {
    "t": 29.041687,
    "k": "w"
  },
  {
    "t": 29.367442,
    "k": "s"
  },
  {
    "t": 29.644787,
    "k": "a"
  },
  {
    "t": 30.233946,
    "k": "d"
  },
  {
    "t": 30.821091,
    "k": "s"
  },
  {
    "t": 31.076284,
    "k": "w"
  },
  {
    "t": 31.617704,
    "k": "s"
  },
  {
    "t": 32.254655,
    "k": "a"
  },
  {
    "t": 32.816748,
    "k": "d"
  },
  {
    "t": 33.44794,
    "k": "s"
  },
  {
    "t": 33.682699,
    "k": "w"
  },
  {
    "t": 33.941766,
    "k": "s"
  },
  {
    "t": 34.219317,
    "k": "w"
  },
  {
    "t": 34.769702,
    "k": "a"
  },
  {
    "t": 35.311948,
    "k": "d"
  },
  {
    "t": 35.58059,
    "k": "s"
  },
  {
    "t": 36.263429,
    "k": "d"
  },
  {
    "t": 38.096049,
    "k": "s"
  },
  {
    "t": 38.33321,
    "k": "d"
  },
  {
    "t": 38.610465,
    "k": "a"
  },
  {
    "t": 39.001,
    "k": "a"
  },
  {
    "t": 39.361832,
    "k": "s"
  },
  {
    "t": 39.843512,
    "k": "d"
  },
  {
    "t": 40.190078,
    "k": "a"
  },
  {
    "t": 40.453594,
    "k": "s"
  },
  {
    "t": 41.063176,
    "k": "d"
  },
  {
    "t": 41.370686,
    "k": "s"
  },
  {
    "t": 41.913579,
    "k": "d"
  },
  {
    "t": 42.305093,
    "k": "s"
  },
  {
    "t": 43.912329,
    "k": "d"
  },
  {
    "t": 44.301323,
    "k": "s"
  },
  {
    "t": 44.478477,
    "k": "a"
  },
  {
    "t": 44.858499,
    "k": "s"
  },
  {
    "t": 45.165556,
    "k": "w"
  },
  {
    "t": 45.489155,
    "k": "s"
  },
  {
    "t": 45.765076,
    "k": "d"
  },
  {
    "t": 46.251938,
    "k": "a"
  },
  {
    "t": 46.537644,
    "k": "s"
  },
  {
    "t": 46.858683,
    "k": "d"
  },
  {
    "t": 48.370804,
    "k": "w"
  },
  {
    "t": 48.62352,
    "k": "s"
  },
  {
    "t": 48.924234,
    "k": "a"
  },
  {
    "t": 49.212069,
    "k": "s"
  },
  {
    "t": 49.581262,
    "k": "w"
  },
  {
    "t": 49.977636,
    "k": "s"
  },
  {
    "t": 50.218941,
    "k": "d"
  },
  {
    "t": 50.542165,
    "k": "s"
  },
  {
    "t": 50.828413,
    "k": "a"
  },
  {
    "t": 51.200651,
    "k": "s"
  },
  {
    "t": 51.559258,
    "k": "d"
  },
  {
    "t": 51.950979,
    "k": "w"
  },
  {
    "t": 52.159519,
    "k": "s"
  },
  {
    "t": 52.575048,
    "k": "a"
  },
  {
    "t": 52.933565,
    "k": "s"
  },
  {
    "t": 53.225372,
    "k": "d"
  },
  {
    "t": 53.547642,
    "k": "w"
  },
  {
    "t": 53.883703,
    "k": "s"
  },
  {
    "t": 54.184021,
    "k": "a"
  },
  {
    "t": 54.46148,
    "k": "s"
  },
  {
    "t": 54.71221,
    "k": "d"
  },
  {
    "t": 55.036656,
    "k": "w"
  },
  {
    "t": 55.325633,
    "k": "s"
  },
  {
    "t": 55.632438,
    "k": "d"
  },
  {
    "t": 55.638534,
    "k": "a"
  },
  {
    "t": 55.651311,
    "k": "s"
  },
  {
    "t": 57.000749,
    "k": "s"
  },
  {
    "t": 58.58083,
    "k": "d"
  },
  {
    "t": 58.857162,
    "k": "a"
  },
  {
    "t": 59.146222,
    "k": "s"
  },
  {
    "t": 59.377498,
    "k": "w"
  },
  {
    "t": 59.94235,
    "k": "s"
  },
  {
    "t": 60.211066,
    "k": "d"
  },
  {
    "t": 61.256726,
    "k": "a"
  },
  {
    "t": 61.64095,
    "k": "s"
  },
  {
    "t": 61.909411,
    "k": "d"
  },
  {
    "t": 63.253942,
    "k": "d"
  },
  {
    "t": 63.268566,
    "k": "a"
  },
  {
    "t": 63.542623,
    "k": "s"
  },
  {
    "t": 63.788339,
    "k": "w"
  },
  {
    "t": 64.036251,
    "k": "s"
  },
  {
    "t": 64.492829,
    "k": "a"
  },
  {
    "t": 64.771188,
    "k": "d"
  },
  {
    "t": 65.556432,
    "k": "s"
  },
  {
    "t": 65.845383,
    "k": "w"
  },
  {
    "t": 66.065239,
    "k": "s"
  },
  {
    "t": 66.664592,
    "k": "a"
  },
  {
    "t": 67.100308,
    "k": "d"
  },
  {
    "t": 67.810977,
    "k": "s"
  },
  {
    "t": 68.005865,
    "k": "w"
  },
  {
    "t": 68.272766,
    "k": "s"
  },
  {
    "t": 68.50417,
    "k": "a"
  },
  {
    "t": 68.964824,
    "k": "d"
  },
  {
    "t": 69.20615,
    "k": "s"
  },
  {
    "t": 69.959477,
    "k": "a"
  },
  {
    "t": 70.684072,
    "k": "s"
  },
  {
    "t": 70.918147,
    "k": "d"
  },
  {
    "t": 72.453488,
    "k": "a"
  },
  {
    "t": 73.079293,
    "k": "d"
  },
  {
    "t": 73.368157,
    "k": "a"
  },
  {
    "t": 73.652261,
    "k": "s"
  },
  {
    "t": 73.883262,
    "k": "d"
  },
  {
    "t": 74.204395,
    "k": "d"
  },
  {
    "t": 74.216004,
    "k": "a"
  },
  {
    "t": 74.723676,
    "k": "s"
  },
  {
    "t": 74.992023,
    "k": "w"
  },
  {
    "t": 75.260105,
    "k": "s"
  },
  {
    "t": 75.858898,
    "k": "s"
  },
  {
    "t": 76.447255,
    "k": "a"
  },
  {
    "t": 76.779188,
    "k": "s"
  },
  {
    "t": 77.288465,
    "k": "d"
  },
  {
    "t": 77.868167,
    "k": "a"
  },
  {
    "t": 79.230945,
    "k": "d"
  },
  {
    "t": 79.597756,
    "k": "s"
  },
  {
    "t": 79.884517,
    "k": "w"
  },
  {
    "t": 80.464219,
    "k": "s"
  },
  {
    "t": 81.032327,
    "k": "a"
  },
  {
    "t": 81.331007,
    "k": "s"
  },
  {
    "t": 81.529944,
    "k": "w"
  },
  {
    "t": 81.827152,
    "k": "s"
  },
  {
    "t": 82.139132,
    "k": "d"
  },
  {
    "t": 82.795951,
    "k": "s"
  },
  {
    "t": 83.323915,
    "k": "a"
  },
  {
    "t": 83.858456,
    "k": "d"
  },
  {
    "t": 84.189904,
    "k": "a"
  },
  {
    "t": 84.503387,
    "k": "w"
  },
  {
    "t": 85.07427,
    "k": "s"
  },
  {
    "t": 85.628518,
    "k": "d"
  },
  {
    "t": 85.953768,
    "k": "a"
  },
  {
    "t": 86.508968,
    "k": "a"
  },
  {
    "t": 86.521706,
    "k": "d"
  },
  {
    "t": 86.532936,
    "k": "w"
  },
  {
    "t": 87.090917,
    "k": "s"
  },
  {
    "t": 87.681574,
    "k": "d"
  },
  {
    "t": 87.944367,
    "k": "w"
  },
  {
    "t": 88.187617,
    "k": "s"
  },
  {
    "t": 88.578534,
    "k": "a"
  },
  {
    "t": 88.853379,
    "k": "d"
  },
  {
    "t": 89.578386,
    "k": "s"
  },
  {
    "t": 90.13229,
    "k": "w"
  },
  {
    "t": 90.398487,
    "k": "s"
  },
  {
    "t": 91.066595,
    "k": "a"
  },
  {
    "t": 91.327958,
    "k": "s"
  },
  {
    "t": 92.003331,
    "k": "d"
  },
  {
    "t": 92.91729,
    "k": "s"
  },
  {
    "t": 93.16296,
    "k": "d"
  },
  {
    "t": 93.430081,
    "k": "w"
  },
  {
    "t": 93.650755,
    "k": "s"
  },
  {
    "t": 94.146804,
    "k": "a"
  },
  {
    "t": 94.653899,
    "k": "w"
  },
  {
    "t": 94.88474,
    "k": "s"
  },
  {
    "t": 95.184529,
    "k": "d"
  },
  {
    "t": 95.544391,
    "k": "w"
  },
  {
    "t": 95.950114,
    "k": "s"
  },
  {
    "t": 96.383786,
    "k": "a"
  },
  {
    "t": 96.785961,
    "k": "s"
  },
  {
    "t": 96.993598,
    "k": "d"
  },
  {
    "t": 97.336228,
    "k": "w"
  },
  {
    "t": 97.567993,
    "k": "s"
  },
  {
    "t": 97.992351,
    "k": "a"
  },
  {
    "t": 98.688187,
    "k": "s"
  },
  {
    "t": 99.131238,
    "k": "d"
  },
  {
    "t": 99.456335,
    "k": "w"
  },
  {
    "t": 99.744362,
    "k": "s"
  },
  {
    "t": 100.391041,
    "k": "a"
  },
  {
    "t": 100.999181,
    "k": "s"
  },
  {
    "t": 101.42593,
    "k": "d"
  },
  {
    "t": 102.846289,
    "k": "d"
  },
  {
    "t": 103.542142,
    "k": "s"
  },
  {
    "t": 103.822441,
    "k": "w"
  },
  {
    "t": 104.355443,
    "k": "s"
  },
  {
    "t": 104.771062,
    "k": "a"
  },
  {
    "t": 105.072521,
    "k": "s"
  },
  {
    "t": 105.633723,
    "k": "d"
  },
  {
    "t": 106.154885,
    "k": "w"
  },
  {
    "t": 106.708667,
    "k": "s"
  },
  {
    "t": 107.206852,
    "k": "a"
  },
  {
    "t": 107.769702,
    "k": "s"
  },
  {
    "t": 108.064551,
    "k": "d"
  },
  {
    "t": 108.315284,
    "k": "w"
  },
  {
    "t": 108.604013,
    "k": "s"
  },
  {
    "t": 109.125855,
    "k": "a"
  },
  {
    "t": 109.587128,
    "k": "s"
  },
  {
    "t": 110.123965,
    "k": "d"
  },
  {
    "t": 110.40165,
    "k": "w"
  },
  {
    "t": 111.198059,
    "k": "s"
  },
  {
    "t": 111.924268,
    "k": "s"
  },
  {
    "t": 113.473516,
    "k": "w"
  },
  {
    "t": 113.685019,
    "k": "s"
  },
  {
    "t": 113.985817,
    "k": "a"
  },
  {
    "t": 114.228071,
    "k": "s"
  },
  {
    "t": 114.697867,
    "k": "d"
  },
  {
    "t": 114.97787,
    "k": "s"
  },
  {
    "t": 115.709906,
    "k": "d"
  },
  {
    "t": 116.468189,
    "k": "a"
  },
  {
    "t": 116.731089,
    "k": "s"
  },
  {
    "t": 118.115039,
    "k": "w"
  },
  {
    "t": 118.311678,
    "k": "s"
  },
  {
    "t": 118.599793,
    "k": "a"
  },
  {
    "t": 118.869888,
    "k": "s"
  },
  {
    "t": 119.342341,
    "k": "d"
  },
  {
    "t": 119.63286,
    "k": "s"
  },
  {
    "t": 120.439857,
    "k": "a"
  },
  {
    "t": 121.054008,
    "k": "d"
  },
  {
    "t": 121.310303,
    "k": "s"
  },
  {
    "t": 122.734025,
    "k": "w"
  },
  {
    "t": 122.954312,
    "k": "s"
  },
  {
    "t": 123.185456,
    "k": "a"
  },
  {
    "t": 123.437986,
    "k": "s"
  },
  {
    "t": 123.864883,
    "k": "d"
  },
  {
    "t": 124.308383,
    "k": "s"
  },
  {
    "t": 125.023126,
    "k": "w"
  },
  {
    "t": 125.567949,
    "k": "s"
  },
  {
    "t": 125.863394,
    "k": "w"
  },
  {
    "t": 127.270265,
    "k": "d"
  },
  {
    "t": 127.870452,
    "k": "a"
  },
  {
    "t": 128.191566,
    "k": "s"
  },
  {
    "t": 128.412032,
    "k": "d"
  },
  {
    "t": 128.725934,
    "k": "w"
  },
  {
    "t": 129.108778,
    "k": "d"
  },
  {
    "t": 129.119153,
    "k": "a"
  },
  {
    "t": 129.618181,
    "k": "w"
  },
  {
    "t": 129.860975,
    "k": "w"
  },
  {
    "t": 130.161367,
    "k": "s"
  },
  {
    "t": 130.723448,
    "k": "w"
  },
  {
    "t": 131.324664,
    "k": "a"
  },
  {
    "t": 131.621069,
    "k": "s"
  },
  {
    "t": 132.125778,
    "k": "w"
  },
  {
    "t": 132.7036,
    "k": "d"
  },
  {
    "t": 133.380018,
    "k": "a"
  },
  {
    "t": 133.647592,
    "k": "s"
  },
  {
    "t": 133.903896,
    "k": "w"
  },
  {
    "t": 134.227063,
    "k": "d"
  },
  {
    "t": 134.522207,
    "k": "a"
  },
  {
    "t": 134.775033,
    "k": "s"
  },
  {
    "t": 135.388725,
    "k": "a"
  },
  {
    "t": 135.923261,
    "k": "d"
  },
  {
    "t": 136.1981,
    "k": "w"
  },
  {
    "t": 136.479112,
    "k": "s"
  },
  {
    "t": 136.733142,
    "k": "a"
  },
  {
    "t": 136.986908,
    "k": "d"
  },
  {
    "t": 137.540182,
    "k": "a"
  },
  {
    "t": 138.05789,
    "k": "s"
  },
  {
    "t": 138.582257,
    "k": "d"
  },
  {
    "t": 139.064866,
    "k": "a"
  },
  {
    "t": 139.347295,
    "k": "s"
  },
  {
    "t": 139.980009,
    "k": "d"
  },
  {
    "t": 140.544218,
    "k": "a"
  },
  {
    "t": 140.807715,
    "k": "s"
  },
  {
    "t": 141.348475,
    "k": "w"
  },
  {
    "t": 141.944496,
    "k": "d"
  },
  {
    "t": 142.59802,
    "k": "a"
  },
  {
    "t": 142.843357,
    "k": "s"
  },
  {
    "t": 143.296029,
    "k": "d"
  },
  {
    "t": 143.514023,
    "k": "a"
  },
  {
    "t": 143.804655,
    "k": "s"
  },
  {
    "t": 144.497011,
    "k": "d"
  },
  {
    "t": 145.071451,
    "k": "s"
  },
  {
    "t": 145.291995,
    "k": "d"
  },
  {
    "t": 145.952194,
    "k": "a"
  },
  {
    "t": 146.283425,
    "k": "w"
  },
  {
    "t": 146.920811,
    "k": "s"
  },
  {
    "t": 148.650649,
    "k": "d"
  },
  {
    "t": 148.902715,
    "k": "a"
  },
  {
    "t": 149.01905,
    "k": "d"
  },
  {
    "t": 149.430954,
    "k": "a"
  },
  {
    "t": 149.772993,
    "k": "s"
  },
  {
    "t": 150.075539,
    "k": "s"
  },
  {
    "t": 150.768584,
    "k": "d"
  },
  {
    "t": 150.873921,
    "k": "a"
  },
  {
    "t": 151.045986,
    "k": "d"
  },
  {
    "t": 151.181657,
    "k": "a"
  },
  {
    "t": 151.588284,
    "k": "d"
  },
  {
    "t": 152.073099,
    "k": "s"
  },
  {
    "t": 152.294732,
    "k": "s"
  },
  {
    "t": 152.422484,
    "k": "w"
  },
  {
    "t": 152.597237,
    "k": "d"
  },
  {
    "t": 152.748357,
    "k": "a"
  },
  {
    "t": 152.909795,
    "k": "s"
  },
  {
    "t": 153.095656,
    "k": "d"
  },
  {
    "t": 153.258846,
    "k": "a"
  },
  {
    "t": 153.398487,
    "k": "d"
  },
  {
    "t": 153.894767,
    "k": "d"
  },
  {
    "t": 154.28928,
    "k": "s"
  },
  {
    "t": 154.613685,
    "k": "s"
  },
  {
    "t": 155.264956,
    "k": "d"
  },
  {
    "t": 155.460312,
    "k": "s"
  },
  {
    "t": 155.611972,
    "k": "d"
  },
  {
    "t": 155.763961,
    "k": "s"
  },
  {
    "t": 156.178412,
    "k": "d"
  },
  {
    "t": 156.810005,
    "k": "s"
  }
]