[
  {
    "t": 2.195434,
    "k": "s"
  },
  {
    "t": 4.523838,
    "k": "s"
  },
  {
    "t": 7.020941,
    "k": "s"
  },
  {
    "t": 8.966106,
    "k": "s"
  },
  {
    "t": 11.390282,
    "k": "s"
  },
  {
    "t": 12.203291,
    "k": "w"
  },
  {
    "t": 13.695193,
    "k": "s"
  },
  {
    "t": 14.598211,
    "k": "w"
  },
  {
    "t": 16.064993,
    "k": "s"
  },
  {
    "t": 16.781403,
    "k": "w"
  },
  {
    "t": 18.496219,
    "k": "s"
  },
  {
    "t": 18.93431,
    "k": "s"
  },
  {
    "t": 19.452537,
    "k": "s"
  },
  {
    "t": 19.994499,
    "k": "s"
  },
  {
    "t": 20.571077,
    "k": "d"
  },
  {
    "t": 21.102198,
    "k": "a"
  },
  {
    "t": 24.560632,
    "k": "d"
  },
  {
    "t": 25.17544,
    "k": "a"
  },
  {
    "t": 28.932509,
    "k": "d"
  },
  {
    "t": 29.620913,
    "k": "a"
  },
  {
    "t": 33.465315,
    "k": "w"
  },
  {
    "t": 33.671411,
    "k": "s"
  },
  {
    "t": 33.950279,
    "k": "d"
  },
  {
    "t": 34.252288,
    "k": "a"
  },
  {
    "t": 38.059302,
    "k": "d"
  },
  {
    "t": 41.062912,
    "k": "a"
  },
  {
    "t": 43.268595,
    "k": "a"
  },
  {
    "t": 43.558505,
    "k": "s"
  },
  {
    "t": 48.257879,
    "k": "d"
  },
  {
    "t": 50.910642,
    "k": "a"
  },
  {
    "t": 52.954299,
    "k": "w"
  },
  {
    "t": 54.71003,
    "k": "s"
  },
  {
    "t": 57.047867,
    "k": "d"
  },
  {
    "t": 58.764127,
    "k": "a"
  },
  {
    "t": 58.947596,
    "k": "d"
  },
  {
    "t": 63.435718,
    "k": "a"
  },
  {
    "t": 64.590015,
    "k": "d"
  },
  {
    "t": 64.718815,
    "k": "a"
  },
  {
    "t": 68.213252,
    "k": "d"
  },
  {
    "t": 69.102061,
    "k": "w"
  },
  {
    "t": 69.361476,
    "k": "a"
  },
  {
    "t": 73.628143,
    "k": "a"
  },
  {
    "t": 73.640614,
    "k": "d"
  },
  {
    "t": 74.184873,
    "k": "d"
  },
  {
    "t": 74.208023,
    "k": "a"
  },
  {
    "t": 75.375127,
    "k": "d"
  },
  {
    "t": 79.38111,
    "k": "w"
  },
  {
    "t": 83.828918,
    "k": "d"
  },
  {
    "t": 84.107744,
    "k": "w"
  },
  {
    "t": 88.320272,
    "k": "a"
  },
  {
    "t": 88.594386,
    "k": "w"
  },
  {
    "t": 92.386198,
    "k": "a"
  },
  {
    "t": 93.637781,
    "k": "d"
  },
  {
    "t": 94.866082,
    "k": "a"
  },
  {
    "t": 95.927618,
    "k": "d"
  },
  {
    "t": 98.245065,
    "k": "a"
  },
  {
    "t": 99.351867,
    "k": "d"
  },
  {
    "t": 100.065299,
    "k": "a"
  },
  {
    "t": 100.493151,
    "k": "d"
  },
  {
    "t": 101.115185,
    "k": "a"
  },
  {
    "t": 102.889027,
    "k": "d"
  },
  {
    "t": 103.939999,
    "k": "a"
  },
  {
    "t": 105.07136,
    "k": "d"
  },
  {
    "t": 106.341254,
    "k": "w"
  },
  {
    "t": 107.72366,
    "k": "s"
  },
  {
    "t": 108.552366,
    "k": "a"
  },
  {
    "t": 109.544516,
    "k": "d"
  },
  {
    "t": 110.339524,
    "k": "w"
  },
  {
    "t": 111.900687,
    "k": "s"
  },
  {
    "t": 113.514637,
    "k": "a"
  },
  {
    "t": 116.503905,
    "k": "d"
  },
  {
    "t": 119.619499,
    "k": "w"
  },
  {
    "t": 124.198648,
    "k": "a"
  },
  {
    "t": 125.709203,
    "k": "d"
  },
  {
    "t": 127.866295,
    "k": "w"
  },
  {
    "t": 128.027109,
    "k": "d"
  },
  {
    "t": 128.504283,
    "k": "s"
  },
  {
    "t": 129.072297,
    "k": "a"
  },
  {
    "t": 130.191457,
    "k": "d"
  },
  {
    "t": 131.384465,
    "k": "a"
  },
  {
    "t": 132.45258,
    "k": "d"
  },
  {
    "t": 133.613785,
    "k": "a"
  },
  {
    "t": 134.83518,
    "k": "s"
  },
  {
    "t": 135.936831,
    "k": "w"
  },
  {
    "t": 136.989458,
    "k": "s"
  },
  {
    "t": 138.167498,
    "k": "w"
  },
  {
    "t": 139.425351,
    "k": "d"
  },
  {
    "t": 140.467416,
    "k": "a"
  },
  {
    "t": 141.570475,
    "k": "d"
  },
  {
    "t": 142.709672,
    "k": "a"
  },
  {
    "t": 143.933589,
    "k": "a"
  },
  {
    "t": 145.02409,
    "k": "s"
  },
  {
    "t": 146.089698,
    "k": "d"
  },
  {
    "t": 147.092394,
    "k": "s"
  },
  {
    "t": 150.615431,
    "k": "d"
  },
  {
    "t": 153.145223,
    "k": "d"
  },
  {
    "t": 155.412512,
    "k": "d"
  },
  {
    "t": 157.451896,
    "k": "s"
  }
]