[
  {
    "t": 2.216672,
    "k": "d"
  },
  {
    "t": 2.333284,
    "k": "a"
  },
  {
    "t": 2.496009,
    "k": "d"
  },
  {
    "t": 2.635761,
    "k": "a"
  },
  {
    "t": 3.026385,
    "k": "s"
  },
  {
    "t": 3.391603,
    "k": "w"
  },
  {
    "t": 3.637043,
    "k": "d"
  },
  {
    "t": 3.731096,
    "k": "a"
  },
  {
    "t": 3.858576,
    "k": "s"
  },
  {
    "t": 3.94894,
    "k": "w"
  },
  {
    "t": 4.053915,
    "k": "d"
  },
  {
    "t": 4.190627,
    "k": "a"
  },
  {
    "t": 4.304401,
    "k": "s"
  },
  {
    "t": 4.479495,
    "k": "w"
  },
  {
    "t": 4.619105,
    "k": "d"
  },
  {
    "t": 4.795249,
    "k": "a"
  },
  {
    "t": 4.947245,
    "k": "s"
  },
  {
    "t": 5.364156,
    "k": "d"
  },
  {
    "t": 5.466873,
    "k": "a"
  },
  {
    "t": 5.7799,
    "k": "s"
  },
  {
    "t": 6.071588,
    "k": "s"
  },
  {
    "t": 6.734447,
    "k": "d"
  },
  {
    "t": 6.814573,
    "k": "a"
  },
  {
    "t": 6.928193,
    "k": "s"
  },
  {
    "t": 7.080046,
    "k": "w"
  },
  {
    "t": 7.221083,
    "k": "d"
  },
  {
    "t": 7.650016,
    "k": "a"
  },
  {
    "t": 7.660462,
    "k": "s"
  },
  {
    "t": 8.123459,
    "k": "d"
  },
  {
    "t": 8.308318,
    "k": "w"
  },
  {
    "t": 8.410731,
    "k": "s"
  },
  {
    "t": 8.59635,
    "k": "a"
  },
  {
    "t": 8.781075,
    "k": "d"
  },
  {
    "t": 9.147196,
    "k": "a"
  },
  {
    "t": 9.463451,
    "k": "s"
  },
  {
    "t": 9.960617,
    "k": "a"
  },
  {
    "t": 9.97392,
    "k": "d"
  },
  {
    "t": 10.299056,
    "k": "s"
  },
  {
    "t": 10.620704,
    "k": "s"
  },
  {
    "t": 11.315154,
    "k": "a"
  },
  {
    "t": 11.349561,
    "k": "d"
  },
  {
    "t": 11.511249,
    "k": "s"
  },
  {
    "t": 11.581714,
    "k": "w"
  },
  {
    "t": 11.697341,
    "k": "d"
  },
  {
    "t": 11.882166,
    "k": "s"
  },
  {
    "t": 12.239454,
    "k": "d"
  },
  {
    "t": 12.249759,
    "k": "a"
  },
  {
    "t": 12.607233,
    "k": "s"
  },
  {
    "t": 12.710989,
    "k": "w"
  },
  {
    "t": 12.838062,
    "k": "d"
  },
  {
    "t": 12.966482,
    "k": "a"
  },
  {
    "t": 13.079048,
    "k": "s"
  },
  {
    "t": 13.296526,
    "k": "d"
  },
  {
    "t": 13.619429,
    "k": "a"
  },
  {
    "t": 13.631473,
    "k": "d"
  },
  {
    "t": 13.87264,
    "k": "s"
  },
  {
    "t": 13.9776,
    "k": "w"
  },
  {
    "t": 14.118152,
    "k": "d"
  },
  {
    "t": 14.544687,
    "k": "a"
  },
  {
    "t": 14.566455,
    "k": "d"
  },
  {
    "t": 14.886987,
    "k": "s"
  },
  {
    "t": 15.18522,
    "k": "s"
  },
  {
    "t": 15.824113,
    "k": "a"
  },
  {
    "t": 15.834898,
    "k": "d"
  },
  {
    "t": 16.021846,
    "k": "s"
  },
  {
    "t": 16.071505,
    "k": "w"
  },
  {
    "t": 16.255559,
    "k": "d"
  },
  {
    "t": 16.34959,
    "k": "a"
  },
  {
    "t": 16.728456,
    "k": "d"
  },
  {
    "t": 16.752192,
    "k": "a"
  },
  {
    "t": 17.159727,
    "k": "s"
  },
  {
    "t": 17.262099,
    "k": "w"
  },
  {
    "t": 17.448062,
    "k": "d"
  },
  {
    "t": 17.749317,
    "k": "d"
  },
  {
    "t": 18.132717,
    "k": "a"
  },
  {
    "t": 18.168461,
    "k": "d"
  },
  {
    "t": 18.753164,
    "k": "a"
  },
  {
    "t": 18.776692,
    "k": "d"
  },
  {
    "t": 19.328494,
    "k": "a"
  },
  {
    "t": 19.340952,
    "k": "d"
  },
  {
    "t": 19.913119,
    "k": "d"
  },
  {
    "t": 19.913505,
    "k": "a"
  },
  {
    "t": 20.236944,
    "k": "s"
  },
  {
    "t": 20.350498,
    "k": "w"
  },
  {
    "t": 21.011348,
    "k": "d"
  },
  {
    "t": 21.035074,
    "k": "a"
  },
  {
    "t": 21.591819,
    "k": "s"
  },
  {
    "t": 21.853697,
    "k": "w"
  },
  {
    "t": 22.408059,
    "k": "a"
  },
  {
    "t": 22.409281,
    "k": "d"
  },
  {
    "t": 23.032734,
    "k": "s"
  },
  {
    "t": 23.626451,
    "k": "d"
  },
  {
    "t": 23.94987,
    "k": "a"
  },
  {
    "t": 24.136823,
    "k": "s"
  },
  {
    "t": 24.437318,
    "k": "w"
  },
  {
    "t": 24.867855,
    "k": "d"
  },
  {
    "t": 25.213464,
    "k": "a"
  },
  {
    "t": 25.610524,
    "k": "s"
  },
  {
    "t": 26.153427,
    "k": "a"
  },
  {
    "t": 26.440915,
    "k": "d"
  },
  {
    "t": 26.710904,
    "k": "w"
  },
  {
    "t": 27.008595,
    "k": "s"
  },
  {
    "t": 27.216764,
    "k": "a"
  },
  {
    "t": 27.886894,
    "k": "a"
  },
  {
    "t": 27.921095,
    "k": "d"
  },
  {
    "t": 28.448652,
    "k": "s"
  },
  {
    "t": 28.966607,
    "k": "a"
  },
  {
    "t": 28.980429,
    "k": "d"
  },
  {
    "t": 29.286952,
    "k": "s"
  },
  {
    "t": 29.611262,
    "k": "w"
  },
  {
    "t": 30.176666,
    "k": "d"
  },
  {
    "t": 30.199953,
    "k": "a"
  },
  {
    "t": 30.742119,
    "k": "s"
  },
  {
    "t": 30.940132,
    "k": "w"
  },
  {
    "t": 31.516227,
    "k": "a"
  },
  {
    "t": 31.552487,
    "k": "d"
  },
  {
    "t": 32.182098,
    "k": "s"
  },
  {
    "t": 32.820067,
    "k": "w"
  },
  {
    "t": 33.049321,
    "k": "s"
  },
  {
    "t": 33.438815,
    "k": "d"
  },
  {
    "t": 33.750856,
    "k": "a"
  },
  {
    "t": 34.236813,
    "k": "a"
  },
  {
    "t": 34.249195,
    "k": "d"
  },
  {
    "t": 34.789904,
    "k": "s"
  },
  {
    "t": 35.320955,
    "k": "w"
  },
  {
    "t": 35.60939,
    "k": "s"
  },
  {
    "t": 35.852089,
    "k": "a"
  },
  {
    "t": 36.153773,
    "k": "d"
  },
  {
    "t": 36.441257,
    "k": "w"
  },
  {
    "t": 37.070001,
    "k": "s"
  },
  {
    "t": 37.614951,
    "k": "d"
  },
  {
    "t": 38.091053,
    "k": "a"
  },
  {
    "t": 38.31818,
    "k": "d"
  },
  {
    "t": 38.559396,
    "k": "w"
  },
  {
    "t": 38.7777,
    "k": "s"
  },
  {
    "t": 39.261524,
    "k": "a"
  },
  {
    "t": 39.777614,
    "k": "d"
  },
  {
    "t": 40.180779,
    "k": "w"
  },
  {
    "t": 40.44685,
    "k": "a"
  },
  {
    "t": 41.002456,
    "k": "s"
  },
  {
    "t": 41.163555,
    "k": "d"
  },
  {
    "t": 41.455056,
    "k": "w"
  },
  {
    "t": 41.593532,
    "k": "d"
  },
  {
    "t": 41.799291,
    "k": "a"
  },
  {
    "t": 42.006263,
    "k": "d"
  },
  {
    "t": 42.328698,
    "k": "w"
  },
  {
    "t": 42.511676,
    "k": "d"
  },
  {
    "t": 42.619972,
    "k": "s"
  },
  {
    "t": 42.922182,
    "k": "a"
  },
  {
    "t": 43.16465,
    "k": "d"
  },
  {
    "t": 43.408184,
    "k": "w"
  },
  {
    "t": 43.884472,
    "k": "s"
  },
  {
    "t": 44.218458,
    "k": "d"
  },
  {
    "t": 44.334691,
    "k": "a"
  },
  {
    "t": 44.727442,
    "k": "s"
  },
  {
    "t": 44.863479,
    "k": "w"
  },
  {
    "t": 45.038719,
    "k": "d"
  },
  {
    "t": 45.330022,
    "k": "a"
  },
  {
    "t": 45.573551,
    "k": "s"
  },
  {
    "t": 45.801923,
    "k": "w"
  },
  {
    "t": 46.091428,
    "k": "d"
  },
  {
    "t": 46.178252,
    "k": "a"
  },
  {
    "t": 46.520469,
    "k": "a"
  },
  {
    "t": 46.542855,
    "k": "d"
  },
  {
    "t": 46.833077,
    "k": "a"
  },
  {
    "t": 46.843828,
    "k": "d"
  },
  {
    "t": 47.368904,
    "k": "s"
  },
  {
    "t": 47.888689,
    "k": "w"
  },
  {
    "t": 48.367496,
    "k": "s"
  },
  {
    "t": 48.621508,
    "k": "d"
  },
  {
    "t": 48.851716,
    "k": "a"
  },
  {
    "t": 49.115369,
    "k": "s"
  },
  {
    "t": 49.472654,
    "k": "w"
  },
  {
    "t": 49.829194,
    "k": "d"
  },
  {
    "t": 50.045683,
    "k": "a"
  },
  {
    "t": 50.286901,
    "k": "s"
  },
  {
    "t": 50.639084,
    "k": "d"
  },
  {
    "t": 50.94651,
    "k": "s"
  },
  {
    "t": 51.269408,
    "k": "d"
  },
  {
    "t": 51.524379,
    "k": "s"
  },
  {
    "t": 51.800786,
    "k": "w"
  },
  {
    "t": 51.89521,
    "k": "d"
  },
  {
    "t": 52.056698,
    "k": "a"
  },
  {
    "t": 52.159625,
    "k": "s"
  },
  {
    "t": 52.607637,
    "k": "d"
  },
  {
    "t": 52.952966,
    "k": "s"
  },
  {
    "t": 53.198384,
    "k": "a"
  },
  {
    "t": 53.45286,
    "k": "w"
  },
  {
    "t": 53.682526,
    "k": "a"
  },
  {
    "t": 53.950032,
    "k": "s"
  },
  {
    "t": 54.237294,
    "k": "w"
  },
  {
    "t": 54.533451,
    "k": "d"
  },
  {
    "t": 54.798053,
    "k": "a"
  },
  {
    "t": 55.055104,
    "k": "s"
  },
  {
    "t": 55.376025,
    "k": "w"
  },
  {
    "t": 55.649064,
    "k": "d"
  },
  {
    "t": 55.716554,
    "k": "a"
  },
  {
    "t": 56.249541,
    "k": "s"
  },
  {
    "t": 56.974699,
    "k": "d"
  },
  {
    "t": 56.985788,
    "k": "a"
  },
  {
    "t": 57.632488,
    "k": "d"
  },
  {
    "t": 57.918221,
    "k": "d"
  },
  {
    "t": 58.472187,
    "k": "a"
  },
  {
    "t": 58.762213,
    "k": "s"
  },
  {
    "t": 59.09365,
    "k": "w"
  },
  {
    "t": 59.369907,
    "k": "d"
  },
  {
    "t": 59.401869,
    "k": "a"
  },
  {
    "t": 59.909848,
    "k": "d"
  },
  {
    "t": 59.923688,
    "k": "a"
  },
  {
    "t": 60.212331,
    "k": "d"
  },
  {
    "t": 60.223348,
    "k": "a"
  },
  {
    "t": 60.893641,
    "k": "s"
  },
  {
    "t": 61.595335,
    "k": "w"
  },
  {
    "t": 61.894944,
    "k": "d"
  },
  {
    "t": 63.237041,
    "k": "w"
  },
  {
    "t": 63.502197,
    "k": "a"
  },
  {
    "t": 63.756023,
    "k": "s"
  },
  {
    "t": 63.981259,
    "k": "w"
  },
  {
    "t": 64.458519,
    "k": "a"
  },
  {
    "t": 64.468494,
    "k": "d"
  },
  {
    "t": 64.779648,
    "k": "d"
  },
  {
    "t": 64.794253,
    "k": "a"
  },
  {
    "t": 65.39907,
    "k": "s"
  },
  {
    "t": 65.647108,
    "k": "w"
  },
  {
    "t": 65.957173,
    "k": "d"
  },
  {
    "t": 65.996226,
    "k": "a"
  },
  {
    "t": 66.499364,
    "k": "s"
  },
  {
    "t": 67.825749,
    "k": "w"
  },
  {
    "t": 68.079793,
    "k": "d"
  },
  {
    "t": 68.323718,
    "k": "s"
  },
  {
    "t": 68.925921,
    "k": "a"
  },
  {
    "t": 69.379366,
    "k": "d"
  },
  {
    "t": 69.958718,
    "k": "s"
  },
  {
    "t": 70.709834,
    "k": "w"
  },
  {
    "t": 71.040074,
    "k": "s"
  },
  {
    "t": 72.951715,
    "k": "a"
  },
  {
    "t": 72.977501,
    "k": "d"
  },
  {
    "t": 73.151155,
    "k": "d"
  },
  {
    "t": 73.229848,
    "k": "a"
  },
  {
    "t": 73.610528,
    "k": "s"
  },
  {
    "t": 73.66716,
    "k": "w"
  },
  {
    "t": 73.93295,
    "k": "w"
  },
  {
    "t": 73.979404,
    "k": "d"
  },
  {
    "t": 74.24546,
    "k": "a"
  },
  {
    "t": 74.268097,
    "k": "d"
  },
  {
    "t": 74.733024,
    "k": "s"
  },
  {
    "t": 74.885468,
    "k": "w"
  },
  {
    "t": 75.234626,
    "k": "d"
  },
  {
    "t": 75.848061,
    "k": "a"
  },
  {
    "t": 76.414451,
    "k": "s"
  },
  {
    "t": 76.729168,
    "k": "w"
  },
  {
    "t": 77.263379,
    "k": "a"
  },
  {
    "t": 77.839645,
    "k": "d"
  },
  {
    "t": 78.481613,
    "k": "w"
  },
  {
    "t": 78.7258,
    "k": "s"
  },
  {
    "t": 78.934075,
    "k": "a"
  },
  {
    "t": 79.227185,
    "k": "d"
  },
  {
    "t": 79.43615,
    "k": "w"
  },
  {
    "t": 79.724815,
    "k": "s"
  },
  {
    "t": 79.958627,
    "k": "a"
  },
  {
    "t": 80.467797,
    "k": "d"
  },
  {
    "t": 80.997899,
    "k": "w"
  },
  {
    "t": 81.054967,
    "k": "s"
  },
  {
    "t": 81.309045,
    "k": "d"
  },
  {
    "t": 81.320203,
    "k": "a"
  },
  {
    "t": 81.609219,
    "k": "s"
  },
  {
    "t": 81.930822,
    "k": "w"
  },
  {
    "t": 82.240821,
    "k": "d"
  },
  {
    "t": 82.809399,
    "k": "s"
  },
  {
    "t": 83.210979,
    "k": "w"
  },
  {
    "t": 83.81203,
    "k": "a"
  },
  {
    "t": 83.84634,
    "k": "d"
  },
  {
    "t": 84.159235,
    "k": "s"
  },
  {
    "t": 84.482967,
    "k": "w"
  },
  {
    "t": 85.026131,
    "k": "d"
  },
  {
    "t": 85.029581,
    "k": "a"
  },
  {
    "t": 85.589633,
    "k": "s"
  },
  {
    "t": 85.903605,
    "k": "w"
  },
  {
    "t": 86.346816,
    "k": "s"
  },
  {
    "t": 86.941059,
    "k": "a"
  },
  {
    "t": 86.976204,
    "k": "d"
  },
  {
    "t": 87.562002,
    "k": "s"
  },
  {
    "t": 87.811764,
    "k": "w"
  },
  {
    "t": 88.331456,
    "k": "d"
  },
  {
    "t": 88.64905,
    "k": "a"
  },
  {
    "t": 88.872259,
    "k": "s"
  },
  {
    "t": 89.1028,
    "k": "w"
  },
  {
    "t": 89.575134,
    "k": "a"
  },
  {
    "t": 89.609934,
    "k": "d"
  },
  {
    "t": 90.138691,
    "k": "s"
  },
  {
    "t": 90.402544,
    "k": "w"
  },
  {
    "t": 90.733682,
    "k": "d"
  },
  {
    "t": 90.745291,
    "k": "a"
  },
  {
    "t": 91.048577,
    "k": "s"
  },
  {
    "t": 91.33737,
    "k": "w"
  },
  {
    "t": 91.891443,
    "k": "d"
  },
  {
    "t": 91.915191,
    "k": "a"
  },
  {
    "t": 92.436499,
    "k": "d"
  },
  {
    "t": 92.461553,
    "k": "a"
  },
  {
    "t": 92.938903,
    "k": "s"
  },
  {
    "t": 93.176818,
    "k": "w"
  },
  {
    "t": 93.365876,
    "k": "d"
  },
  {
    "t": 93.610058,
    "k": "s"
  },
  {
    "t": 94.014952,
    "k": "w"
  },
  {
    "t": 94.525953,
    "k": "d"
  },
  {
    "t": 94.746983,
    "k": "a"
  },
  {
    "t": 94.887012,
    "k": "s"
  },
  {
    "t": 95.138917,
    "k": "w"
  },
  {
    "t": 95.244289,
    "k": "d"
  },
  {
    "t": 95.41565,
    "k": "a"
  },
  {
    "t": 95.794806,
    "k": "s"
  },
  {
    "t": 95.968394,
    "k": "w"
  },
  {
    "t": 96.312948,
    "k": "d"
  },
  {
    "t": 96.417212,
    "k": "a"
  },
  {
    "t": 96.547147,
    "k": "s"
  },
  {
    "t": 96.908404,
    "k": "w"
  },
  {
    "t": 97.035335,
    "k": "d"
  },
  {
    "t": 97.400069,
    "k": "a"
  },
  {
    "t": 97.551174,
    "k": "s"
  },
  {
    "t": 97.885218,
    "k": "w"
  },
  {
    "t": 98.220623,
    "k": "d"
  },
  {
    "t": 98.672503,
    "k": "a"
  },
  {
    "t": 99.043368,
    "k": "s"
  },
  {
    "t": 99.225469,
    "k": "w"
  },
  {
    "t": 99.619672,
    "k": "d"
  },
  {
    "t": 99.962462,
    "k": "a"
  },
  {
    "t": 100.25845,
    "k": "s"
  },
  {
    "t": 100.5339,
    "k": "w"
  },
  {
    "t": 100.793998,
    "k": "d"
  },
  {
    "t": 101.322985,
    "k": "a"
  },
  {
    "t": 101.347286,
    "k": "s"
  },
  {
    "t": 101.951027,
    "k": "d"
  },
  {
    "t": 102.552274,
    "k": "s"
  },
  {
    "t": 103.151739,
    "k": "d"
  },
  {
    "t": 103.418303,
    "k": "s"
  },
  {
    "t": 103.663329,
    "k": "d"
  },
  {
    "t": 103.895819,
    "k": "s"
  },
  {
    "t": 104.296772,
    "k": "w"
  },
  {
    "t": 104.732737,
    "k": "s"
  },
  {
    "t": 104.906776,
    "k": "a"
  },
  {
    "t": 105.091655,
    "k": "d"
  },
  {
    "t": 105.546526,
    "k": "s"
  },
  {
    "t": 105.787095,
    "k": "d"
  },
  {
    "t": 106.117961,
    "k": "s"
  },
  {
    "t": 106.339396,
    "k": "d"
  },
  {
    "t": 106.648216,
    "k": "s"
  },
  {
    "t": 106.798708,
    "k": "d"
  },
  {
    "t": 106.83539,
    "k": "w"
  },
  {
    "t": 107.043462,
    "k": "s"
  },
  {
    "t": 107.497718,
    "k": "d"
  },
  {
    "t": 107.826182,
    "k": "s"
  },
  {
    "t": 108.118055,
    "k": "d"
  },
  {
    "t": 108.443469,
    "k": "s"
  },
  {
    "t": 108.789153,
    "k": "w"
  },
  {
    "t": 109.064952,
    "k": "d"
  },
  {
    "t": 109.377195,
    "k": "a"
  },
  {
    "t": 109.610463,
    "k": "s"
  },
  {
    "t": 110.037667,
    "k": "w"
  },
  {
    "t": 110.363349,
    "k": "d"
  },
  {
    "t": 111.942428,
    "k": "a"
  },
  {
    "t": 111.947228,
    "k": "d"
  },
  {
    "t": 113.247727,
    "k": "s"
  },
  {
    "t": 113.640407,
    "k": "w"
  },
  {
    "t": 113.906293,
    "k": "d"
  },
  {
    "t": 114.19646,
    "k": "a"
  },
  {
    "t": 114.703491,
    "k": "s"
  },
  {
    "t": 115.050121,
    "k": "w"
  },
  {
    "t": 115.684077,
    "k": "d"
  },
  {
    "t": 116.457839,
    "k": "a"
  },
  {
    "t": 116.712683,
    "k": "s"
  },
  {
    "t": 118.113338,
    "k": "d"
  },
  {
    "t": 118.274622,
    "k": "s"
  },
  {
    "t": 118.610121,
    "k": "w"
  },
  {
    "t": 118.875869,
    "k": "s"
  },
  {
    "t": 119.310979,
    "k": "a"
  },
  {
    "t": 119.720896,
    "k": "d"
  },
  {
    "t": 120.339574,
    "k": "w"
  },
  {
    "t": 121.0579,
    "k": "s"
  },
  {
    "t": 121.602738,
    "k": "a"
  },
  {
    "t": 122.833021,
    "k": "d"
  },
  {
    "t": 123.089161,
    "k": "w"
  },
  {
    "t": 123.357912,
    "k": "s"
  },
  {
    "t": 123.855516,
    "k": "a"
  },
  {
    "t": 124.261598,
    "k": "d"
  },
  {
    "t": 124.8207,
    "k": "w"
  },
  {
    "t": 125.40245,
    "k": "s"
  },
  {
    "t": 125.599372,
    "k": "a"
  },
  {
    "t": 125.991404,
    "k": "w"
  },
  {
    "t": 127.290309,
    "k": "s"
  },
  {
    "t": 127.719541,
    "k": "d"
  },
  {
    "t": 127.967785,
    "k": "a"
  },
  {
    "t": 128.267192,
    "k": "s"
  },
  {
    "t": 128.521918,
    "k": "w"
  },
  {
    "t": 128.75316,
    "k": "d"
  },
  {
    "t": 129.02117,
    "k": "a"
  },
  {
    "t": 129.531876,
    "k": "d"
  },
  {
    "t": 129.576848,
    "k": "a"
  },
  {
    "t": 129.863121,
    "k": "d"
  },
  {
    "t": 129.898494,
    "k": "a"
  },
  {
    "t": 130.201978,
    "k": "s"
  },
  {
    "t": 130.767219,
    "k": "w"
  },
  {
    "t": 131.3534,
    "k": "d"
  },
  {
    "t": 131.363712,
    "k": "a"
  },
  {
    "t": 131.65545,
    "k": "s"
  },
  {
    "t": 132.175846,
    "k": "w"
  },
  {
    "t": 132.754257,
    "k": "s"
  },
  {
    "t": 133.905666,
    "k": "a"
  },
  {
    "t": 134.263526,
    "k": "d"
  },
  {
    "t": 134.633334,
    "k": "w"
  },
  {
    "t": 135.293744,
    "k": "s"
  },
  {
    "t": 135.83882,
    "k": "a"
  },
  {
    "t": 136.1664,
    "k": "d"
  },
  {
    "t": 136.418644,
    "k": "w"
  },
  {
    "t": 136.719185,
    "k": "s"
  },
  {
    "t": 137.007766,
    "k": "a"
  },
  {
    "t": 137.589648,
    "k": "d"
  },
  {
    "t": 138.140026,
    "k": "w"
  },
  {
    "t": 138.808251,
    "k": "s"
  },
  {
    "t": 139.111679,
    "k": "a"
  },
  {
    "t": 139.38471,
    "k": "d"
  },
  {
    "t": 139.942092,
    "k": "w"
  },
  {
    "t": 140.527806,
    "k": "a"
  },
  {
    "t": 140.838316,
    "k": "s"
  },
  {
    "t": 141.315035,
    "k": "d"
  },
  {
    "t": 141.872407,
    "k": "s"
  },
  {
    "t": 142.610296,
    "k": "w"
  },
  {
    "t": 142.976097,
    "k": "s"
  },
  {
    "t": 143.329376,
    "k": "d"
  },
  {
    "t": 143.36095,
    "k": "a"
  },
  {
    "t": 143.672912,
    "k": "a"
  },
  {
    "t": 143.683513,
    "k": "d"
  },
  {
    "t": 144.023251,
    "k": "s"
  },
  {
    "t": 144.44238,
    "k": "w"
  },
  {
    "t": 144.997353,
    "k": "d"
  },
  {
    "t": 145.010025,
    "k": "a"
  },
  {
    "t": 145.241659,
    "k": "s"
  },
  {
    "t": 145.51947,
    "k": "w"
  },
  {
    "t": 145.854802,
    "k": "a"
  },
  {
    "t": 145.877392,
    "k": "d"
  },
  {
    "t": 146.156749,
    "k": "s"
  },
  {
    "t": 146.760572,
    "k": "d"
  },
  {
    "t": 147.271698,
    "k": "s"
  },
  {
    "t": 147.816245,
    "k": "d"
  },
  {
    "t": 148.460013,
    "k": "s"
  },
  {
    "t": 148.600381,
    "k": "a"
  },
  {
    "t": 148.729584,
    "k": "s"
  },
  {
    "t": 148.843303,
    "k": "a"
  },
  {
    "t": 149.294956,
    "k": "d"
  },
  {
    "t": 149.674827,
    "k": "s"
  },
  {
    "t": 150.030235,
    "k": "s"
  },
  {
    "t": 150.637063,
    "k": "d"
  },
  {
    "t": 150.788888,
    "k": "s"
  },
  {
    "t": 150.893923,
    "k": "d"
  },
  {
    "t": 151.023856,
    "k": "s"
  },
  {
    "t": 151.590556,
    "k": "w"
  },
  {
    "t": 152.065576,
    "k": "d"
  },
  {
    "t": 152.229229,
    "k": "s"
  },
  {
    "t": 152.460325,
    "k": "s"
  },
  {
    "t": 152.619478,
    "k": "a"
  },
  {
    "t": 152.781294,
    "k": "d"
  },
  {
    "t": 152.906697,
    "k": "w"
  },
  {
    "t": 153.032574,
    "k": "s"
  },
  {
    "t": 153.19331,
    "k": "a"
  },
  {
    "t": 153.33345,
    "k": "d"
  },
  {
    "t": 153.446635,
    "k": "w"
  },
  {
    "t": 153.883934,
    "k": "s"
  },
  {
    "t": 154.303499,
    "k": "w"
  },
  {
    "t": 154.581172,
    "k": "w"
  },
  {
    "t": 155.30484,
    "k": "s"
  },
  {
    "t": 155.481767,
    "k": "a"
  },
  {
    "t": 155.608371,
    "k": "s"
  },
  {
    "t": 155.735726,
    "k": "a"
  },
  {
    "t": 156.280956,
    "k": "d"
  },
  {
    "t": 156.699125,
    "k": "w"
  },
  {
    "t": 156.927953,
    "k": "d"
  },
  {
    "t": 157.307362,
    "k": "s"
  },
  {
    "t": 157.735703,
    "k": "d"
  },
  {
    "t": 157.863894,
    "k": "a"
  },
  {
    "t": 157.992341,
    "k": "d"
  },
  {
    "t": 158.094674,
    "k": "a"
  },
  {
    "t": 158.512511,
    "k": "s"
  },
  {
    "t": 158.873199,
    "k": "w"
  },
  {
    "t": 159.124481,
    "k": "w"
  }
]