[
  {
    "t": 2.189202,
    "k": "a"
  },
  {
    "t": 2.200193,
    "k": "d"
  },
  {
    "t": 2.854093,
    "k": "a"
  },
  {
    "t": 2.859713,
    "k": "d"
  },
  {
    "t": 4.698261,
    "k": "a"
  },
  {
    "t": 4.703265,
    "k": "d"
  },
  {
    "t": 5.309994,
    "k": "a"
  },
  {
    "t": 5.315212,
    "k": "d"
  },
  {
    "t": 7.182701,
    "k": "d"
  },
  {
    "t": 7.187458,
    "k": "a"
  },
  {
    "t": 7.689126,
    "k": "a"
  },
  {
    "t": 7.709279,
    "k": "d"
  },
  {
    "t": 11.106081,
    "k": "s"
  },
  {
    "t": 11.350857,
    "k": "s"
  },
  {
    "t": 11.529504,
    "k": "s"
  },
  {
    "t": 11.782419,
    "k": "s"
  },
  {
    "t": 12.062162,
    "k": "s"
  },
  {
    "t": 12.383569,
    "k": "s"
  },
  {
    "t": 13.589014,
    "k": "w"
  },
  {
    "t": 13.724449,
    "k": "w"
  },
  {
    "t": 13.851754,
    "k": "w"
  },
  {
    "t": 14.200266,
    "k": "w"
  },
  {
    "t": 14.485442,
    "k": "w"
  },
  {
    "t": 14.82258,
    "k": "w"
  },
  {
    "t": 16.127078,
    "k": "a"
  },
  {
    "t": 16.257991,
    "k": "a"
  },
  {
    "t": 16.346448,
    "k": "a"
  },
  {
    "t": 16.651596,
    "k": "a"
  },
  {
    "t": 16.972186,
    "k": "a"
  },
  {
    "t": 17.301566,
    "k": "a"
  },
  {
    "t": 17.757402,
    "k": "a"
  },
  {
    "t": 17.852682,
    "k": "a"
  },
  {
    "t": 18.000236,
    "k": "a"
  },
  {
    "t": 18.267325,
    "k": "a"
  },
  {
    "t": 18.534067,
    "k": "a"
  },
  {
    "t": 18.84838,
    "k": "a"
  },
  {
    "t": 19.167014,
    "k": "a"
  },
  {
    "t": 20.886298,
    "k": "a"
  },
  {
    "t": 20.890941,
    "k": "d"
  },
  {
    "t": 20.981104,
    "k": "d"
  },
  {
    "t": 21.144945,
    "k": "d"
  },
  {
    "t": 21.328288,
    "k": "d"
  },
  {
    "t": 21.433745,
    "k": "d"
  },
  {
    "t": 21.656118,
    "k": "d"
  },
  {
    "t": 21.744881,
    "k": "d"
  },
  {
    "t": 21.976872,
    "k": "d"
  },
  {
    "t": 22.32556,
    "k": "d"
  },
  {
    "t": 23.531637,
    "k": "a"
  },
  {
    "t": 23.552877,
    "k": "d"
  },
  {
    "t": 23.742231,
    "k": "s"
  },
  {
    "t": 23.916686,
    "k": "d"
  },
  {
    "t": 24.274628,
    "k": "a"
  },
  {
    "t": 24.556741,
    "k": "d"
  },
  {
    "t": 24.572707,
    "k": "a"
  },
  {
    "t": 24.861296,
    "k": "d"
  },
  {
    "t": 24.872472,
    "k": "a"
  },
  {
    "t": 25.968571,
    "k": "d"
  },
  {
    "t": 26.332563,
    "k": "d"
  },
  {
    "t": 26.517666,
    "k": "d"
  },
  {
    "t": 26.7406,
    "k": "d"
  },
  {
    "t": 28.248022,
    "k": "d"
  },
  {
    "t": 28.357636,
    "k": "d"
  },
  {
    "t": 28.587188,
    "k": "d"
  },
  {
    "t": 28.720612,
    "k": "d"
  },
  {
    "t": 28.86351,
    "k": "d"
  },
  {
    "t": 29.195769,
    "k": "d"
  },
  {
    "t": 30.998106,
    "k": "s"
  },
  {
    "t": 31.141416,
    "k": "a"
  },
  {
    "t": 31.413911,
    "k": "d"
  },
  {
    "t": 31.692788,
    "k": "s"
  },
  {
    "t": 33.28708,
    "k": "a"
  },
  {
    "t": 33.292443,
    "k": "d"
  },
  {
    "t": 33.594129,
    "k": "s"
  },
  {
    "t": 33.888596,
    "k": "a"
  },
  {
    "t": 33.894156,
    "k": "d"
  },
  {
    "t": 34.223966,
    "k": "s"
  },
  {
    "t": 35.963219,
    "k": "d"
  },
  {
    "t": 35.968415,
    "k": "a"
  },
  {
    "t": 36.224411,
    "k": "s"
  },
  {
    "t": 36.456974,
    "k": "a"
  },
  {
    "t": 36.473468,
    "k": "d"
  },
  {
    "t": 36.79047,
    "k": "s"
  },
  {
    "t": 38.294501,
    "k": "a"
  },
  {
    "t": 38.300101,
    "k": "s"
  },
  {
    "t": 38.588386,
    "k": "d"
  },
  {
    "t": 38.594534,
    "k": "s"
  },
  {
    "t": 38.904203,
    "k": "s"
  },
  {
    "t": 38.909509,
    "k": "a"
  },
  {
    "t": 39.231936,
    "k": "s"
  },
  {
    "t": 39.23806,
    "k": "d"
  },
  {
    "t": 41.101516,
    "k": "d"
  },
  {
    "t": 41.228308,
    "k": "s"
  },
  {
    "t": 41.398413,
    "k": "a"
  },
  {
    "t": 41.688872,
    "k": "s"
  },
  {
    "t": 43.314928,
    "k": "d"
  },
  {
    "t": 43.478466,
    "k": "a"
  },
  {
    "t": 43.62011,
    "k": "s"
  },
  {
    "t": 43.751019,
    "k": "d"
  },
  {
    "t": 43.899662,
    "k": "s"
  },
  {
    "t": 44.197644,
    "k": "a"
  },
  {
    "t": 45.769823,
    "k": "a"
  },
  {
    "t": 45.896418,
    "k": "a"
  },
  {
    "t": 46.04292,
    "k": "a"
  },
  {
    "t": 46.298835,
    "k": "a"
  },
  {
    "t": 46.422051,
    "k": "a"
  },
  {
    "t": 46.702984,
    "k": "a"
  },
  {
    "t": 48.121225,
    "k": "d"
  },
  {
    "t": 48.222419,
    "k": "d"
  },
  {
    "t": 48.384623,
    "k": "d"
  },
  {
    "t": 48.612787,
    "k": "d"
  },
  {
    "t": 48.768573,
    "k": "d"
  },
  {
    "t": 48.925364,
    "k": "d"
  },
  {
    "t": 49.142619,
    "k": "d"
  },
  {
    "t": 49.509118,
    "k": "d"
  },
  {
    "t": 50.080073,
    "k": "s"
  },
  {
    "t": 50.234849,
    "k": "d"
  },
  {
    "t": 50.240076,
    "k": "a"
  },
  {
    "t": 50.783732,
    "k": "s"
  },
  {
    "t": 50.789213,
    "k": "a"
  },
  {
    "t": 50.794131,
    "k": "d"
  },
  {
    "t": 51.394661,
    "k": "d"
  },
  {
    "t": 51.400567,
    "k": "a"
  },
  {
    "t": 51.998842,
    "k": "s"
  },
  {
    "t": 52.004436,
    "k": "d"
  },
  {
    "t": 52.015341,
    "k": "a"
  },
  {
    "t": 52.656238,
    "k": "d"
  },
  {
    "t": 52.661876,
    "k": "s"
  },
  {
    "t": 52.936604,
    "k": "a"
  },
  {
    "t": 52.941967,
    "k": "d"
  },
  {
    "t": 53.263489,
    "k": "a"
  },
  {
    "t": 53.392309,
    "k": "d"
  },
  {
    "t": 53.558272,
    "k": "d"
  },
  {
    "t": 53.563612,
    "k": "a"
  },
  {
    "t": 55.505329,
    "k": "a"
  },
  {
    "t": 55.515986,
    "k": "d"
  },
  {
    "t": 55.754492,
    "k": "s"
  },
  {
    "t": 56.092874,
    "k": "d"
  },
  {
    "t": 56.097999,
    "k": "a"
  },
  {
    "t": 56.42531,
    "k": "s"
  },
  {
    "t": 56.709434,
    "k": "d"
  },
  {
    "t": 56.73114,
    "k": "a"
  },
  {
    "t": 57.016066,
    "k": "d"
  },
  {
    "t": 57.0217,
    "k": "a"
  },
  {
    "t": 58.032344,
    "k": "a"
  },
  {
    "t": 58.038017,
    "k": "d"
  },
  {
    "t": 58.288604,
    "k": "s"
  },
  {
    "t": 58.586271,
    "k": "d"
  },
  {
    "t": 58.596998,
    "k": "a"
  },
  {
    "t": 58.907529,
    "k": "s"
  },
  {
    "t": 59.199547,
    "k": "a"
  },
  {
    "t": 59.210664,
    "k": "d"
  },
  {
    "t": 59.53119,
    "k": "s"
  },
  {
    "t": 60.38468,
    "k": "a"
  },
  {
    "t": 60.512828,
    "k": "d"
  },
  {
    "t": 60.722738,
    "k": "a"
  },
  {
    "t": 60.733872,
    "k": "d"
  },
  {
    "t": 61.40818,
    "k": "s"
  },
  {
    "t": 62.032761,
    "k": "d"
  },
  {
    "t": 62.043425,
    "k": "a"
  },
  {
    "t": 62.672697,
    "k": "s"
  },
  {
    "t": 62.961329,
    "k": "a"
  },
  {
    "t": 62.966403,
    "k": "d"
  },
  {
    "t": 63.290619,
    "k": "s"
  },
  {
    "t": 63.591834,
    "k": "d"
  },
  {
    "t": 63.607338,
    "k": "a"
  },
  {
    "t": 65.47146,
    "k": "w"
  },
  {
    "t": 65.618057,
    "k": "w"
  },
  {
    "t": 65.765796,
    "k": "w"
  },
  {
    "t": 66.099953,
    "k": "s"
  },
  {
    "t": 66.237765,
    "k": "s"
  },
  {
    "t": 66.389967,
    "k": "s"
  },
  {
    "t": 66.680541,
    "k": "a"
  },
  {
    "t": 66.839618,
    "k": "a"
  },
  {
    "t": 66.993604,
    "k": "a"
  },
  {
    "t": 67.371117,
    "k": "a"
  },
  {
    "t": 67.663035,
    "k": "d"
  },
  {
    "t": 67.793655,
    "k": "d"
  },
  {
    "t": 67.931578,
    "k": "d"
  },
  {
    "t": 68.107167,
    "k": "d"
  },
  {
    "t": 68.340326,
    "k": "d"
  },
  {
    "t": 68.613368,
    "k": "d"
  },
  {
    "t": 68.736364,
    "k": "d"
  },
  {
    "t": 68.874041,
    "k": "d"
  },
  {
    "t": 69.243527,
    "k": "a"
  },
  {
    "t": 69.570348,
    "k": "a"
  },
  {
    "t": 69.575666,
    "k": "d"
  },
  {
    "t": 70.27827,
    "k": "s"
  },
  {
    "t": 70.289385,
    "k": "a"
  },
  {
    "t": 70.294612,
    "k": "d"
  },
  {
    "t": 70.773271,
    "k": "a"
  },
  {
    "t": 70.77927,
    "k": "d"
  },
  {
    "t": 70.955455,
    "k": "d"
  },
  {
    "t": 71.447904,
    "k": "s"
  },
  {
    "t": 71.452809,
    "k": "a"
  },
  {
    "t": 71.457916,
    "k": "d"
  },
  {
    "t": 72.095936,
    "k": "d"
  },
  {
    "t": 72.10602,
    "k": "a"
  },
  {
    "t": 72.704637,
    "k": "d"
  },
  {
    "t": 72.714401,
    "k": "a"
  },
  {
    "t": 73.307646,
    "k": "a"
  },
  {
    "t": 73.312909,
    "k": "d"
  },
  {
    "t": 73.92466,
    "k": "d"
  },
  {
    "t": 73.934652,
    "k": "a"
  },
  {
    "t": 74.62759,
    "k": "s"
  },
  {
    "t": 74.849119,
    "k": "w"
  },
  {
    "t": 75.114743,
    "k": "d"
  },
  {
    "t": 75.125941,
    "k": "a"
  },
  {
    "t": 75.736746,
    "k": "d"
  },
  {
    "t": 75.757949,
    "k": "a"
  },
  {
    "t": 76.422346,
    "k": "d"
  },
  {
    "t": 76.427537,
    "k": "a"
  },
  {
    "t": 77.117624,
    "k": "a"
  },
  {
    "t": 77.122446,
    "k": "d"
  },
  {
    "t": 77.715328,
    "k": "a"
  },
  {
    "t": 77.726122,
    "k": "d"
  },
  {
    "t": 78.287299,
    "k": "d"
  },
  {
    "t": 78.298003,
    "k": "a"
  },
  {
    "t": 78.87554,
    "k": "d"
  },
  {
    "t": 78.88624,
    "k": "a"
  },
  {
    "t": 79.556919,
    "k": "s"
  },
  {
    "t": 79.563145,
    "k": "a"
  },
  {
    "t": 79.573621,
    "k": "d"
  },
  {
    "t": 80.162705,
    "k": "s"
  },
  {
    "t": 80.167321,
    "k": "a"
  },
  {
    "t": 80.183777,
    "k": "d"
  },
  {
    "t": 80.438738,
    "k": "d"
  },
  {
    "t": 80.455104,
    "k": "d"
  },
  {
    "t": 80.745648,
    "k": "d"
  },
  {
    "t": 80.756238,
    "k": "a"
  },
  {
    "t": 81.129026,
    "k": "s"
  },
  {
    "t": 81.274879,
    "k": "w"
  },
  {
    "t": 81.456236,
    "k": "s"
  },
  {
    "t": 81.472756,
    "k": "d"
  },
  {
    "t": 81.783664,
    "k": "s"
  },
  {
    "t": 81.789093,
    "k": "a"
  },
  {
    "t": 82.111137,
    "k": "d"
  },
  {
    "t": 82.121849,
    "k": "a"
  },
  {
    "t": 82.421998,
    "k": "s"
  },
  {
    "t": 82.939437,
    "k": "d"
  },
  {
    "t": 82.944114,
    "k": "a"
  },
  {
    "t": 83.054879,
    "k": "d"
  },
  {
    "t": 83.065361,
    "k": "a"
  },
  {
    "t": 83.318199,
    "k": "s"
  },
  {
    "t": 83.604825,
    "k": "a"
  },
  {
    "t": 83.620838,
    "k": "d"
  },
  {
    "t": 83.906793,
    "k": "s"
  },
  {
    "t": 84.253973,
    "k": "a"
  },
  {
    "t": 84.258772,
    "k": "d"
  },
  {
    "t": 84.539646,
    "k": "a"
  },
  {
    "t": 84.544906,
    "k": "d"
  },
  {
    "t": 84.889915,
    "k": "s"
  },
  {
    "t": 85.376066,
    "k": "d"
  },
  {
    "t": 85.381129,
    "k": "a"
  },
  {
    "t": 85.544754,
    "k": "s"
  },
  {
    "t": 85.762643,
    "k": "d"
  },
  {
    "t": 85.767252,
    "k": "a"
  },
  {
    "t": 86.070981,
    "k": "s"
  },
  {
    "t": 86.415813,
    "k": "d"
  },
  {
    "t": 86.426391,
    "k": "a"
  },
  {
    "t": 86.772109,
    "k": "s"
  },
  {
    "t": 87.060603,
    "k": "a"
  },
  {
    "t": 87.066252,
    "k": "d"
  },
  {
    "t": 87.408718,
    "k": "s"
  },
  {
    "t": 87.699854,
    "k": "d"
  },
  {
    "t": 87.716377,
    "k": "a"
  },
  {
    "t": 88.006871,
    "k": "s"
  },
  {
    "t": 88.312604,
    "k": "a"
  },
  {
    "t": 88.317878,
    "k": "d"
  },
  {
    "t": 88.640214,
    "k": "s"
  },
  {
    "t": 88.93365,
    "k": "a"
  },
  {
    "t": 88.939044,
    "k": "d"
  },
  {
    "t": 89.26371,
    "k": "s"
  },
  {
    "t": 89.536247,
    "k": "d"
  },
  {
    "t": 89.557368,
    "k": "a"
  },
  {
    "t": 89.869389,
    "k": "s"
  },
  {
    "t": 90.166871,
    "k": "d"
  },
  {
    "t": 90.172735,
    "k": "a"
  },
  {
    "t": 90.512377,
    "k": "s"
  },
  {
    "t": 90.855658,
    "k": "w"
  },
  {
    "t": 91.109418,
    "k": "a"
  },
  {
    "t": 91.114661,
    "k": "d"
  },
  {
    "t": 91.439648,
    "k": "s"
  },
  {
    "t": 91.732134,
    "k": "w"
  },
  {
    "t": 92.04644,
    "k": "a"
  },
  {
    "t": 92.063225,
    "k": "d"
  },
  {
    "t": 92.389957,
    "k": "s"
  },
  {
    "t": 92.649747,
    "k": "w"
  },
  {
    "t": 92.981922,
    "k": "d"
  },
  {
    "t": 92.992691,
    "k": "a"
  },
  {
    "t": 93.282956,
    "k": "s"
  },
  {
    "t": 93.609652,
    "k": "w"
  },
  {
    "t": 93.904658,
    "k": "a"
  },
  {
    "t": 93.909919,
    "k": "d"
  },
  {
    "t": 94.230124,
    "k": "s"
  },
  {
    "t": 94.527308,
    "k": "w"
  },
  {
    "t": 94.86575,
    "k": "d"
  },
  {
    "t": 95.172569,
    "k": "d"
  },
  {
    "t": 95.494962,
    "k": "d"
  },
  {
    "t": 95.802606,
    "k": "a"
  },
  {
    "t": 96.078441,
    "k": "a"
  },
  {
    "t": 96.416652,
    "k": "a"
  },
  {
    "t": 96.71502,
    "k": "s"
  },
  {
    "t": 97.031603,
    "k": "s"
  },
  {
    "t": 97.397038,
    "k": "w"
  },
  {
    "t": 97.680964,
    "k": "w"
  },
  {
    "t": 98.041682,
    "k": "d"
  },
  {
    "t": 98.05264,
    "k": "a"
  },
  {
    "t": 98.30771,
    "k": "d"
  },
  {
    "t": 98.313056,
    "k": "a"
  },
  {
    "t": 98.641073,
    "k": "d"
  },
  {
    "t": 98.646209,
    "k": "a"
  },
  {
    "t": 98.985534,
    "k": "a"
  },
  {
    "t": 98.995765,
    "k": "d"
  },
  {
    "t": 99.280644,
    "k": "d"
  },
  {
    "t": 99.290723,
    "k": "a"
  },
  {
    "t": 99.595496,
    "k": "a"
  },
  {
    "t": 99.600615,
    "k": "d"
  },
  {
    "t": 99.923678,
    "k": "a"
  },
  {
    "t": 99.929523,
    "k": "d"
  },
  {
    "t": 100.177197,
    "k": "d"
  },
  {
    "t": 100.199479,
    "k": "a"
  },
  {
    "t": 100.470901,
    "k": "d"
  },
  {
    "t": 100.475002,
    "k": "a"
  },
  {
    "t": 100.750611,
    "k": "d"
  },
  {
    "t": 100.766567,
    "k": "a"
  },
  {
    "t": 101.104369,
    "k": "d"
  },
  {
    "t": 101.114544,
    "k": "a"
  },
  {
    "t": 101.411238,
    "k": "a"
  },
  {
    "t": 101.415923,
    "k": "d"
  },
  {
    "t": 101.718787,
    "k": "d"
  },
  {
    "t": 101.723477,
    "k": "a"
  },
  {
    "t": 102.031552,
    "k": "d"
  },
  {
    "t": 102.036966,
    "k": "a"
  },
  {
    "t": 102.373547,
    "k": "d"
  },
  {
    "t": 102.378837,
    "k": "a"
  },
  {
    "t": 102.683857,
    "k": "d"
  },
  {
    "t": 102.694325,
    "k": "a"
  },
  {
    "t": 102.981581,
    "k": "d"
  },
  {
    "t": 102.992176,
    "k": "a"
  },
  {
    "t": 103.284744,
    "k": "d"
  },
  {
    "t": 103.290232,
    "k": "a"
  },
  {
    "t": 103.597789,
    "k": "a"
  },
  {
    "t": 103.60221,
    "k": "d"
  },
  {
    "t": 103.887004,
    "k": "a"
  },
  {
    "t": 103.897478,
    "k": "d"
  },
  {
    "t": 104.193948,
    "k": "a"
  },
  {
    "t": 104.199085,
    "k": "d"
  },
  {
    "t": 104.501436,
    "k": "a"
  },
  {
    "t": 104.522574,
    "k": "d"
  },
  {
    "t": 104.864508,
    "k": "a"
  },
  {
    "t": 104.875242,
    "k": "d"
  },
  {
    "t": 105.199659,
    "k": "s"
  },
  {
    "t": 105.475292,
    "k": "s"
  },
  {
    "t": 105.819311,
    "k": "s"
  },
  {
    "t": 106.084279,
    "k": "d"
  },
  {
    "t": 106.100525,
    "k": "a"
  },
  {
    "t": 106.395905,
    "k": "d"
  },
  {
    "t": 106.40075,
    "k": "a"
  },
  {
    "t": 106.712873,
    "k": "a"
  },
  {
    "t": 106.718686,
    "k": "d"
  },
  {
    "t": 107.029501,
    "k": "d"
  },
  {
    "t": 107.034715,
    "k": "a"
  },
  {
    "t": 107.341877,
    "k": "a"
  },
  {
    "t": 107.347208,
    "k": "d"
  },
  {
    "t": 107.654048,
    "k": "a"
  },
  {
    "t": 107.664366,
    "k": "d"
  },
  {
    "t": 107.991645,
    "k": "s"
  },
  {
    "t": 108.254692,
    "k": "s"
  },
  {
    "t": 108.570953,
    "k": "s"
  },
  {
    "t": 108.866042,
    "k": "d"
  },
  {
    "t": 108.871025,
    "k": "a"
  },
  {
    "t": 109.200733,
    "k": "d"
  },
  {
    "t": 109.216835,
    "k": "a"
  },
  {
    "t": 109.507953,
    "k": "d"
  },
  {
    "t": 109.519032,
    "k": "a"
  },
  {
    "t": 109.839958,
    "k": "a"
  },
  {
    "t": 109.862194,
    "k": "d"
  },
  {
    "t": 110.160116,
    "k": "d"
  },
  {
    "t": 110.17136,
    "k": "a"
  },
  {
    "t": 110.491058,
    "k": "d"
  },
  {
    "t": 110.507405,
    "k": "a"
  },
  {
    "t": 110.80077,
    "k": "d"
  },
  {
    "t": 110.806734,
    "k": "a"
  },
  {
    "t": 111.128776,
    "k": "s"
  },
  {
    "t": 111.402886,
    "k": "d"
  },
  {
    "t": 111.414297,
    "k": "a"
  },
  {
    "t": 111.712227,
    "k": "d"
  },
  {
    "t": 111.729374,
    "k": "a"
  },
  {
    "t": 112.029429,
    "k": "s"
  },
  {
    "t": 112.357996,
    "k": "s"
  },
  {
    "t": 112.654143,
    "k": "d"
  },
  {
    "t": 112.659405,
    "k": "a"
  },
  {
    "t": 112.98129,
    "k": "d"
  },
  {
    "t": 112.9974,
    "k": "a"
  },
  {
    "t": 113.290327,
    "k": "d"
  },
  {
    "t": 113.306256,
    "k": "a"
  },
  {
    "t": 113.594619,
    "k": "d"
  },
  {
    "t": 113.604864,
    "k": "a"
  },
  {
    "t": 113.901054,
    "k": "s"
  },
  {
    "t": 114.204451,
    "k": "s"
  },
  {
    "t": 114.517402,
    "k": "a"
  },
  {
    "t": 114.522977,
    "k": "d"
  },
  {
    "t": 114.840023,
    "k": "d"
  },
  {
    "t": 114.85614,
    "k": "a"
  },
  {
    "t": 115.173734,
    "k": "d"
  },
  {
    "t": 115.178736,
    "k": "a"
  },
  {
    "t": 115.485821,
    "k": "d"
  },
  {
    "t": 115.496383,
    "k": "a"
  },
  {
    "t": 115.78664,
    "k": "s"
  },
  {
    "t": 116.105204,
    "k": "s"
  },
  {
    "t": 116.411905,
    "k": "s"
  },
  {
    "t": 116.73167,
    "k": "d"
  },
  {
    "t": 116.736944,
    "k": "a"
  },
  {
    "t": 117.038672,
    "k": "d"
  },
  {
    "t": 117.054556,
    "k": "a"
  },
  {
    "t": 117.355694,
    "k": "d"
  },
  {
    "t": 117.361932,
    "k": "a"
  },
  {
    "t": 117.663492,
    "k": "d"
  },
  {
    "t": 117.674842,
    "k": "a"
  },
  {
    "t": 117.987216,
    "k": "d"
  },
  {
    "t": 117.99764,
    "k": "a"
  },
  {
    "t": 118.288328,
    "k": "s"
  },
  {
    "t": 118.606562,
    "k": "s"
  },
  {
    "t": 118.885395,
    "k": "s"
  },
  {
    "t": 119.20783,
    "k": "d"
  },
  {
    "t": 119.213366,
    "k": "a"
  },
  {
    "t": 119.520381,
    "k": "d"
  },
  {
    "t": 119.525122,
    "k": "a"
  },
  {
    "t": 119.829706,
    "k": "d"
  },
  {
    "t": 119.834771,
    "k": "a"
  },
  {
    "t": 120.093874,
    "k": "d"
  },
  {
    "t": 120.120759,
    "k": "a"
  },
  {
    "t": 120.403723,
    "k": "s"
  },
  {
    "t": 120.413938,
    "k": "w"
  },
  {
    "t": 120.747824,
    "k": "a"
  },
  {
    "t": 120.928348,
    "k": "d"
  },
  {
    "t": 120.932965,
    "k": "s"
  },
  {
    "t": 121.432014,
    "k": "a"
  },
  {
    "t": 121.437544,
    "k": "s"
  },
  {
    "t": 121.442372,
    "k": "d"
  },
  {
    "t": 121.995095,
    "k": "s"
  },
  {
    "t": 122.005035,
    "k": "d"
  },
  {
    "t": 122.010468,
    "k": "a"
  },
  {
    "t": 122.672866,
    "k": "a"
  },
  {
    "t": 122.677192,
    "k": "w"
  },
  {
    "t": 122.687988,
    "k": "d"
  },
  {
    "t": 122.962215,
    "k": "d"
  },
  {
    "t": 122.972752,
    "k": "a"
  },
  {
    "t": 122.979309,
    "k": "w"
  },
  {
    "t": 123.244575,
    "k": "d"
  },
  {
    "t": 123.255048,
    "k": "a"
  },
  {
    "t": 123.261063,
    "k": "w"
  },
  {
    "t": 123.562919,
    "k": "d"
  },
  {
    "t": 123.584602,
    "k": "a"
  },
  {
    "t": 123.589957,
    "k": "w"
  },
  {
    "t": 125.259054,
    "k": "s"
  },
  {
    "t": 125.264352,
    "k": "d"
  },
  {
    "t": 125.740767,
    "k": "s"
  },
  {
    "t": 125.746258,
    "k": "a"
  },
  {
    "t": 126.081163,
    "k": "s"
  },
  {
    "t": 126.091285,
    "k": "d"
  },
  {
    "t": 126.406412,
    "k": "a"
  },
  {
    "t": 126.412793,
    "k": "s"
  },
  {
    "t": 126.714584,
    "k": "s"
  },
  {
    "t": 126.720477,
    "k": "d"
  },
  {
    "t": 127.023512,
    "k": "a"
  },
  {
    "t": 127.029107,
    "k": "s"
  },
  {
    "t": 128.051905,
    "k": "a"
  },
  {
    "t": 128.171233,
    "k": "d"
  },
  {
    "t": 128.313366,
    "k": "a"
  },
  {
    "t": 128.576957,
    "k": "d"
  },
  {
    "t": 128.73786,
    "k": "a"
  },
  {
    "t": 128.886765,
    "k": "d"
  },
  {
    "t": 129.215834,
    "k": "a"
  },
  {
    "t": 129.527345,
    "k": "d"
  },
  {
    "t": 130.344001,
    "k": "a"
  },
  {
    "t": 130.637533,
    "k": "d"
  },
  {
    "t": 130.875248,
    "k": "w"
  },
  {
    "t": 131.234818,
    "k": "s"
  },
  {
    "t": 131.37941,
    "k": "d"
  },
  {
    "t": 131.383769,
    "k": "a"
  },
  {
    "t": 132.000057,
    "k": "a"
  },
  {
    "t": 132.011649,
    "k": "d"
  },
  {
    "t": 132.640847,
    "k": "s"
  },
  {
    "t": 132.935764,
    "k": "a"
  },
  {
    "t": 133.270046,
    "k": "d"
  },
  {
    "t": 133.598922,
    "k": "s"
  },
  {
    "t": 135.471752,
    "k": "a"
  },
  {
    "t": 135.477139,
    "k": "d"
  },
  {
    "t": 135.642542,
    "k": "s"
  },
  {
    "t": 135.791756,
    "k": "a"
  },
  {
    "t": 135.802164,
    "k": "d"
  },
  {
    "t": 136.103979,
    "k": "d"
  },
  {
    "t": 136.109,
    "k": "a"
  },
  {
    "t": 136.262952,
    "k": "s"
  },
  {
    "t": 136.390549,
    "k": "a"
  },
  {
    "t": 136.411747,
    "k": "d"
  },
  {
    "t": 136.68934,
    "k": "s"
  },
  {
    "t": 136.833725,
    "k": "a"
  },
  {
    "t": 136.865525,
    "k": "d"
  },
  {
    "t": 137.019766,
    "k": "s"
  },
  {
    "t": 137.359738,
    "k": "d"
  },
  {
    "t": 137.370511,
    "k": "a"
  },
  {
    "t": 137.497797,
    "k": "s"
  },
  {
    "t": 137.68362,
    "k": "a"
  },
  {
    "t": 137.690066,
    "k": "d"
  },
  {
    "t": 138.047771,
    "k": "a"
  },
  {
    "t": 138.203477,
    "k": "d"
  },
  {
    "t": 138.351624,
    "k": "s"
  },
  {
    "t": 138.60468,
    "k": "a"
  },
  {
    "t": 138.758596,
    "k": "d"
  },
  {
    "t": 138.911675,
    "k": "s"
  },
  {
    "t": 139.205171,
    "k": "a"
  },
  {
    "t": 139.328139,
    "k": "d"
  },
  {
    "t": 139.519817,
    "k": "s"
  },
  {
    "t": 140.260536,
    "k": "a"
  },
  {
    "t": 140.270778,
    "k": "d"
  },
  {
    "t": 140.314166,
    "k": "s"
  },
  {
    "t": 140.795716,
    "k": "s"
  },
  {
    "t": 140.800995,
    "k": "d"
  },
  {
    "t": 140.806252,
    "k": "a"
  },
  {
    "t": 141.050996,
    "k": "a"
  },
  {
    "t": 141.072725,
    "k": "a"
  },
  {
    "t": 141.439985,
    "k": "s"
  },
  {
    "t": 141.445805,
    "k": "d"
  },
  {
    "t": 141.450095,
    "k": "a"
  },
  {
    "t": 142.060377,
    "k": "s"
  },
  {
    "t": 142.066148,
    "k": "a"
  },
  {
    "t": 142.078049,
    "k": "d"
  },
  {
    "t": 142.683082,
    "k": "a"
  },
  {
    "t": 142.689398,
    "k": "d"
  },
  {
    "t": 142.695258,
    "k": "s"
  },
  {
    "t": 143.292814,
    "k": "d"
  },
  {
    "t": 143.304077,
    "k": "a"
  },
  {
    "t": 143.914411,
    "k": "a"
  },
  {
    "t": 143.924695,
    "k": "d"
  },
  {
    "t": 144.552188,
    "k": "a"
  },
  {
    "t": 144.557948,
    "k": "d"
  },
  {
    "t": 145.190401,
    "k": "a"
  },
  {
    "t": 145.195471,
    "k": "d"
  },
  {
    "t": 145.782629,
    "k": "a"
  },
  {
    "t": 145.78806,
    "k": "d"
  },
  {
    "t": 146.405384,
    "k": "d"
  },
  {
    "t": 146.41058,
    "k": "a"
  },
  {
    "t": 147.043526,
    "k": "d"
  },
  {
    "t": 147.059216,
    "k": "a"
  },
  {
    "t": 147.670225,
    "k": "a"
  },
  {
    "t": 147.674781,
    "k": "d"
  },
  {
    "t": 148.301846,
    "k": "d"
  },
  {
    "t": 148.307282,
    "k": "a"
  },
  {
    "t": 148.94305,
    "k": "a"
  },
  {
    "t": 148.949061,
    "k": "d"
  },
  {
    "t": 149.550447,
    "k": "a"
  },
  {
    "t": 149.561884,
    "k": "d"
  },
  {
    "t": 150.175263,
    "k": "d"
  },
  {
    "t": 150.180582,
    "k": "a"
  },
  {
    "t": 150.811795,
    "k": "d"
  },
  {
    "t": 150.816489,
    "k": "a"
  },
  {
    "t": 151.433664,
    "k": "d"
  },
  {
    "t": 151.439438,
    "k": "a"
  },
  {
    "t": 152.059547,
    "k": "d"
  },
  {
    "t": 152.065113,
    "k": "a"
  },
  {
    "t": 152.660204,
    "k": "d"
  },
  {
    "t": 152.670679,
    "k": "a"
  },
  {
    "t": 153.286554,
    "k": "d"
  },
  {
    "t": 153.29092,
    "k": "a"
  },
  {
    "t": 153.949644,
    "k": "d"
  },
  {
    "t": 153.955115,
    "k": "a"
  },
  {
    "t": 154.562848,
    "k": "d"
  },
  {
    "t": 154.573025,
    "k": "a"
  },
  {
    "t": 155.156824,
    "k": "s"
  },
  {
    "t": 155.74757,
    "k": "s"
  },
  {
    "t": 156.420899,
    "k": "s"
  },
  {
    "t": 157.055989,
    "k": "s"
  },
  {
    "t": 157.679818,
    "k": "s"
  },
  {
    "t": 158.299664,
    "k": "s"
  },
  {
    "t": 158.914193,
    "k": "s"
  },
  {
    "t": 159.546652,
    "k": "s"
  },
  {
    "t": 160.16012,
    "k": "s"
  },
  {
    "t": 160.767782,
    "k": "d"
  },
  {
    "t": 160.773093,
    "k": "s"
  },
  {
    "t": 160.778776,
    "k": "a"
  },
  {
    "t": 161.397105,
    "k": "w"
  },
  {
    "t": 162.037644,
    "k": "w"
  },
  {
    "t": 162.679427,
    "k": "d"
  },
  {
    "t": 162.690819,
    "k": "s"
  },
  {
    "t": 162.695514,
    "k": "a"
  },
  {
    "t": 163.008447,
    "k": "s"
  },
  {
    "t": 163.315194,
    "k": "w"
  },
  {
    "t": 163.637319,
    "k": "s"
  },
  {
    "t": 163.993702,
    "k": "a"
  },
  {
    "t": 163.99834,
    "k": "d"
  },
  {
    "t": 164.003942,
    "k": "s"
  },
  {
    "t": 164.300884,
    "k": "s"
  },
  {
    "t": 164.620248,
    "k": "s"
  },
  {
    "t": 164.927776,
    "k": "s"
  },
  {
    "t": 165.203785,
    "k": "s"
  },
  {
    "t": 165.499254,
    "k": "s"
  },
  {
    "t": 165.79742,
    "k": "s"
  },
  {
    "t": 166.100948,
    "k": "s"
  },
  {
    "t": 166.397856,
    "k": "s"
  },
  {
    "t": 166.710204,
    "k": "s"
  },
  {
    "t": 167.043345,
    "k": "s"
  },
  {
    "t": 167.415258,
    "k": "s"
  },
  {
    "t": 167.708664,
    "k": "s"
  },
  {
    "t": 168.03238,
    "k": "s"
  },
  {
    "t": 168.304772,
    "k": "s"
  },
  {
    "t": 168.613428,
    "k": "s"
  },
  {
    "t": 168.756944,
    "k": "w"
  },
  {
    "t": 168.88481,
    "k": "s"
  },
  {
    "t": 169.2003,
    "k": "s"
  },
  {
    "t": 169.316885,
    "k": "w"
  },
  {
    "t": 169.482665,
    "k": "s"
  },
  {
    "t": 169.799207,
    "k": "s"
  },
  {
    "t": 170.095606,
    "k": "s"
  },
  {
    "t": 170.394238,
    "k": "s"
  },
  {
    "t": 170.642296,
    "k": "s"
  },
  {
    "t": 170.949577,
    "k": "s"
  },
  {
    "t": 171.253931,
    "k": "s"
  },
  {
    "t": 171.391833,
    "k": "s"
  },
  {
    "t": 171.514021,
    "k": "s"
  },
  {
    "t": 171.849952,
    "k": "s"
  },
  {
    "t": 171.973432,
    "k": "s"
  },
  {
    "t": 172.122508,
    "k": "s"
  },
  {
    "t": 172.416251,
    "k": "s"
  },
  {
    "t": 172.549007,
    "k": "s"
  },
  {
    "t": 172.703581,
    "k": "s"
  },
  {
    "t": 173.017202,
    "k": "s"
  },
  {
    "t": 173.138869,
    "k": "s"
  },
  {
    "t": 173.298452,
    "k": "s"
  },
  {
    "t": 173.572971,
    "k": "s"
  },
  {
    "t": 173.700001,
    "k": "s"
  },
  {
    "t": 173.853733,
    "k": "s"
  },
  {
    "t": 174.112554,
    "k": "s"
  },
  {
    "t": 174.250419,
    "k": "s"
  },
  {
    "t": 174.407797,
    "k": "s"
  },
  {
    "t": 174.705713,
    "k": "s"
  },
  {
    "t": 174.843002,
    "k": "s"
  },
  {
    "t": 174.992329,
    "k": "s"
  },
  {
    "t": 175.279824,
    "k": "s"
  },
  {
    "t": 175.570077,
    "k": "s"
  },
  {
    "t": 175.713633,
    "k": "a"
  },
  {
    "t": 175.819627,
    "k": "s"
  },
  {
    "t": 176.090386,
    "k": "s"
  },
  {
    "t": 176.233078,
    "k": "d"
  },
  {
    "t": 176.388387,
    "k": "s"
  },
  {
    "t": 176.667084,
    "k": "d"
  },
  {
    "t": 176.843387,
    "k": "s"
  },
  {
    "t": 176.971785,
    "k": "d"
  },
  {
    "t": 177.228152,
    "k": "s"
  },
  {
    "t": 177.375241,
    "k": "a"
  },
  {
    "t": 177.496072,
    "k": "s"
  },
  {
    "t": 177.778264,
    "k": "s"
  },
  {
    "t": 177.915692,
    "k": "d"
  },
  {
    "t": 178.048686,
    "k": "s"
  },
  {
    "t": 178.589884,
    "k": "d"
  },
  {
    "t": 178.733275,
    "k": "a"
  },
  {
    "t": 178.892244,
    "k": "d"
  },
  {
    "t": 179.220291,
    "k": "a"
  },
  {
    "t": 179.225117,
    "k": "d"
  },
  {
    "t": 179.478586,
    "k": "d"
  },
  {
    "t": 179.484059,
    "k": "a"
  },
  {
    "t": 179.781144,
    "k": "d"
  },
  {
    "t": 180.180765,
    "k": "a"
  },
  {
    "t": 180.218121,
    "k": "d"
  },
  {
    "t": 180.77548,
    "k": "d"
  },
  {
    "t": 180.780623,
    "k": "a"
  },
  {
    "t": 181.382677,
    "k": "a"
  },
  {
    "t": 181.387746,
    "k": "d"
  },
  {
    "t": 181.967538,
    "k": "d"
  },
  {
    "t": 181.983665,
    "k": "a"
  },
  {
    "t": 182.656251,
    "k": "s"
  },
  {
    "t": 182.661014,
    "k": "a"
  },
  {
    "t": 182.666703,
    "k": "d"
  },
  {
    "t": 182.938838,
    "k": "d"
  },
  {
    "t": 182.954418,
    "k": "a"
  },
  {
    "t": 183.235082,
    "k": "s"
  },
  {
    "t": 183.246138,
    "k": "a"
  },
  {
    "t": 183.250927,
    "k": "d"
  },
  {
    "t": 183.525977,
    "k": "d"
  },
  {
    "t": 183.541771,
    "k": "a"
  },
  {
    "t": 185.4806,
    "k": "d"
  },
  {
    "t": 185.496984,
    "k": "a"
  },
  {
    "t": 185.645753,
    "k": "s"
  },
  {
    "t": 185.819497,
    "k": "d"
  },
  {
    "t": 185.834582,
    "k": "a"
  },
  {
    "t": 186.074676,
    "k": "s"
  },
  {
    "t": 186.238554,
    "k": "d"
  },
  {
    "t": 186.259862,
    "k": "a"
  },
  {
    "t": 186.393025,
    "k": "s"
  },
  {
    "t": 186.690188,
    "k": "a"
  },
  {
    "t": 186.694551,
    "k": "d"
  },
  {
    "t": 186.992691,
    "k": "d"
  },
  {
    "t": 186.997162,
    "k": "a"
  },
  {
    "t": 188.010992,
    "k": "s"
  },
  {
    "t": 188.149111,
    "k": "d"
  },
  {
    "t": 188.207842,
    "k": "a"
  },
  {
    "t": 188.535982,
    "k": "s"
  },
  {
    "t": 188.827322,
    "k": "d"
  },
  {
    "t": 188.853423,
    "k": "a"
  },
  {
    "t": 189.167824,
    "k": "s"
  },
  {
    "t": 189.509125,
    "k": "a"
  },
  {
    "t": 189.520367,
    "k": "d"
  },
  {
    "t": 190.427553,
    "k": "s"
  },
  {
    "t": 190.786693,
    "k": "d"
  },
  {
    "t": 190.792188,
    "k": "a"
  },
  {
    "t": 191.374698,
    "k": "s"
  },
  {
    "t": 191.989505,
    "k": "a"
  },
  {
    "t": 191.995332,
    "k": "d"
  },
  {
    "t": 192.689343,
    "k": "s"
  },
  {
    "t": 193.003591,
    "k": "d"
  },
  {
    "t": 193.008294,
    "k": "a"
  },
  {
    "t": 193.311946,
    "k": "s"
  },
  {
    "t": 193.587087,
    "k": "a"
  },
  {
    "t": 193.597395,
    "k": "d"
  },
  {
    "t": 193.891566,
    "k": "s"
  },
  {
    "t": 194.162348,
    "k": "a"
  },
  {
    "t": 194.167661,
    "k": "d"
  },
  {
    "t": 194.533654,
    "k": "s"
  },
  {
    "t": 194.857609,
    "k": "a"
  },
  {
    "t": 194.868068,
    "k": "d"
  },
  {
    "t": 195.172943,
    "k": "s"
  },
  {
    "t": 195.494311,
    "k": "a"
  },
  {
    "t": 195.498403,
    "k": "d"
  },
  {
    "t": 195.824006,
    "k": "s"
  },
  {
    "t": 196.106692,
    "k": "a"
  },
  {
    "t": 196.117698,
    "k": "d"
  },
  {
    "t": 196.41592,
    "k": "s"
  },
  {
    "t": 196.719546,
    "k": "d"
  },
  {
    "t": 196.723568,
    "k": "a"
  },
  {
    "t": 197.041223,
    "k": "s"
  },
  {
    "t": 197.344013,
    "k": "a"
  },
  {
    "t": 197.354045,
    "k": "d"
  },
  {
    "t": 197.673337,
    "k": "s"
  },
  {
    "t": 197.99084,
    "k": "a"
  },
  {
    "t": 197.996258,
    "k": "d"
  },
  {
    "t": 198.298248,
    "k": "s"
  },
  {
    "t": 198.586901,
    "k": "d"
  },
  {
    "t": 198.592605,
    "k": "a"
  },
  {
    "t": 198.906498,
    "k": "s"
  },
  {
    "t": 199.199605,
    "k": "a"
  },
  {
    "t": 199.211292,
    "k": "d"
  },
  {
    "t": 199.514501,
    "k": "s"
  },
  {
    "t": 199.869286,
    "k": "d"
  },
  {
    "t": 199.873262,
    "k": "a"
  },
  {
    "t": 200.154815,
    "k": "a"
  },
  {
    "t": 200.160922,
    "k": "d"
  },
  {
    "t": 200.469516,
    "k": "d"
  },
  {
    "t": 200.479786,
    "k": "a"
  },
  {
    "t": 200.772824,
    "k": "d"
  },
  {
    "t": 200.783639,
    "k": "a"
  },
  {
    "t": 201.110748,
    "k": "a"
  },
  {
    "t": 201.11524,
    "k": "d"
  },
  {
    "t": 201.41302,
    "k": "a"
  },
  {
    "t": 201.423896,
    "k": "d"
  },
  {
    "t": 201.737236,
    "k": "d"
  },
  {
    "t": 201.753919,
    "k": "a"
  },
  {
    "t": 202.055411,
    "k": "a"
  },
  {
    "t": 202.06101,
    "k": "d"
  },
  {
    "t": 202.395784,
    "k": "d"
  },
  {
    "t": 202.402174,
    "k": "a"
  },
  {
    "t": 202.656347,
    "k": "d"
  },
  {
    "t": 202.821106,
    "k": "a"
  },
  {
    "t": 202.953892,
    "k": "d"
  },
  {
    "t": 203.119082,
    "k": "a"
  },
  {
    "t": 203.255279,
    "k": "d"
  },
  {
    "t": 203.429098,
    "k": "a"
  },
  {
    "t": 203.590047,
    "k": "d"
  },
  {
    "t": 203.770357,
    "k": "a"
  },
  {
    "t": 203.90938,
    "k": "d"
  },
  {
    "t": 204.058619,
    "k": "a"
  },
  {
    "t": 204.21947,
    "k": "d"
  },
  {
    "t": 204.330668,
    "k": "a"
  },
  {
    "t": 204.502575,
    "k": "d"
  },
  {
    "t": 204.650446,
    "k": "a"
  },
  {
    "t": 204.846146,
    "k": "d"
  },
  {
    "t": 204.998051,
    "k": "a"
  },
  {
    "t": 205.178446,
    "k": "d"
  },
  {
    "t": 205.183836,
    "k": "a"
  },
  {
    "t": 205.413374,
    "k": "d"
  },
  {
    "t": 205.420138,
    "k": "a"
  },
  {
    "t": 205.778997,
    "k": "a"
  },
  {
    "t": 205.784328,
    "k": "d"
  },
  {
    "t": 206.124671,
    "k": "d"
  },
  {
    "t": 206.129595,
    "k": "a"
  },
  {
    "t": 206.427363,
    "k": "a"
  },
  {
    "t": 206.432013,
    "k": "d"
  },
  {
    "t": 206.745537,
    "k": "d"
  },
  {
    "t": 206.754957,
    "k": "a"
  },
  {
    "t": 207.053896,
    "k": "d"
  },
  {
    "t": 207.059107,
    "k": "a"
  },
  {
    "t": 207.364921,
    "k": "d"
  },
  {
    "t": 207.370412,
    "k": "a"
  },
  {
    "t": 207.666297,
    "k": "a"
  },
  {
    "t": 207.671427,
    "k": "d"
  },
  {
    "t": 207.979073,
    "k": "d"
  },
  {
    "t": 207.983558,
    "k": "a"
  },
  {
    "t": 208.292304,
    "k": "a"
  },
  {
    "t": 208.298206,
    "k": "d"
  },
  {
    "t": 208.599093,
    "k": "a"
  },
  {
    "t": 208.604916,
    "k": "d"
  },
  {
    "t": 208.907549,
    "k": "a"
  },
  {
    "t": 208.928682,
    "k": "d"
  },
  {
    "t": 209.220852,
    "k": "d"
  },
  {
    "t": 209.227457,
    "k": "a"
  },
  {
    "t": 209.529069,
    "k": "a"
  },
  {
    "t": 209.534045,
    "k": "d"
  },
  {
    "t": 209.857823,
    "k": "a"
  },
  {
    "t": 209.863265,
    "k": "d"
  },
  {
    "t": 210.156193,
    "k": "d"
  },
  {
    "t": 210.16161,
    "k": "a"
  },
  {
    "t": 210.479653,
    "k": "d"
  },
  {
    "t": 210.490109,
    "k": "a"
  },
  {
    "t": 210.794478,
    "k": "d"
  },
  {
    "t": 210.800137,
    "k": "a"
  },
  {
    "t": 211.10985,
    "k": "a"
  },
  {
    "t": 211.114596,
    "k": "d"
  },
  {
    "t": 211.386789,
    "k": "d"
  },
  {
    "t": 211.402547,
    "k": "a"
  },
  {
    "t": 211.674409,
    "k": "d"
  },
  {
    "t": 211.685877,
    "k": "a"
  },
  {
    "t": 212.000545,
    "k": "d"
  },
  {
    "t": 212.004865,
    "k": "a"
  },
  {
    "t": 212.359475,
    "k": "d"
  },
  {
    "t": 212.370189,
    "k": "a"
  },
  {
    "t": 212.671949,
    "k": "d"
  },
  {
    "t": 212.687688,
    "k": "a"
  },
  {
    "t": 213.017647,
    "k": "d"
  },
  {
    "t": 213.023429,
    "k": "a"
  },
  {
    "t": 213.330539,
    "k": "a"
  },
  {
    "t": 213.337047,
    "k": "d"
  },
  {
    "t": 213.62199,
    "k": "s"
  },
  {
    "t": 213.903943,
    "k": "a"
  },
  {
    "t": 213.909333,
    "k": "d"
  },
  {
    "t": 214.220438,
    "k": "s"
  },
  {
    "t": 214.522206,
    "k": "a"
  },
  {
    "t": 214.527435,
    "k": "d"
  },
  {
    "t": 214.867918,
    "k": "s"
  },
  {
    "t": 215.160525,
    "k": "d"
  },
  {
    "t": 215.165673,
    "k": "a"
  },
  {
    "t": 215.488805,
    "k": "s"
  },
  {
    "t": 215.789551,
    "k": "d"
  },
  {
    "t": 215.794823,
    "k": "a"
  },
  {
    "t": 216.128423,
    "k": "s"
  },
  {
    "t": 216.410944,
    "k": "a"
  },
  {
    "t": 216.420851,
    "k": "d"
  },
  {
    "t": 216.735719,
    "k": "w"
  },
  {
    "t": 217.031642,
    "k": "a"
  },
  {
    "t": 217.042463,
    "k": "d"
  },
  {
    "t": 217.381346,
    "k": "w"
  },
  {
    "t": 217.669057,
    "k": "d"
  },
  {
    "t": 217.674671,
    "k": "a"
  },
  {
    "t": 217.961779,
    "k": "w"
  },
  {
    "t": 218.270535,
    "k": "d"
  },
  {
    "t": 218.275591,
    "k": "a"
  },
  {
    "t": 218.615272,
    "k": "w"
  },
  {
    "t": 218.933729,
    "k": "d"
  },
  {
    "t": 218.939079,
    "k": "a"
  },
  {
    "t": 219.243821,
    "k": "w"
  },
  {
    "t": 219.546316,
    "k": "a"
  },
  {
    "t": 219.556737,
    "k": "d"
  },
  {
    "t": 219.846287,
    "k": "w"
  },
  {
    "t": 220.143961,
    "k": "d"
  },
  {
    "t": 220.154479,
    "k": "a"
  },
  {
    "t": 220.479852,
    "k": "w"
  },
  {
    "t": 220.816354,
    "k": "w"
  },
  {
    "t": 221.123162,
    "k": "w"
  },
  {
    "t": 221.413808,
    "k": "w"
  },
  {
    "t": 221.738658,
    "k": "w"
  },
  {
    "t": 222.032584,
    "k": "w"
  },
  {
    "t": 222.3462,
    "k": "w"
  },
  {
    "t": 222.635415,
    "k": "w"
  },
  {
    "t": 223.211023,
    "k": "w"
  },
  {
    "t": 223.863486,
    "k": "w"
  },
  {
    "t": 224.524031,
    "k": "w"
  },
  {
    "t": 225.200124,
    "k": "s"
  },
  {
    "t": 225.837725,
    "k": "s"
  },
  {
    "t": 226.475106,
    "k": "s"
  },
  {
    "t": 227.071968,
    "k": "s"
  },
  {
    "t": 227.702315,
    "k": "a"
  },
  {
    "t": 228.313851,
    "k": "d"
  },
  {
    "t": 228.897556,
    "k": "a"
  },
  {
    "t": 229.211056,
    "k": "d"
  },
  {
    "t": 229.337135,
    "k": "d"
  },
  {
    "t": 229.530171,
    "k": "a"
  },
  {
    "t": 229.856228,
    "k": "d"
  },
  {
    "t": 230.23579,
    "k": "a"
  },
  {
    "t": 230.239894,
    "k": "s"
  },
  {
    "t": 230.2452,
    "k": "d"
  }
]