[
  {
    "t": 0,
    "k": "w"
  },
  {
    "t": 0.151389,
    "k": "s"
  },
  {
    "t": 0.90956,
    "k": "d"
  },
  {
    "t": 1.10785,
    "k": "a"
  },
  {
    "t": 1.531569,
    "k": "s"
  },
  {
    "t": 1.967854,
    "k": "d"
  },
  {
    "t": 2.350066,
    "k": "w"
  },
  {
    "t": 2.777872,
    "k": "s"
  },
  {
    "t": 3.2208,
    "k": "a"
  },
  {
    "t": 3.604029,
    "k": "s"
  },
  {
    "t": 3.764567,
    "k": "d"
  },
  {
    "t": 3.949467,
    "k": "w"
  },
  {
    "t": 4.12219,
    "k": "s"
  },
  {
    "t": 4.566967,
    "k": "a"
  },
  {
    "t": 4.765026,
    "k": "s"
  },
  {
    "t": 4.969353,
    "k": "d"
  },
  {
    "t": 5.149496,
    "k": "w"
  },
  {
    "t": 5.335615,
    "k": "s"
  },
  {
    "t": 5.530603,
    "k": "a"
  },
  {
    "t": 5.716775,
    "k": "s"
  },
  {
    "t": 5.936232,
    "k": "d"
  },
  {
    "t": 6.07713,
    "k": "s"
  },
  {
    "t": 6.175749,
    "k": "d"
  },
  {
    "t": 6.279146,
    "k": "w"
  },
  {
    "t": 6.397656,
    "k": "s"
  },
  {
    "t": 6.773454,
    "k": "a"
  },
  {
    "t": 6.931192,
    "k": "s"
  },
  {
    "t": 7.050656,
    "k": "d"
  },
  {
    "t": 7.221122,
    "k": "w"
  },
  {
    "t": 7.381252,
    "k": "s"
  },
  {
    "t": 7.67856,
    "k": "a"
  },
  {
    "t": 7.825105,
    "k": "d"
  },
  {
    "t": 8.052502,
    "k": "w"
  },
  {
    "t": 8.282163,
    "k": "s"
  },
  {
    "t": 8.457797,
    "k": "a"
  },
  {
    "t": 8.769826,
    "k": "d"
  },
  {
    "t": 9.145222,
    "k": "w"
  },
  {
    "t": 9.582653,
    "k": "s"
  },
  {
    "t": 9.915901,
    "k": "a"
  },
  {
    "t": 10.111246,
    "k": "s"
  },
  {
    "t": 10.317471,
    "k": "d"
  },
  {
    "t": 10.490661,
    "k": "w"
  },
  {
    "t": 10.583439,
    "k": "s"
  },
  {
    "t": 10.945994,
    "k": "a"
  },
  {
    "t": 11.139043,
    "k": "d"
  },
  {
    "t": 11.151782,
    "k": "s"
  },
  {
    "t": 11.357204,
    "k": "d"
  },
  {
    "t": 11.564495,
    "k": "w"
  },
  {
    "t": 11.711129,
    "k": "d"
  },
  {
    "t": 11.894375,
    "k": "s"
  },
  {
    "t": 12.09113,
    "k": "s"
  },
  {
    "t": 12.10108,
    "k": "d"
  },
  {
    "t": 12.241685,
    "k": "a"
  },
  {
    "t": 12.415067,
    "k": "s"
  },
  {
    "t": 12.461446,
    "k": "d"
  },
  {
    "t": 12.69127,
    "k": "w"
  },
  {
    "t": 12.806727,
    "k": "d"
  },
  {
    "t": 12.934306,
    "k": "a"
  },
  {
    "t": 13.153831,
    "k": "s"
  },
  {
    "t": 13.189873,
    "k": "s"
  },
  {
    "t": 13.382574,
    "k": "d"
  },
  {
    "t": 13.510746,
    "k": "a"
  },
  {
    "t": 13.695483,
    "k": "d"
  },
  {
    "t": 13.706253,
    "k": "s"
  },
  {
    "t": 14.006503,
    "k": "w"
  },
  {
    "t": 14.286462,
    "k": "d"
  },
  {
    "t": 14.298089,
    "k": "a"
  },
  {
    "t": 14.459836,
    "k": "d"
  },
  {
    "t": 14.470035,
    "k": "s"
  },
  {
    "t": 14.73947,
    "k": "a"
  },
  {
    "t": 15.145275,
    "k": "a"
  },
  {
    "t": 15.592043,
    "k": "s"
  },
  {
    "t": 15.982683,
    "k": "d"
  },
  {
    "t": 16.398466,
    "k": "w"
  },
  {
    "t": 16.408459,
    "k": "a"
  },
  {
    "t": 16.606505,
    "k": "d"
  },
  {
    "t": 16.710944,
    "k": "a"
  },
  {
    "t": 16.827635,
    "k": "d"
  },
  {
    "t": 16.860196,
    "k": "s"
  },
  {
    "t": 17.009311,
    "k": "d"
  },
  {
    "t": 17.466783,
    "k": "w"
  },
  {
    "t": 17.604809,
    "k": "d"
  },
  {
    "t": 17.778338,
    "k": "a"
  },
  {
    "t": 17.947982,
    "k": "s"
  },
  {
    "t": 18.051035,
    "k": "d"
  },
  {
    "t": 18.291261,
    "k": "a"
  },
  {
    "t": 18.536405,
    "k": "d"
  },
  {
    "t": 18.697318,
    "k": "w"
  },
  {
    "t": 18.847189,
    "k": "d"
  },
  {
    "t": 19.004763,
    "k": "s"
  },
  {
    "t": 19.163849,
    "k": "d"
  },
  {
    "t": 19.24571,
    "k": "a"
  },
  {
    "t": 19.579807,
    "k": "s"
  },
  {
    "t": 19.742159,
    "k": "d"
  },
  {
    "t": 19.925527,
    "k": "a"
  },
  {
    "t": 20.073975,
    "k": "s"
  },
  {
    "t": 20.179173,
    "k": "d"
  },
  {
    "t": 20.636993,
    "k": "s"
  },
  {
    "t": 20.784982,
    "k": "d"
  },
  {
    "t": 20.961921,
    "k": "d"
  },
  {
    "t": 21.096008,
    "k": "s"
  },
  {
    "t": 21.497582,
    "k": "s"
  },
  {
    "t": 21.971665,
    "k": "s"
  },
  {
    "t": 22.400294,
    "k": "s"
  },
  {
    "t": 22.783751,
    "k": "a"
  },
  {
    "t": 22.826783,
    "k": "w"
  },
  {
    "t": 23.043795,
    "k": "d"
  },
  {
    "t": 23.206367,
    "k": "s"
  },
  {
    "t": 23.363811,
    "k": "a"
  },
  {
    "t": 23.550839,
    "k": "d"
  },
  {
    "t": 23.792143,
    "k": "s"
  },
  {
    "t": 23.905998,
    "k": "d"
  },
  {
    "t": 24.045015,
    "k": "s"
  },
  {
    "t": 24.170452,
    "k": "d"
  },
  {
    "t": 24.354854,
    "k": "w"
  },
  {
    "t": 24.723162,
    "k": "a"
  },
  {
    "t": 25.172511,
    "k": "s"
  },
  {
    "t": 25.557937,
    "k": "d"
  },
  {
    "t": 26.069582,
    "k": "d"
  },
  {
    "t": 26.256266,
    "k": "s"
  },
  {
    "t": 26.498267,
    "k": "s"
  },
  {
    "t": 26.730012,
    "k": "d"
  },
  {
    "t": 26.908185,
    "k": "d"
  },
  {
    "t": 27.125426,
    "k": "s"
  },
  {
    "t": 27.322629,
    "k": "s"
  },
  {
    "t": 27.527913,
    "k": "d"
  },
  {
    "t": 27.719642,
    "k": "d"
  },
  {
    "t": 27.914185,
    "k": "d"
  },
  {
    "t": 28.08856,
    "k": "s"
  },
  {
    "t": 28.319852,
    "k": "d"
  },
  {
    "t": 28.513838,
    "k": "d"
  },
  {
    "t": 28.719433,
    "k": "d"
  },
  {
    "t": 28.913682,
    "k": "s"
  },
  {
    "t": 29.117722,
    "k": "s"
  },
  {
    "t": 29.308903,
    "k": "a"
  },
  {
    "t": 29.586278,
    "k": "a"
  },
  {
    "t": 29.609514,
    "k": "s"
  },
  {
    "t": 29.801673,
    "k": "s"
  },
  {
    "t": 29.984089,
    "k": "a"
  },
  {
    "t": 30.190064,
    "k": "a"
  },
  {
    "t": 30.203891,
    "k": "s"
  },
  {
    "t": 30.386199,
    "k": "a"
  },
  {
    "t": 30.581749,
    "k": "s"
  },
  {
    "t": 30.721594,
    "k": "a"
  },
  {
    "t": 30.903314,
    "k": "a"
  },
  {
    "t": 31.085885,
    "k": "a"
  },
  {
    "t": 31.108998,
    "k": "s"
  },
  {
    "t": 31.330693,
    "k": "s"
  },
  {
    "t": 31.502049,
    "k": "a"
  },
  {
    "t": 31.967207,
    "k": "s"
  },
  {
    "t": 32.308514,
    "k": "w"
  },
  {
    "t": 32.547343,
    "k": "s"
  },
  {
    "t": 32.727421,
    "k": "w"
  },
  {
    "t": 32.966454,
    "k": "s"
  },
  {
    "t": 33.185699,
    "k": "w"
  },
  {
    "t": 33.393417,
    "k": "s"
  },
  {
    "t": 33.588869,
    "k": "w"
  },
  {
    "t": 33.841425,
    "k": "s"
  },
  {
    "t": 34.300746,
    "k": "s"
  },
  {
    "t": 34.696144,
    "k": "s"
  },
  {
    "t": 35.125717,
    "k": "w"
  },
  {
    "t": 35.634351,
    "k": "w"
  },
  {
    "t": 35.941127,
    "k": "d"
  },
  {
    "t": 36.343533,
    "k": "d"
  },
  {
    "t": 36.412267,
    "k": "w"
  },
  {
    "t": 36.638586,
    "k": "d"
  },
  {
    "t": 36.799034,
    "k": "d"
  },
  {
    "t": 36.982326,
    "k": "w"
  },
  {
    "t": 37.189474,
    "k": "d"
  },
  {
    "t": 37.378417,
    "k": "d"
  },
  {
    "t": 37.541169,
    "k": "d"
  },
  {
    "t": 37.737251,
    "k": "s"
  },
  {
    "t": 38.00329,
    "k": "a"
  },
  {
    "t": 38.156419,
    "k": "d"
  },
  {
    "t": 38.329148,
    "k": "s"
  },
  {
    "t": 38.536896,
    "k": "d"
  },
  {
    "t": 38.69673,
    "k": "w"
  },
  {
    "t": 38.888813,
    "k": "d"
  },
  {
    "t": 39.001517,
    "k": "s"
  },
  {
    "t": 39.212208,
    "k": "d"
  },
  {
    "t": 39.32371,
    "k": "a"
  },
  {
    "t": 39.506997,
    "k": "d"
  },
  {
    "t": 39.631179,
    "k": "w"
  },
  {
    "t": 39.838607,
    "k": "d"
  },
  {
    "t": 39.954825,
    "k": "s"
  },
  {
    "t": 40.147466,
    "k": "d"
  },
  {
    "t": 40.266877,
    "k": "a"
  },
  {
    "t": 40.485836,
    "k": "d"
  },
  {
    "t": 40.589396,
    "k": "w"
  },
  {
    "t": 40.79595,
    "k": "d"
  },
  {
    "t": 41.070859,
    "k": "s"
  },
  {
    "t": 41.196547,
    "k": "d"
  },
  {
    "t": 41.35906,
    "k": "w"
  },
  {
    "t": 41.542309,
    "k": "d"
  },
  {
    "t": 41.62121,
    "k": "s"
  },
  {
    "t": 41.860533,
    "k": "d"
  },
  {
    "t": 41.953611,
    "k": "a"
  },
  {
    "t": 42.206751,
    "k": "d"
  },
  {
    "t": 42.347041,
    "k": "w"
  },
  {
    "t": 42.534009,
    "k": "d"
  },
  {
    "t": 42.645682,
    "k": "s"
  },
  {
    "t": 42.833522,
    "k": "d"
  },
  {
    "t": 43.099658,
    "k": "a"
  },
  {
    "t": 43.248746,
    "k": "d"
  },
  {
    "t": 43.355775,
    "k": "w"
  },
  {
    "t": 43.517462,
    "k": "d"
  },
  {
    "t": 43.596439,
    "k": "s"
  },
  {
    "t": 43.954261,
    "k": "d"
  },
  {
    "t": 44.036452,
    "k": "a"
  },
  {
    "t": 44.254089,
    "k": "d"
  },
  {
    "t": 44.400649,
    "k": "a"
  },
  {
    "t": 44.859874,
    "k": "a"
  },
  {
    "t": 45.014895,
    "k": "s"
  },
  {
    "t": 45.220717,
    "k": "w"
  },
  {
    "t": 45.458931,
    "k": "d"
  },
  {
    "t": 45.628336,
    "k": "a"
  },
  {
    "t": 45.770715,
    "k": "s"
  },
  {
    "t": 45.964366,
    "k": "w"
  },
  {
    "t": 46.186609,
    "k": "a"
  },
  {
    "t": 46.311423,
    "k": "s"
  },
  {
    "t": 46.529707,
    "k": "d"
  },
  {
    "t": 46.697396,
    "k": "w"
  },
  {
    "t": 46.989943,
    "k": "s"
  },
  {
    "t": 47.114402,
    "k": "a"
  },
  {
    "t": 47.264387,
    "k": "d"
  },
  {
    "t": 47.471021,
    "k": "w"
  },
  {
    "t": 47.639202,
    "k": "s"
  },
  {
    "t": 47.779043,
    "k": "a"
  },
  {
    "t": 47.948388,
    "k": "w"
  },
  {
    "t": 48.165908,
    "k": "s"
  },
  {
    "t": 48.314671,
    "k": "w"
  },
  {
    "t": 48.48973,
    "k": "d"
  },
  {
    "t": 48.665474,
    "k": "w"
  },
  {
    "t": 48.847428,
    "k": "d"
  },
  {
    "t": 48.948008,
    "k": "a"
  },
  {
    "t": 49.131438,
    "k": "s"
  },
  {
    "t": 49.223842,
    "k": "w"
  },
  {
    "t": 49.361689,
    "k": "d"
  },
  {
    "t": 49.491,
    "k": "a"
  },
  {
    "t": 49.662406,
    "k": "s"
  },
  {
    "t": 49.798083,
    "k": "w"
  },
  {
    "t": 50.038964,
    "k": "d"
  },
  {
    "t": 50.348332,
    "k": "a"
  },
  {
    "t": 50.49774,
    "k": "s"
  },
  {
    "t": 50.811207,
    "k": "d"
  },
  {
    "t": 50.88276,
    "k": "w"
  },
  {
    "t": 51.204045,
    "k": "s"
  },
  {
    "t": 51.250941,
    "k": "a"
  },
  {
    "t": 51.550662,
    "k": "d"
  },
  {
    "t": 51.816629,
    "k": "w"
  },
  {
    "t": 51.976972,
    "k": "s"
  },
  {
    "t": 52.093069,
    "k": "a"
  },
  {
    "t": 52.230864,
    "k": "d"
  },
  {
    "t": 52.66727,
    "k": "a"
  },
  {
    "t": 52.829702,
    "k": "w"
  },
  {
    "t": 53.059881,
    "k": "w"
  },
  {
    "t": 53.221126,
    "k": "s"
  },
  {
    "t": 53.402863,
    "k": "d"
  },
  {
    "t": 53.495332,
    "k": "a"
  },
  {
    "t": 53.667247,
    "k": "s"
  },
  {
    "t": 53.873393,
    "k": "w"
  },
  {
    "t": 54.057937,
    "k": "d"
  },
  {
    "t": 54.404719,
    "k": "a"
  },
  {
    "t": 54.783949,
    "k": "s"
  },
  {
    "t": 54.911632,
    "k": "w"
  },
  {
    "t": 55.025122,
    "k": "d"
  },
  {
    "t": 55.151438,
    "k": "a"
  },
  {
    "t": 55.301293,
    "k": "s"
  },
  {
    "t": 55.684552,
    "k": "w"
  },
  {
    "t": 55.831684,
    "k": "s"
  },
  {
    "t": 56.016651,
    "k": "w"
  },
  {
    "t": 56.130805,
    "k": "d"
  },
  {
    "t": 56.26585,
    "k": "a"
  },
  {
    "t": 56.417379,
    "k": "s"
  },
  {
    "t": 56.636884,
    "k": "w"
  },
  {
    "t": 56.7766,
    "k": "d"
  },
  {
    "t": 56.903,
    "k": "a"
  },
  {
    "t": 57.098561,
    "k": "s"
  },
  {
    "t": 57.222912,
    "k": "w"
  },
  {
    "t": 57.567415,
    "k": "d"
  },
  {
    "t": 57.899696,
    "k": "a"
  },
  {
    "t": 58.345983,
    "k": "s"
  },
  {
    "t": 58.472946,
    "k": "w"
  },
  {
    "t": 58.598915,
    "k": "d"
  },
  {
    "t": 58.727677,
    "k": "a"
  },
  {
    "t": 58.851664,
    "k": "s"
  },
  {
    "t": 59.173108,
    "k": "w"
  },
  {
    "t": 59.298275,
    "k": "d"
  },
  {
    "t": 59.42834,
    "k": "a"
  },
  {
    "t": 59.553161,
    "k": "s"
  },
  {
    "t": 59.679141,
    "k": "w"
  },
  {
    "t": 60.05099,
    "k": "s"
  },
  {
    "t": 60.340249,
    "k": "a"
  },
  {
    "t": 60.667551,
    "k": "d"
  },
  {
    "t": 61.012003,
    "k": "s"
  },
  {
    "t": 61.233949,
    "k": "w"
  },
  {
    "t": 61.351865,
    "k": "a"
  },
  {
    "t": 61.467417,
    "k": "s"
  },
  {
    "t": 61.608189,
    "k": "w"
  },
  {
    "t": 62.012997,
    "k": "d"
  },
  {
    "t": 62.164074,
    "k": "a"
  },
  {
    "t": 62.359347,
    "k": "s"
  },
  {
    "t": 62.523312,
    "k": "w"
  },
  {
    "t": 62.86471,
    "k": "d"
  },
  {
    "t": 62.990522,
    "k": "a"
  },
  {
    "t": 63.299884,
    "k": "s"
  },
  {
    "t": 63.607818,
    "k": "w"
  },
  {
    "t": 64.000396,
    "k": "d"
  },
  {
    "t": 64.358629,
    "k": "a"
  },
  {
    "t": 64.485615,
    "k": "s"
  },
  {
    "t": 64.561607,
    "k": "w"
  },
  {
    "t": 64.816115,
    "k": "d"
  },
  {
    "t": 64.931149,
    "k": "a"
  },
  {
    "t": 65.070553,
    "k": "s"
  },
  {
    "t": 65.127128,
    "k": "w"
  },
  {
    "t": 65.514768,
    "k": "d"
  },
  {
    "t": 65.918564,
    "k": "a"
  },
  {
    "t": 66.010219,
    "k": "s"
  },
  {
    "t": 66.101263,
    "k": "w"
  },
  {
    "t": 66.408654,
    "k": "d"
  },
  {
    "t": 66.499578,
    "k": "a"
  },
  {
    "t": 66.602597,
    "k": "s"
  },
  {
    "t": 66.64855,
    "k": "w"
  },
  {
    "t": 67.046224,
    "k": "d"
  },
  {
    "t": 67.459018,
    "k": "a"
  },
  {
    "t": 67.506858,
    "k": "s"
  },
  {
    "t": 67.955901,
    "k": "w"
  },
  {
    "t": 67.965601,
    "k": "d"
  },
  {
    "t": 68.196985,
    "k": "w"
  },
  {
    "t": 68.209919,
    "k": "s"
  },
  {
    "t": 68.598383,
    "k": "d"
  },
  {
    "t": 68.610167,
    "k": "a"
  },
  {
    "t": 69.029264,
    "k": "s"
  },
  {
    "t": 69.107614,
    "k": "w"
  },
  {
    "t": 69.224217,
    "k": "d"
  },
  {
    "t": 69.305295,
    "k": "a"
  },
  {
    "t": 69.398752,
    "k": "s"
  },
  {
    "t": 69.639429,
    "k": "w"
  },
  {
    "t": 69.971219,
    "k": "d"
  },
  {
    "t": 70.33797,
    "k": "s"
  },
  {
    "t": 70.763992,
    "k": "a"
  },
  {
    "t": 70.774912,
    "k": "d"
  },
  {
    "t": 70.982678,
    "k": "s"
  },
  {
    "t": 71.24483,
    "k": "s"
  },
  {
    "t": 71.41779,
    "k": "d"
  },
  {
    "t": 71.765632,
    "k": "a"
  },
  {
    "t": 71.782282,
    "k": "s"
  },
  {
    "t": 72.10813,
    "k": "d"
  },
  {
    "t": 72.442404,
    "k": "a"
  },
  {
    "t": 72.489205,
    "k": "s"
  },
  {
    "t": 72.777329,
    "k": "d"
  },
  {
    "t": 72.799789,
    "k": "a"
  },
  {
    "t": 72.939129,
    "k": "a"
  },
  {
    "t": 72.948666,
    "k": "d"
  },
  {
    "t": 73.315479,
    "k": "s"
  },
  {
    "t": 73.418785,
    "k": "w"
  },
  {
    "t": 73.617752,
    "k": "d"
  },
  {
    "t": 73.962273,
    "k": "a"
  },
  {
    "t": 73.972565,
    "k": "s"
  },
  {
    "t": 74.283166,
    "k": "d"
  },
  {
    "t": 74.31931,
    "k": "w"
  },
  {
    "t": 74.717935,
    "k": "a"
  },
  {
    "t": 74.730885,
    "k": "s"
  },
  {
    "t": 75.090812,
    "k": "a"
  },
  {
    "t": 75.100663,
    "k": "d"
  },
  {
    "t": 75.457758,
    "k": "a"
  },
  {
    "t": 75.470725,
    "k": "d"
  },
  {
    "t": 75.859277,
    "k": "s"
  },
  {
    "t": 75.974344,
    "k": "w"
  },
  {
    "t": 76.087525,
    "k": "d"
  },
  {
    "t": 76.391361,
    "k": "a"
  },
  {
    "t": 76.413944,
    "k": "s"
  },
  {
    "t": 76.722901,
    "k": "d"
  },
  {
    "t": 76.758975,
    "k": "w"
  },
  {
    "t": 77.175661,
    "k": "s"
  },
  {
    "t": 77.198997,
    "k": "a"
  },
  {
    "t": 77.518177,
    "k": "d"
  },
  {
    "t": 77.597798,
    "k": "w"
  },
  {
    "t": 77.771796,
    "k": "s"
  },
  {
    "t": 78.165762,
    "k": "a"
  },
  {
    "t": 78.202075,
    "k": "d"
  },
  {
    "t": 78.637149,
    "k": "s"
  },
  {
    "t": 78.660293,
    "k": "w"
  },
  {
    "t": 79.015497,
    "k": "d"
  },
  {
    "t": 79.085863,
    "k": "a"
  },
  {
    "t": 79.22162,
    "k": "s"
  },
  {
    "t": 79.476404,
    "k": "w"
  },
  {
    "t": 79.511463,
    "k": "d"
  },
  {
    "t": 79.847744,
    "k": "a"
  },
  {
    "t": 79.870608,
    "k": "s"
  },
  {
    "t": 80.373721,
    "k": "a"
  },
  {
    "t": 80.385968,
    "k": "d"
  },
  {
    "t": 80.811178,
    "k": "s"
  },
  {
    "t": 80.831772,
    "k": "w"
  },
  {
    "t": 80.959774,
    "k": "s"
  },
  {
    "t": 80.982268,
    "k": "w"
  },
  {
    "t": 81.38216,
    "k": "a"
  },
  {
    "t": 81.393117,
    "k": "d"
  },
  {
    "t": 81.888652,
    "k": "w"
  },
  {
    "t": 81.890114,
    "k": "s"
  },
  {
    "t": 82.303201,
    "k": "d"
  },
  {
    "t": 82.336698,
    "k": "a"
  },
  {
    "t": 82.508086,
    "k": "s"
  },
  {
    "t": 82.532427,
    "k": "w"
  },
  {
    "t": 82.933617,
    "k": "a"
  },
  {
    "t": 82.945764,
    "k": "d"
  },
  {
    "t": 83.537842,
    "k": "w"
  },
  {
    "t": 83.562727,
    "k": "s"
  },
  {
    "t": 83.931231,
    "k": "a"
  },
  {
    "t": 83.946841,
    "k": "d"
  },
  {
    "t": 84.140195,
    "k": "s"
  },
  {
    "t": 84.152287,
    "k": "w"
  },
  {
    "t": 84.60592,
    "k": "d"
  },
  {
    "t": 84.616388,
    "k": "a"
  },
  {
    "t": 84.801716,
    "k": "d"
  },
  {
    "t": 84.838721,
    "k": "w"
  },
  {
    "t": 85.148097,
    "k": "w"
  },
  {
    "t": 85.157916,
    "k": "s"
  },
  {
    "t": 85.590777,
    "k": "d"
  },
  {
    "t": 85.752715,
    "k": "a"
  },
  {
    "t": 85.763896,
    "k": "d"
  }
]