[
  {
    "t": 3.581894,
    "k": "w"
  },
  {
    "t": 3.813471,
    "k": "d"
  },
  {
    "t": 4.045968,
    "k": "s"
  },
  {
    "t": 4.271915,
    "k": "a"
  },
  {
    "t": 4.626453,
    "k": "s"
  },
  {
    "t": 4.842465,
    "k": "d"
  },
  {
    "t": 4.900029,
    "k": "w"
  },
  {
    "t": 5.071802,
    "k": "s"
  },
  {
    "t": 5.165445,
    "k": "d"
  },
  {
    "t": 5.41821,
    "k": "s"
  },
  {
    "t": 5.702601,
    "k": "d"
  },
  {
    "t": 5.780387,
    "k": "a"
  },
  {
    "t": 6.0083,
    "k": "s"
  },
  {
    "t": 6.227244,
    "k": "d"
  },
  {
    "t": 6.570449,
    "k": "w"
  },
  {
    "t": 6.890377,
    "k": "s"
  },
  {
    "t": 7.158005,
    "k": "d"
  },
  {
    "t": 7.591858,
    "k": "w"
  },
  {
    "t": 8.049036,
    "k": "s"
  },
  {
    "t": 8.424358,
    "k": "a"
  },
  {
    "t": 8.794295,
    "k": "s"
  },
  {
    "t": 9.234094,
    "k": "w"
  },
  {
    "t": 9.598971,
    "k": "s"
  },
  {
    "t": 10.012634,
    "k": "a"
  },
  {
    "t": 10.209306,
    "k": "d"
  },
  {
    "t": 10.423671,
    "k": "s"
  },
  {
    "t": 10.548557,
    "k": "d"
  },
  {
    "t": 11.045945,
    "k": "w"
  },
  {
    "t": 11.196452,
    "k": "d"
  },
  {
    "t": 11.379264,
    "k": "s"
  },
  {
    "t": 11.505023,
    "k": "d"
  },
  {
    "t": 11.688345,
    "k": "s"
  },
  {
    "t": 11.940697,
    "k": "d"
  },
  {
    "t": 12.067548,
    "k": "s"
  },
  {
    "t": 12.181884,
    "k": "d"
  },
  {
    "t": 12.308116,
    "k": "s"
  },
  {
    "t": 12.434761,
    "k": "d"
  },
  {
    "t": 12.588449,
    "k": "s"
  },
  {
    "t": 12.693256,
    "k": "d"
  },
  {
    "t": 12.869284,
    "k": "s"
  },
  {
    "t": 13.082826,
    "k": "w"
  },
  {
    "t": 13.300603,
    "k": "s"
  },
  {
    "t": 13.520975,
    "k": "a"
  },
  {
    "t": 13.704982,
    "k": "s"
  },
  {
    "t": 14.17984,
    "k": "d"
  },
  {
    "t": 14.313893,
    "k": "w"
  },
  {
    "t": 14.542869,
    "k": "s"
  },
  {
    "t": 14.719337,
    "k": "a"
  },
  {
    "t": 15.064146,
    "k": "s"
  },
  {
    "t": 15.533449,
    "k": "d"
  },
  {
    "t": 16.027152,
    "k": "w"
  },
  {
    "t": 16.385669,
    "k": "s"
  },
  {
    "t": 16.56053,
    "k": "a"
  },
  {
    "t": 16.74269,
    "k": "s"
  },
  {
    "t": 16.969954,
    "k": "d"
  },
  {
    "t": 17.442185,
    "k": "w"
  },
  {
    "t": 17.589428,
    "k": "s"
  },
  {
    "t": 17.829189,
    "k": "a"
  },
  {
    "t": 18.012009,
    "k": "s"
  },
  {
    "t": 18.232633,
    "k": "d"
  },
  {
    "t": 18.3619,
    "k": "s"
  },
  {
    "t": 18.488521,
    "k": "d"
  },
  {
    "t": 18.622628,
    "k": "s"
  },
  {
    "t": 18.840125,
    "k": "d"
  },
  {
    "t": 19.056925,
    "k": "s"
  },
  {
    "t": 19.197163,
    "k": "d"
  },
  {
    "t": 19.660076,
    "k": "w"
  },
  {
    "t": 19.933954,
    "k": "a"
  },
  {
    "t": 20.127846,
    "k": "w"
  },
  {
    "t": 20.484425,
    "k": "s"
  },
  {
    "t": 20.680812,
    "k": "d"
  },
  {
    "t": 20.889413,
    "k": "w"
  },
  {
    "t": 21.135673,
    "k": "s"
  },
  {
    "t": 21.476809,
    "k": "a"
  },
  {
    "t": 21.983409,
    "k": "d"
  },
  {
    "t": 22.41969,
    "k": "w"
  },
  {
    "t": 22.771984,
    "k": "s"
  },
  {
    "t": 22.93613,
    "k": "a"
  },
  {
    "t": 23.08503,
    "k": "s"
  },
  {
    "t": 23.258468,
    "k": "d"
  },
  {
    "t": 23.457296,
    "k": "w"
  },
  {
    "t": 23.608247,
    "k": "s"
  },
  {
    "t": 23.815811,
    "k": "a"
  },
  {
    "t": 23.973927,
    "k": "d"
  },
  {
    "t": 24.227501,
    "k": "w"
  },
  {
    "t": 24.45709,
    "k": "s"
  },
  {
    "t": 25.262725,
    "k": "s"
  },
  {
    "t": 26.033315,
    "k": "w"
  },
  {
    "t": 26.720602,
    "k": "d"
  },
  {
    "t": 26.825355,
    "k": "w"
  },
  {
    "t": 27.393717,
    "k": "d"
  },
  {
    "t": 27.542991,
    "k": "w"
  },
  {
    "t": 27.921243,
    "k": "a"
  },
  {
    "t": 28.323071,
    "k": "s"
  },
  {
    "t": 28.778268,
    "k": "w"
  },
  {
    "t": 29.179468,
    "k": "d"
  },
  {
    "t": 29.823853,
    "k": "a"
  },
  {
    "t": 30.006739,
    "k": "s"
  },
  {
    "t": 30.492277,
    "k": "w"
  },
  {
    "t": 30.654922,
    "k": "s"
  },
  {
    "t": 30.921245,
    "k": "a"
  },
  {
    "t": 31.157501,
    "k": "d"
  },
  {
    "t": 31.387554,
    "k": "w"
  },
  {
    "t": 31.502265,
    "k": "s"
  },
  {
    "t": 32.275528,
    "k": "a"
  },
  {
    "t": 32.926432,
    "k": "d"
  },
  {
    "t": 33.133114,
    "k": "w"
  },
  {
    "t": 33.737553,
    "k": "s"
  },
  {
    "t": 33.910502,
    "k": "d"
  },
  {
    "t": 34.288228,
    "k": "w"
  },
  {
    "t": 34.744331,
    "k": "s"
  },
  {
    "t": 35.147513,
    "k": "a"
  },
  {
    "t": 35.529714,
    "k": "d"
  },
  {
    "t": 36.105024,
    "k": "w"
  },
  {
    "t": 36.297299,
    "k": "s"
  },
  {
    "t": 36.725991,
    "k": "a"
  },
  {
    "t": 37.198812,
    "k": "d"
  },
  {
    "t": 37.597771,
    "k": "w"
  },
  {
    "t": 38.092249,
    "k": "s"
  },
  {
    "t": 38.440538,
    "k": "a"
  },
  {
    "t": 38.791475,
    "k": "d"
  },
  {
    "t": 39.3588,
    "k": "w"
  },
  {
    "t": 39.525855,
    "k": "s"
  },
  {
    "t": 40.047069,
    "k": "a"
  },
  {
    "t": 40.222128,
    "k": "d"
  },
  {
    "t": 40.68316,
    "k": "w"
  },
  {
    "t": 41.092856,
    "k": "s"
  },
  {
    "t": 41.538963,
    "k": "a"
  },
  {
    "t": 41.929523,
    "k": "d"
  },
  {
    "t": 42.460366,
    "k": "s"
  },
  {
    "t": 42.632389,
    "k": "a"
  },
  {
    "t": 43.089902,
    "k": "w"
  },
  {
    "t": 43.5593,
    "k": "s"
  },
  {
    "t": 44.020098,
    "k": "d"
  },
  {
    "t": 44.421857,
    "k": "w"
  },
  {
    "t": 44.730254,
    "k": "s"
  },
  {
    "t": 44.857612,
    "k": "a"
  },
  {
    "t": 45.028405,
    "k": "d"
  },
  {
    "t": 45.212815,
    "k": "w"
  },
  {
    "t": 45.302084,
    "k": "s"
  },
  {
    "t": 45.910664,
    "k": "a"
  },
  {
    "t": 46.450051,
    "k": "s"
  },
  {
    "t": 46.64523,
    "k": "d"
  },
  {
    "t": 46.793944,
    "k": "w"
  },
  {
    "t": 47.353613,
    "k": "a"
  },
  {
    "t": 47.536299,
    "k": "s"
  },
  {
    "t": 47.74572,
    "k": "d"
  },
  {
    "t": 47.925115,
    "k": "w"
  },
  {
    "t": 48.178457,
    "k": "s"
  },
  {
    "t": 48.33882,
    "k": "a"
  },
  {
    "t": 48.808687,
    "k": "d"
  },
  {
    "t": 49.209525,
    "k": "w"
  },
  {
    "t": 49.599436,
    "k": "s"
  },
  {
    "t": 49.980845,
    "k": "a"
  },
  {
    "t": 50.335537,
    "k": "d"
  },
  {
    "t": 50.735892,
    "k": "w"
  },
  {
    "t": 51.136997,
    "k": "s"
  },
  {
    "t": 51.55302,
    "k": "a"
  },
  {
    "t": 51.926585,
    "k": "s"
  },
  {
    "t": 52.086183,
    "k": "a"
  },
  {
    "t": 52.829432,
    "k": "d"
  },
  {
    "t": 53.07315,
    "k": "s"
  },
  {
    "t": 53.526931,
    "k": "w"
  },
  {
    "t": 53.724869,
    "k": "s"
  },
  {
    "t": 54.720772,
    "k": "a"
  },
  {
    "t": 55.12353,
    "k": "s"
  },
  {
    "t": 55.306906,
    "k": "d"
  },
  {
    "t": 55.792906,
    "k": "w"
  },
  {
    "t": 56.277824,
    "k": "s"
  },
  {
    "t": 56.475375,
    "k": "s"
  },
  {
    "t": 56.604302,
    "k": "w"
  },
  {
    "t": 56.824361,
    "k": "s"
  },
  {
    "t": 57.262992,
    "k": "a"
  },
  {
    "t": 57.573164,
    "k": "s"
  },
  {
    "t": 57.939328,
    "k": "d"
  },
  {
    "t": 58.369341,
    "k": "w"
  },
  {
    "t": 58.777706,
    "k": "s"
  },
  {
    "t": 59.043444,
    "k": "a"
  },
  {
    "t": 59.249625,
    "k": "d"
  },
  {
    "t": 59.472614,
    "k": "w"
  },
  {
    "t": 59.657191,
    "k": "s"
  },
  {
    "t": 59.960116,
    "k": "a"
  },
  {
    "t": 60.233528,
    "k": "w"
  },
  {
    "t": 60.589531,
    "k": "d"
  },
  {
    "t": 61.171144,
    "k": "s"
  },
  {
    "t": 61.595292,
    "k": "a"
  },
  {
    "t": 62.003606,
    "k": "d"
  },
  {
    "t": 62.397941,
    "k": "s"
  },
  {
    "t": 62.740306,
    "k": "w"
  },
  {
    "t": 63.107832,
    "k": "s"
  },
  {
    "t": 63.4874,
    "k": "a"
  },
  {
    "t": 63.935755,
    "k": "d"
  },
  {
    "t": 64.323835,
    "k": "w"
  },
  {
    "t": 64.740884,
    "k": "s"
  },
  {
    "t": 64.935779,
    "k": "d"
  },
  {
    "t": 65.783498,
    "k": "w"
  },
  {
    "t": 65.991104,
    "k": "s"
  },
  {
    "t": 66.393875,
    "k": "d"
  },
  {
    "t": 66.579059,
    "k": "w"
  },
  {
    "t": 67.481843,
    "k": "a"
  },
  {
    "t": 67.931027,
    "k": "s"
  },
  {
    "t": 68.08923,
    "k": "d"
  },
  {
    "t": 68.630905,
    "k": "a"
  },
  {
    "t": 69.086689,
    "k": "s"
  },
  {
    "t": 69.25788,
    "k": "d"
  },
  {
    "t": 69.465369,
    "k": "w"
  },
  {
    "t": 69.615668,
    "k": "s"
  },
  {
    "t": 69.948119,
    "k": "a"
  },
  {
    "t": 70.33758,
    "k": "s"
  },
  {
    "t": 70.60514,
    "k": "d"
  },
  {
    "t": 71.195264,
    "k": "w"
  },
  {
    "t": 71.358998,
    "k": "w"
  },
  {
    "t": 71.808862,
    "k": "s"
  },
  {
    "t": 72.302176,
    "k": "d"
  },
  {
    "t": 72.821907,
    "k": "a"
  },
  {
    "t": 72.973058,
    "k": "a"
  },
  {
    "t": 73.445924,
    "k": "s"
  },
  {
    "t": 73.924365,
    "k": "w"
  },
  {
    "t": 74.168982,
    "k": "w"
  },
  {
    "t": 74.366866,
    "k": "w"
  },
  {
    "t": 74.539898,
    "k": "w"
  },
  {
    "t": 74.689242,
    "k": "w"
  },
  {
    "t": 74.801875,
    "k": "w"
  },
  {
    "t": 75.017008,
    "k": "w"
  },
  {
    "t": 75.179337,
    "k": "w"
  },
  {
    "t": 75.328087,
    "k": "w"
  },
  {
    "t": 75.474177,
    "k": "w"
  },
  {
    "t": 76.356583,
    "k": "d"
  },
  {
    "t": 76.722577,
    "k": "s"
  },
  {
    "t": 77.176412,
    "k": "a"
  },
  {
    "t": 77.533828,
    "k": "d"
  },
  {
    "t": 77.720175,
    "k": "w"
  },
  {
    "t": 78.317049,
    "k": "d"
  },
  {
    "t": 78.522505,
    "k": "s"
  },
  {
    "t": 79.139915,
    "k": "a"
  },
  {
    "t": 79.368437,
    "k": "s"
  },
  {
    "t": 79.815692,
    "k": "d"
  },
  {
    "t": 80.46253,
    "k": "w"
  },
  {
    "t": 80.798239,
    "k": "s"
  },
  {
    "t": 81.005947,
    "k": "d"
  },
  {
    "t": 81.545046,
    "k": "a"
  },
  {
    "t": 81.843966,
    "k": "s"
  },
  {
    "t": 82.374787,
    "k": "d"
  },
  {
    "t": 82.558375,
    "k": "a"
  },
  {
    "t": 82.982524,
    "k": "s"
  },
  {
    "t": 83.538714,
    "k": "w"
  },
  {
    "t": 83.91835,
    "k": "s"
  },
  {
    "t": 84.120188,
    "k": "d"
  },
  {
    "t": 84.552522,
    "k": "a"
  },
  {
    "t": 84.854036,
    "k": "w"
  },
  {
    "t": 85.084153,
    "k": "s"
  },
  {
    "t": 85.50072,
    "k": "d"
  },
  {
    "t": 85.739225,
    "k": "a"
  },
  {
    "t": 86.596772,
    "k": "w"
  },
  {
    "t": 86.815712,
    "k": "s"
  },
  {
    "t": 86.837904,
    "k": "d"
  },
  {
    "t": 87.592771,
    "k": "a"
  },
  {
    "t": 88.052375,
    "k": "s"
  },
  {
    "t": 88.372454,
    "k": "s"
  },
  {
    "t": 88.796655,
    "k": "d"
  },
  {
    "t": 89.253608,
    "k": "w"
  },
  {
    "t": 89.303246,
    "k": "d"
  },
  {
    "t": 89.657082,
    "k": "a"
  },
  {
    "t": 90.004597,
    "k": "s"
  },
  {
    "t": 90.371607,
    "k": "d"
  },
  {
    "t": 90.546448,
    "k": "s"
  },
  {
    "t": 91.27127,
    "k": "a"
  },
  {
    "t": 91.4332,
    "k": "s"
  },
  {
    "t": 92.005449,
    "k": "d"
  },
  {
    "t": 92.178813,
    "k": "s"
  },
  {
    "t": 93.019838,
    "k": "a"
  },
  {
    "t": 93.030834,
    "k": "w"
  },
  {
    "t": 93.306839,
    "k": "s"
  },
  {
    "t": 93.593812,
    "k": "d"
  },
  {
    "t": 93.871013,
    "k": "a"
  },
  {
    "t": 94.344624,
    "k": "s"
  },
  {
    "t": 94.571692,
    "k": "w"
  },
  {
    "t": 95.112627,
    "k": "s"
  },
  {
    "t": 95.306836,
    "k": "d"
  },
  {
    "t": 96.187907,
    "k": "a"
  },
  {
    "t": 96.404509,
    "k": "s"
  },
  {
    "t": 96.779385,
    "k": "d"
  },
  {
    "t": 96.98496,
    "k": "w"
  },
  {
    "t": 97.424446,
    "k": "s"
  },
  {
    "t": 97.962924,
    "k": "a"
  },
  {
    "t": 98.445484,
    "k": "d"
  },
  {
    "t": 98.665906,
    "k": "s"
  },
  {
    "t": 99.076563,
    "k": "w"
  },
  {
    "t": 99.653624,
    "k": "s"
  },
  {
    "t": 100.128164,
    "k": "s"
  },
  {
    "t": 100.510204,
    "k": "s"
  },
  {
    "t": 100.883389,
    "k": "s"
  },
  {
    "t": 101.251065,
    "k": "s"
  },
  {
    "t": 101.663453,
    "k": "s"
  },
  {
    "t": 102.032646,
    "k": "s"
  },
  {
    "t": 102.36748,
    "k": "d"
  },
  {
    "t": 102.779851,
    "k": "a"
  },
  {
    "t": 103.183337,
    "k": "s"
  },
  {
    "t": 103.357195,
    "k": "d"
  },
  {
    "t": 104.149678,
    "k": "a"
  },
  {
    "t": 104.403002,
    "k": "s"
  },
  {
    "t": 105.016815,
    "k": "d"
  },
  {
    "t": 105.475351,
    "k": "s"
  },
  {
    "t": 106.131634,
    "k": "s"
  },
  {
    "t": 106.14307,
    "k": "a"
  },
  {
    "t": 106.154841,
    "k": "d"
  }
]