[
  {
    "t": 3.505256,
    "k": "w"
  },
  {
    "t": 6.780513,
    "k": "w"
  },
  {
    "t": 9.95624,
    "k": "w"
  },
  {
    "t": 13.161092,
    "k": "w"
  },
  {
    "t": 14.461594,
    "k": "d"
  },
  {
    "t": 16.363893,
    "k": "w"
  },
  {
    "t": 17.680384,
    "k": "d"
  },
  {
    "t": 19.598893,
    "k": "w"
  },
  {
    "t": 20.99536,
    "k": "d"
  },
  {
    "t": 22.840836,
    "k": "w"
  },
  {
    "t": 26.031767,
    "k": "w"
  },
  {
    "t": 26.862025,
    "k": "w"
  },
  {
    "t": 27.649206,
    "k": "w"
  },
  {
    "t": 28.415918,
    "k": "w"
  },
  {
    "t": 29.146368,
    "k": "s"
  },
  {
    "t": 29.986885,
    "k": "s"
  },
  {
    "t": 30.813354,
    "k": "s"
  },
  {
    "t": 31.607871,
    "k": "s"
  },
  {
    "t": 32.421607,
    "k": "a"
  },
  {
    "t": 33.185094,
    "k": "d"
  },
  {
    "t": 33.968119,
    "k": "a"
  },
  {
    "t": 34.76563,
    "k": "d"
  },
  {
    "t": 35.542006,
    "k": "s"
  },
  {
    "t": 36.303694,
    "k": "w"
  },
  {
    "t": 37.220553,
    "k": "s"
  },
  {
    "t": 37.991836,
    "k": "w"
  },
  {
    "t": 38.806046,
    "k": "a"
  },
  {
    "t": 39.611206,
    "k": "d"
  },
  {
    "t": 40.418613,
    "k": "w"
  },
  {
    "t": 41.265135,
    "k": "s"
  },
  {
    "t": 42.030301,
    "k": "a"
  },
  {
    "t": 42.811724,
    "k": "d"
  },
  {
    "t": 43.648157,
    "k": "w"
  },
  {
    "t": 44.414434,
    "k": "s"
  },
  {
    "t": 45.191494,
    "k": "a"
  },
  {
    "t": 45.993881,
    "k": "d"
  },
  {
    "t": 46.870391,
    "k": "a"
  },
  {
    "t": 47.698562,
    "k": "d"
  },
  {
    "t": 48.45126,
    "k": "w"
  },
  {
    "t": 49.265047,
    "k": "s"
  },
  {
    "t": 49.976215,
    "k": "a"
  },
  {
    "t": 50.394193,
    "k": "d"
  },
  {
    "t": 50.819518,
    "k": "w"
  },
  {
    "t": 51.196633,
    "k": "s"
  },
  {
    "t": 51.575749,
    "k": "a"
  },
  {
    "t": 52.279837,
    "k": "d"
  },
  {
    "t": 53.168411,
    "k": "a"
  },
  {
    "t": 53.927078,
    "k": "d"
  },
  {
    "t": 54.725507,
    "k": "w"
  },
  {
    "t": 55.452647,
    "k": "s"
  },
  {
    "t": 56.29159,
    "k": "d"
  },
  {
    "t": 57.159947,
    "k": "a"
  },
  {
    "t": 57.978563,
    "k": "s"
  },
  {
    "t": 58.639633,
    "k": "d"
  },
  {
    "t": 59.37785,
    "k": "a"
  },
  {
    "t": 60.279442,
    "k": "s"
  },
  {
    "t": 61.129998,
    "k": "d"
  },
  {
    "t": 61.979374,
    "k": "a"
  },
  {
    "t": 62.812799,
    "k": "s"
  },
  {
    "t": 63.610467,
    "k": "w"
  },
  {
    "t": 64.382049,
    "k": "s"
  },
  {
    "t": 65.033417,
    "k": "d"
  },
  {
    "t": 65.995322,
    "k": "a"
  },
  {
    "t": 66.71625,
    "k": "s"
  },
  {
    "t": 67.541885,
    "k": "d"
  },
  {
    "t": 68.234911,
    "k": "w"
  },
  {
    "t": 69.106463,
    "k": "s"
  },
  {
    "t": 70.043844,
    "k": "a"
  },
  {
    "t": 70.89558,
    "k": "d"
  },
  {
    "t": 71.666228,
    "k": "w"
  },
  {
    "t": 72.446147,
    "k": "s"
  },
  {
    "t": 73.272269,
    "k": "a"
  },
  {
    "t": 74.028537,
    "k": "d"
  },
  {
    "t": 74.81787,
    "k": "w"
  },
  {
    "t": 75.57567,
    "k": "s"
  },
  {
    "t": 76.422692,
    "k": "a"
  },
  {
    "t": 77.193682,
    "k": "d"
  },
  {
    "t": 78.012115,
    "k": "w"
  },
  {
    "t": 78.836325,
    "k": "s"
  },
  {
    "t": 79.630907,
    "k": "a"
  },
  {
    "t": 80.409136,
    "k": "d"
  },
  {
    "t": 81.163167,
    "k": "s"
  },
  {
    "t": 81.975976,
    "k": "w"
  },
  {
    "t": 82.680494,
    "k": "d"
  },
  {
    "t": 83.494523,
    "k": "s"
  },
  {
    "t": 84.25009,
    "k": "w"
  },
  {
    "t": 85.175458,
    "k": "s"
  },
  {
    "t": 85.931686,
    "k": "w"
  },
  {
    "t": 86.824778,
    "k": "s"
  },
  {
    "t": 87.63556,
    "k": "w"
  },
  {
    "t": 88.373943,
    "k": "s"
  },
  {
    "t": 89.137858,
    "k": "w"
  }
]