[
  {
    "t": 1.734499,
    "k": "a"
  },
  {
    "t": 1.746886,
    "k": "d"
  },
  {
    "t": 1.967475,
    "k": "d"
  },
  {
    "t": 1.977987,
    "k": "a"
  },
  {
    "t": 2.233413,
    "k": "s"
  },
  {
    "t": 2.323422,
    "k": "w"
  },
  {
    "t": 2.437679,
    "k": "d"
  },
  {
    "t": 2.691022,
    "k": "d"
  },
  {
    "t": 2.725308,
    "k": "w"
  },
  {
    "t": 2.896701,
    "k": "d"
  },
  {
    "t": 3.049366,
    "k": "s"
  },
  {
    "t": 3.116778,
    "k": "a"
  },
  {
    "t": 3.40632,
    "k": "s"
  },
  {
    "t": 3.440345,
    "k": "a"
  },
  {
    "t": 3.615748,
    "k": "s"
  },
  {
    "t": 3.651893,
    "k": "a"
  },
  {
    "t": 3.82348,
    "k": "d"
  },
  {
    "t": 3.870801,
    "k": "w"
  },
  {
    "t": 4.239906,
    "k": "s"
  },
  {
    "t": 4.253439,
    "k": "a"
  },
  {
    "t": 4.630815,
    "k": "a"
  },
  {
    "t": 4.641164,
    "k": "d"
  },
  {
    "t": 4.953354,
    "k": "d"
  },
  {
    "t": 4.965262,
    "k": "a"
  },
  {
    "t": 5.194224,
    "k": "s"
  },
  {
    "t": 5.26587,
    "k": "w"
  },
  {
    "t": 5.369402,
    "k": "d"
  },
  {
    "t": 5.727435,
    "k": "d"
  },
  {
    "t": 5.728326,
    "k": "a"
  },
  {
    "t": 5.994794,
    "k": "s"
  },
  {
    "t": 6.063628,
    "k": "w"
  },
  {
    "t": 6.181552,
    "k": "d"
  },
  {
    "t": 6.215371,
    "k": "w"
  },
  {
    "t": 6.563357,
    "k": "a"
  },
  {
    "t": 6.574073,
    "k": "s"
  },
  {
    "t": 6.957662,
    "k": "a"
  },
  {
    "t": 6.981531,
    "k": "d"
  },
  {
    "t": 7.340334,
    "k": "s"
  },
  {
    "t": 7.400298,
    "k": "w"
  },
  {
    "t": 7.760446,
    "k": "d"
  },
  {
    "t": 8.004915,
    "k": "a"
  },
  {
    "t": 8.12062,
    "k": "s"
  },
  {
    "t": 8.282521,
    "k": "w"
  },
  {
    "t": 8.340102,
    "k": "d"
  },
  {
    "t": 8.498669,
    "k": "d"
  },
  {
    "t": 8.636016,
    "k": "s"
  },
  {
    "t": 8.76077,
    "k": "a"
  },
  {
    "t": 8.864926,
    "k": "d"
  },
  {
    "t": 9.036969,
    "k": "d"
  },
  {
    "t": 9.150112,
    "k": "s"
  },
  {
    "t": 9.210765,
    "k": "s"
  },
  {
    "t": 9.221173,
    "k": "a"
  },
  {
    "t": 9.356716,
    "k": "d"
  },
  {
    "t": 9.545289,
    "k": "w"
  },
  {
    "t": 9.692179,
    "k": "s"
  },
  {
    "t": 9.786576,
    "k": "a"
  },
  {
    "t": 9.843781,
    "k": "s"
  },
  {
    "t": 9.935832,
    "k": "a"
  },
  {
    "t": 9.981867,
    "k": "s"
  },
  {
    "t": 10.144842,
    "k": "d"
  },
  {
    "t": 10.285717,
    "k": "w"
  },
  {
    "t": 10.445065,
    "k": "s"
  },
  {
    "t": 10.572139,
    "k": "a"
  },
  {
    "t": 10.768162,
    "k": "d"
  },
  {
    "t": 10.998518,
    "k": "w"
  },
  {
    "t": 11.19715,
    "k": "s"
  },
  {
    "t": 11.369894,
    "k": "a"
  },
  {
    "t": 11.425337,
    "k": "s"
  },
  {
    "t": 11.506738,
    "k": "a"
  },
  {
    "t": 11.551472,
    "k": "s"
  },
  {
    "t": 11.693373,
    "k": "d"
  },
  {
    "t": 11.742286,
    "k": "w"
  },
  {
    "t": 11.955724,
    "k": "d"
  },
  {
    "t": 12.047439,
    "k": "a"
  },
  {
    "t": 12.138957,
    "k": "s"
  },
  {
    "t": 12.219126,
    "k": "w"
  },
  {
    "t": 12.254418,
    "k": "d"
  },
  {
    "t": 12.382615,
    "k": "d"
  },
  {
    "t": 12.601799,
    "k": "a"
  },
  {
    "t": 12.739743,
    "k": "s"
  },
  {
    "t": 12.903016,
    "k": "a"
  },
  {
    "t": 12.926062,
    "k": "d"
  },
  {
    "t": 13.065437,
    "k": "d"
  },
  {
    "t": 13.088777,
    "k": "a"
  },
  {
    "t": 13.205179,
    "k": "s"
  },
  {
    "t": 13.28566,
    "k": "w"
  },
  {
    "t": 13.366564,
    "k": "d"
  },
  {
    "t": 13.436572,
    "k": "a"
  },
  {
    "t": 13.538204,
    "k": "s"
  },
  {
    "t": 13.66816,
    "k": "a"
  },
  {
    "t": 13.879101,
    "k": "d"
  },
  {
    "t": 13.901889,
    "k": "a"
  },
  {
    "t": 14.076996,
    "k": "s"
  },
  {
    "t": 14.225911,
    "k": "w"
  },
  {
    "t": 14.353823,
    "k": "d"
  },
  {
    "t": 14.457961,
    "k": "a"
  },
  {
    "t": 14.491762,
    "k": "d"
  },
  {
    "t": 14.608925,
    "k": "s"
  },
  {
    "t": 14.678216,
    "k": "w"
  },
  {
    "t": 14.813494,
    "k": "d"
  },
  {
    "t": 15.056864,
    "k": "a"
  },
  {
    "t": 15.19573,
    "k": "d"
  },
  {
    "t": 15.297946,
    "k": "w"
  },
  {
    "t": 15.342576,
    "k": "d"
  },
  {
    "t": 15.447298,
    "k": "d"
  },
  {
    "t": 15.482937,
    "k": "w"
  },
  {
    "t": 15.611531,
    "k": "a"
  },
  {
    "t": 15.668867,
    "k": "s"
  },
  {
    "t": 15.878457,
    "k": "d"
  },
  {
    "t": 16.016268,
    "k": "d"
  },
  {
    "t": 16.132073,
    "k": "s"
  },
  {
    "t": 16.339767,
    "k": "a"
  },
  {
    "t": 16.374171,
    "k": "d"
  },
  {
    "t": 16.562612,
    "k": "d"
  },
  {
    "t": 16.707526,
    "k": "w"
  },
  {
    "t": 16.756873,
    "k": "s"
  },
  {
    "t": 16.869516,
    "k": "s"
  },
  {
    "t": 17.154723,
    "k": "d"
  },
  {
    "t": 17.170374,
    "k": "a"
  },
  {
    "t": 17.282591,
    "k": "s"
  },
  {
    "t": 17.350898,
    "k": "a"
  },
  {
    "t": 17.374126,
    "k": "d"
  },
  {
    "t": 17.50251,
    "k": "s"
  },
  {
    "t": 17.571438,
    "k": "a"
  },
  {
    "t": 17.581749,
    "k": "d"
  },
  {
    "t": 17.828598,
    "k": "d"
  },
  {
    "t": 17.836107,
    "k": "s"
  },
  {
    "t": 18.009306,
    "k": "d"
  },
  {
    "t": 18.128669,
    "k": "s"
  },
  {
    "t": 18.218035,
    "k": "d"
  },
  {
    "t": 18.231221,
    "k": "a"
  },
  {
    "t": 18.311892,
    "k": "s"
  },
  {
    "t": 18.425336,
    "k": "d"
  },
  {
    "t": 18.553025,
    "k": "a"
  },
  {
    "t": 18.599446,
    "k": "d"
  },
  {
    "t": 18.715357,
    "k": "s"
  },
  {
    "t": 18.726367,
    "k": "a"
  },
  {
    "t": 18.830052,
    "k": "s"
  },
  {
    "t": 19.060382,
    "k": "s"
  },
  {
    "t": 19.255142,
    "k": "a"
  },
  {
    "t": 19.255142,
    "k": "s"
  },
  {
    "t": 19.264253,
    "k": "d"
  },
  {
    "t": 19.461374,
    "k": "s"
  },
  {
    "t": 19.47646,
    "k": "d"
  },
  {
    "t": 19.498029,
    "k": "a"
  },
  {
    "t": 19.831153,
    "k": "w"
  },
  {
    "t": 19.910486,
    "k": "d"
  },
  {
    "t": 20.050585,
    "k": "s"
  },
  {
    "t": 20.108544,
    "k": "d"
  },
  {
    "t": 20.3144,
    "k": "a"
  },
  {
    "t": 20.336783,
    "k": "d"
  },
  {
    "t": 20.475135,
    "k": "s"
  },
  {
    "t": 20.612189,
    "k": "d"
  },
  {
    "t": 20.695861,
    "k": "s"
  },
  {
    "t": 20.786132,
    "k": "d"
  },
  {
    "t": 20.857914,
    "k": "s"
  },
  {
    "t": 20.882108,
    "k": "d"
  },
  {
    "t": 21.069333,
    "k": "w"
  },
  {
    "t": 21.100002,
    "k": "d"
  },
  {
    "t": 21.284855,
    "k": "d"
  },
  {
    "t": 21.389404,
    "k": "a"
  },
  {
    "t": 21.41261,
    "k": "s"
  },
  {
    "t": 21.516381,
    "k": "s"
  },
  {
    "t": 21.564673,
    "k": "a"
  },
  {
    "t": 21.667665,
    "k": "s"
  },
  {
    "t": 21.726238,
    "k": "a"
  },
  {
    "t": 21.852801,
    "k": "d"
  },
  {
    "t": 22.048479,
    "k": "w"
  },
  {
    "t": 22.160439,
    "k": "s"
  },
  {
    "t": 22.288579,
    "k": "a"
  },
  {
    "t": 22.288579,
    "k": "d"
  },
  {
    "t": 22.414762,
    "k": "d"
  },
  {
    "t": 22.438022,
    "k": "a"
  },
  {
    "t": 22.54726,
    "k": "d"
  },
  {
    "t": 22.58766,
    "k": "a"
  },
  {
    "t": 22.76999,
    "k": "s"
  },
  {
    "t": 22.911558,
    "k": "d"
  },
  {
    "t": 22.970377,
    "k": "w"
  },
  {
    "t": 23.176918,
    "k": "s"
  },
  {
    "t": 23.25751,
    "k": "a"
  },
  {
    "t": 23.431286,
    "k": "d"
  },
  {
    "t": 23.483174,
    "k": "a"
  },
  {
    "t": 23.678533,
    "k": "s"
  },
  {
    "t": 23.724967,
    "k": "w"
  },
  {
    "t": 23.867421,
    "k": "d"
  },
  {
    "t": 23.874405,
    "k": "s"
  },
  {
    "t": 23.935167,
    "k": "a"
  },
  {
    "t": 23.980108,
    "k": "d"
  },
  {
    "t": 24.096515,
    "k": "a"
  },
  {
    "t": 24.200136,
    "k": "s"
  },
  {
    "t": 24.398539,
    "k": "w"
  },
  {
    "t": 24.525174,
    "k": "d"
  },
  {
    "t": 24.662612,
    "k": "a"
  },
  {
    "t": 24.699682,
    "k": "s"
  },
  {
    "t": 24.814905,
    "k": "s"
  },
  {
    "t": 24.83813,
    "k": "a"
  },
  {
    "t": 24.931512,
    "k": "d"
  },
  {
    "t": 25.011245,
    "k": "w"
  },
  {
    "t": 25.188249,
    "k": "s"
  },
  {
    "t": 25.290275,
    "k": "a"
  },
  {
    "t": 25.405824,
    "k": "d"
  },
  {
    "t": 25.703259,
    "k": "s"
  },
  {
    "t": 25.738711,
    "k": "a"
  },
  {
    "t": 25.842085,
    "k": "w"
  },
  {
    "t": 25.888043,
    "k": "a"
  },
  {
    "t": 25.988338,
    "k": "d"
  },
  {
    "t": 26.011395,
    "k": "s"
  },
  {
    "t": 26.049068,
    "k": "a"
  },
  {
    "t": 26.128702,
    "k": "d"
  },
  {
    "t": 26.151624,
    "k": "s"
  },
  {
    "t": 26.359094,
    "k": "d"
  },
  {
    "t": 26.417346,
    "k": "w"
  },
  {
    "t": 26.707836,
    "k": "d"
  },
  {
    "t": 26.879991,
    "k": "a"
  },
  {
    "t": 26.951576,
    "k": "s"
  },
  {
    "t": 27.054893,
    "k": "s"
  },
  {
    "t": 27.10262,
    "k": "a"
  },
  {
    "t": 27.182642,
    "k": "s"
  },
  {
    "t": 27.23849,
    "k": "w"
  },
  {
    "t": 27.420483,
    "k": "d"
  },
  {
    "t": 27.629572,
    "k": "a"
  },
  {
    "t": 27.722695,
    "k": "s"
  },
  {
    "t": 27.837407,
    "k": "w"
  },
  {
    "t": 27.860654,
    "k": "s"
  },
  {
    "t": 27.95197,
    "k": "d"
  },
  {
    "t": 28.0001,
    "k": "w"
  },
  {
    "t": 28.204336,
    "k": "a"
  },
  {
    "t": 28.345121,
    "k": "s"
  },
  {
    "t": 28.517595,
    "k": "w"
  },
  {
    "t": 28.577975,
    "k": "d"
  },
  {
    "t": 28.705126,
    "k": "a"
  },
  {
    "t": 28.739058,
    "k": "d"
  },
  {
    "t": 28.856495,
    "k": "s"
  },
  {
    "t": 29.055224,
    "k": "w"
  },
  {
    "t": 29.207807,
    "k": "d"
  },
  {
    "t": 29.42425,
    "k": "s"
  },
  {
    "t": 29.446857,
    "k": "a"
  },
  {
    "t": 29.669706,
    "k": "d"
  },
  {
    "t": 29.738454,
    "k": "w"
  },
  {
    "t": 29.851752,
    "k": "d"
  },
  {
    "t": 29.922821,
    "k": "a"
  },
  {
    "t": 29.980833,
    "k": "s"
  },
  {
    "t": 30.085259,
    "k": "d"
  },
  {
    "t": 30.108124,
    "k": "a"
  },
  {
    "t": 30.234727,
    "k": "d"
  },
  {
    "t": 30.24498,
    "k": "s"
  },
  {
    "t": 30.28232,
    "k": "w"
  },
  {
    "t": 30.422016,
    "k": "d"
  },
  {
    "t": 30.598346,
    "k": "a"
  },
  {
    "t": 30.794535,
    "k": "a"
  },
  {
    "t": 30.807277,
    "k": "d"
  },
  {
    "t": 30.971471,
    "k": "d"
  },
  {
    "t": 30.983405,
    "k": "a"
  },
  {
    "t": 31.144192,
    "k": "d"
  },
  {
    "t": 31.177908,
    "k": "a"
  },
  {
    "t": 31.445437,
    "k": "d"
  },
  {
    "t": 31.455497,
    "k": "a"
  },
  {
    "t": 31.699894,
    "k": "s"
  },
  {
    "t": 31.746419,
    "k": "w"
  },
  {
    "t": 31.89573,
    "k": "d"
  },
  {
    "t": 31.919372,
    "k": "w"
  },
  {
    "t": 31.956364,
    "k": "a"
  },
  {
    "t": 32.036529,
    "k": "a"
  },
  {
    "t": 32.384744,
    "k": "d"
  },
  {
    "t": 32.675058,
    "k": "s"
  },
  {
    "t": 32.754709,
    "k": "w"
  },
  {
    "t": 33.019392,
    "k": "w"
  },
  {
    "t": 33.031406,
    "k": "s"
  },
  {
    "t": 33.250961,
    "k": "d"
  },
  {
    "t": 33.306538,
    "k": "a"
  },
  {
    "t": 33.493864,
    "k": "s"
  },
  {
    "t": 33.605521,
    "k": "w"
  },
  {
    "t": 33.76717,
    "k": "d"
  },
  {
    "t": 33.91683,
    "k": "a"
  },
  {
    "t": 33.986552,
    "k": "s"
  },
  {
    "t": 34.194402,
    "k": "d"
  },
  {
    "t": 34.205907,
    "k": "a"
  },
  {
    "t": 34.228646,
    "k": "s"
  },
  {
    "t": 34.546564,
    "k": "s"
  },
  {
    "t": 34.581056,
    "k": "a"
  },
  {
    "t": 34.836374,
    "k": "d"
  },
  {
    "t": 34.940106,
    "k": "w"
  },
  {
    "t": 35.069266,
    "k": "s"
  },
  {
    "t": 35.26835,
    "k": "a"
  },
  {
    "t": 35.40532,
    "k": "d"
  },
  {
    "t": 35.627345,
    "k": "a"
  },
  {
    "t": 35.778536,
    "k": "s"
  },
  {
    "t": 36.145633,
    "k": "s"
  },
  {
    "t": 36.459394,
    "k": "a"
  },
  {
    "t": 36.495895,
    "k": "d"
  },
  {
    "t": 36.728991,
    "k": "w"
  },
  {
    "t": 36.869117,
    "k": "s"
  },
  {
    "t": 37.052762,
    "k": "a"
  },
  {
    "t": 37.114614,
    "k": "d"
  },
  {
    "t": 37.365528,
    "k": "d"
  },
  {
    "t": 37.377402,
    "k": "a"
  },
  {
    "t": 37.737829,
    "k": "s"
  },
  {
    "t": 37.781217,
    "k": "w"
  },
  {
    "t": 38.12614,
    "k": "d"
  },
  {
    "t": 38.150215,
    "k": "a"
  },
  {
    "t": 38.497513,
    "k": "a"
  },
  {
    "t": 38.508946,
    "k": "s"
  },
  {
    "t": 38.878423,
    "k": "d"
  },
  {
    "t": 38.901329,
    "k": "a"
  },
  {
    "t": 39.234753,
    "k": "s"
  },
  {
    "t": 39.293521,
    "k": "w"
  },
  {
    "t": 39.467324,
    "k": "d"
  },
  {
    "t": 39.606879,
    "k": "a"
  },
  {
    "t": 39.733086,
    "k": "s"
  },
  {
    "t": 39.965428,
    "k": "w"
  },
  {
    "t": 40.102381,
    "k": "d"
  },
  {
    "t": 40.242983,
    "k": "a"
  },
  {
    "t": 40.255944,
    "k": "d"
  },
  {
    "t": 40.473092,
    "k": "s"
  },
  {
    "t": 40.485981,
    "k": "a"
  },
  {
    "t": 40.494894,
    "k": "d"
  },
  {
    "t": 40.841163,
    "k": "s"
  },
  {
    "t": 40.887259,
    "k": "w"
  },
  {
    "t": 41.108086,
    "k": "d"
  },
  {
    "t": 41.141892,
    "k": "a"
  },
  {
    "t": 41.339323,
    "k": "s"
  },
  {
    "t": 41.372544,
    "k": "a"
  },
  {
    "t": 41.517102,
    "k": "s"
  },
  {
    "t": 41.523415,
    "k": "a"
  },
  {
    "t": 41.710406,
    "k": "d"
  },
  {
    "t": 41.724319,
    "k": "w"
  },
  {
    "t": 41.886044,
    "k": "d"
  },
  {
    "t": 41.897891,
    "k": "w"
  },
  {
    "t": 42.105077,
    "k": "s"
  },
  {
    "t": 42.138293,
    "k": "a"
  },
  {
    "t": 42.438214,
    "k": "d"
  },
  {
    "t": 42.473087,
    "k": "a"
  },
  {
    "t": 42.683922,
    "k": "w"
  },
  {
    "t": 42.693658,
    "k": "s"
  },
  {
    "t": 42.920118,
    "k": "d"
  },
  {
    "t": 42.964611,
    "k": "a"
  },
  {
    "t": 43.153428,
    "k": "s"
  },
  {
    "t": 43.162735,
    "k": "a"
  },
  {
    "t": 43.347976,
    "k": "d"
  },
  {
    "t": 43.381304,
    "k": "w"
  },
  {
    "t": 43.600892,
    "k": "d"
  },
  {
    "t": 43.622859,
    "k": "a"
  },
  {
    "t": 43.831026,
    "k": "s"
  },
  {
    "t": 44.045236,
    "k": "a"
  },
  {
    "t": 44.059418,
    "k": "d"
  },
  {
    "t": 44.402085,
    "k": "s"
  },
  {
    "t": 44.425492,
    "k": "w"
  },
  {
    "t": 44.785159,
    "k": "a"
  },
  {
    "t": 44.797827,
    "k": "d"
  },
  {
    "t": 45.165301,
    "k": "s"
  },
  {
    "t": 45.522877,
    "k": "w"
  },
  {
    "t": 45.906533,
    "k": "d"
  },
  {
    "t": 45.930344,
    "k": "a"
  },
  {
    "t": 46.27626,
    "k": "a"
  },
  {
    "t": 46.288739,
    "k": "s"
  },
  {
    "t": 46.647124,
    "k": "d"
  },
  {
    "t": 46.694412,
    "k": "s"
  },
  {
    "t": 46.899921,
    "k": "s"
  },
  {
    "t": 46.995354,
    "k": "a"
  },
  {
    "t": 47.076827,
    "k": "d"
  },
  {
    "t": 47.229893,
    "k": "w"
  },
  {
    "t": 47.26873,
    "k": "s"
  },
  {
    "t": 47.452692,
    "k": "s"
  },
  {
    "t": 47.572461,
    "k": "a"
  },
  {
    "t": 47.859942,
    "k": "d"
  },
  {
    "t": 47.918802,
    "k": "a"
  },
  {
    "t": 48.278064,
    "k": "s"
  },
  {
    "t": 48.314792,
    "k": "a"
  },
  {
    "t": 48.451547,
    "k": "a"
  },
  {
    "t": 48.463926,
    "k": "d"
  },
  {
    "t": 48.823349,
    "k": "d"
  },
  {
    "t": 48.869915,
    "k": "a"
  },
  {
    "t": 49.168084,
    "k": "s"
  },
  {
    "t": 49.434924,
    "k": "w"
  },
  {
    "t": 49.469782,
    "k": "s"
  },
  {
    "t": 49.824562,
    "k": "d"
  },
  {
    "t": 49.848634,
    "k": "a"
  },
  {
    "t": 50.16124,
    "k": "s"
  },
  {
    "t": 50.255776,
    "k": "w"
  },
  {
    "t": 50.4043,
    "k": "d"
  },
  {
    "t": 50.461518,
    "k": "a"
  },
  {
    "t": 50.635995,
    "k": "s"
  },
  {
    "t": 50.636822,
    "k": "a"
  },
  {
    "t": 51.018746,
    "k": "d"
  },
  {
    "t": 51.030815,
    "k": "w"
  },
  {
    "t": 51.377506,
    "k": "a"
  },
  {
    "t": 51.387318,
    "k": "s"
  },
  {
    "t": 51.795978,
    "k": "d"
  },
  {
    "t": 51.81656,
    "k": "w"
  },
  {
    "t": 52.165653,
    "k": "s"
  },
  {
    "t": 52.175663,
    "k": "a"
  },
  {
    "t": 52.522135,
    "k": "d"
  },
  {
    "t": 52.533795,
    "k": "w"
  },
  {
    "t": 52.836073,
    "k": "s"
  },
  {
    "t": 52.848184,
    "k": "a"
  },
  {
    "t": 52.962997,
    "k": "s"
  },
  {
    "t": 52.988669,
    "k": "a"
  },
  {
    "t": 53.105341,
    "k": "d"
  },
  {
    "t": 53.325924,
    "k": "w"
  },
  {
    "t": 53.351953,
    "k": "s"
  },
  {
    "t": 53.511829,
    "k": "d"
  },
  {
    "t": 53.535476,
    "k": "a"
  },
  {
    "t": 53.675716,
    "k": "s"
  },
  {
    "t": 54.088258,
    "k": "d"
  },
  {
    "t": 54.100072,
    "k": "w"
  },
  {
    "t": 54.286025,
    "k": "s"
  },
  {
    "t": 54.298458,
    "k": "w"
  },
  {
    "t": 54.484834,
    "k": "s"
  },
  {
    "t": 54.516442,
    "k": "a"
  },
  {
    "t": 54.643614,
    "k": "d"
  },
  {
    "t": 54.723281,
    "k": "a"
  },
  {
    "t": 55.102942,
    "k": "d"
  },
  {
    "t": 55.104516,
    "k": "a"
  },
  {
    "t": 55.280156,
    "k": "a"
  },
  {
    "t": 55.325098,
    "k": "d"
  },
  {
    "t": 55.685525,
    "k": "s"
  },
  {
    "t": 55.694629,
    "k": "w"
  },
  {
    "t": 56.068709,
    "k": "d"
  },
  {
    "t": 56.10457,
    "k": "a"
  },
  {
    "t": 56.243304,
    "k": "s"
  },
  {
    "t": 56.475111,
    "k": "d"
  },
  {
    "t": 56.697589,
    "k": "s"
  },
  {
    "t": 56.721092,
    "k": "d"
  },
  {
    "t": 56.744108,
    "k": "a"
  },
  {
    "t": 56.847123,
    "k": "d"
  },
  {
    "t": 56.858364,
    "k": "s"
  },
  {
    "t": 56.870875,
    "k": "a"
  },
  {
    "t": 57.267312,
    "k": "d"
  },
  {
    "t": 57.31152,
    "k": "w"
  },
  {
    "t": 57.544108,
    "k": "s"
  },
  {
    "t": 57.624516,
    "k": "a"
  },
  {
    "t": 57.649177,
    "k": "s"
  },
  {
    "t": 57.915474,
    "k": "d"
  },
  {
    "t": 57.961972,
    "k": "a"
  },
  {
    "t": 58.181739,
    "k": "d"
  },
  {
    "t": 58.204939,
    "k": "a"
  },
  {
    "t": 58.390292,
    "k": "s"
  },
  {
    "t": 58.427068,
    "k": "w"
  },
  {
    "t": 58.602483,
    "k": "s"
  },
  {
    "t": 58.972146,
    "k": "d"
  },
  {
    "t": 58.997011,
    "k": "a"
  },
  {
    "t": 59.202053,
    "k": "s"
  },
  {
    "t": 59.285068,
    "k": "w"
  },
  {
    "t": 59.42359,
    "k": "d"
  },
  {
    "t": 59.517731,
    "k": "a"
  },
  {
    "t": 59.641625,
    "k": "s"
  },
  {
    "t": 59.835484,
    "k": "w"
  },
  {
    "t": 59.858412,
    "k": "d"
  },
  {
    "t": 59.998462,
    "k": "d"
  },
  {
    "t": 60.330691,
    "k": "s"
  },
  {
    "t": 60.500452,
    "k": "d"
  },
  {
    "t": 60.652218,
    "k": "d"
  },
  {
    "t": 60.75652,
    "k": "s"
  },
  {
    "t": 60.781908,
    "k": "w"
  },
  {
    "t": 61.09295,
    "k": "a"
  },
  {
    "t": 61.105142,
    "k": "s"
  },
  {
    "t": 61.352189,
    "k": "d"
  },
  {
    "t": 61.397647,
    "k": "a"
  },
  {
    "t": 61.537106,
    "k": "d"
  },
  {
    "t": 61.547512,
    "k": "a"
  },
  {
    "t": 61.871875,
    "k": "s"
  },
  {
    "t": 61.95333,
    "k": "w"
  },
  {
    "t": 62.0807,
    "k": "d"
  },
  {
    "t": 62.196404,
    "k": "a"
  },
  {
    "t": 62.278961,
    "k": "s"
  },
  {
    "t": 62.347279,
    "k": "a"
  },
  {
    "t": 62.442446,
    "k": "d"
  },
  {
    "t": 62.586233,
    "k": "d"
  },
  {
    "t": 62.604928,
    "k": "a"
  },
  {
    "t": 62.764374,
    "k": "s"
  },
  {
    "t": 62.833046,
    "k": "a"
  },
  {
    "t": 62.970397,
    "k": "w"
  },
  {
    "t": 63.076172,
    "k": "w"
  },
  {
    "t": 63.087713,
    "k": "a"
  },
  {
    "t": 63.40074,
    "k": "d"
  },
  {
    "t": 63.423382,
    "k": "s"
  },
  {
    "t": 63.875836,
    "k": "s"
  },
  {
    "t": 63.899638,
    "k": "a"
  },
  {
    "t": 64.160965,
    "k": "d"
  },
  {
    "t": 64.456935,
    "k": "w"
  },
  {
    "t": 64.483032,
    "k": "s"
  },
  {
    "t": 64.666479,
    "k": "a"
  },
  {
    "t": 64.677281,
    "k": "d"
  },
  {
    "t": 65.014969,
    "k": "d"
  },
  {
    "t": 65.063656,
    "k": "a"
  },
  {
    "t": 65.199922,
    "k": "a"
  },
  {
    "t": 65.212723,
    "k": "d"
  },
  {
    "t": 65.382271,
    "k": "s"
  },
  {
    "t": 65.462235,
    "k": "w"
  },
  {
    "t": 65.611331,
    "k": "d"
  },
  {
    "t": 65.66835,
    "k": "a"
  },
  {
    "t": 65.788103,
    "k": "s"
  },
  {
    "t": 65.92405,
    "k": "w"
  },
  {
    "t": 65.947393,
    "k": "d"
  },
  {
    "t": 66.178636,
    "k": "s"
  },
  {
    "t": 66.190011,
    "k": "a"
  },
  {
    "t": 66.537252,
    "k": "w"
  },
  {
    "t": 66.565604,
    "k": "a"
  },
  {
    "t": 66.73654,
    "k": "a"
  },
  {
    "t": 66.760755,
    "k": "w"
  },
  {
    "t": 66.976907,
    "k": "d"
  },
  {
    "t": 67.00239,
    "k": "w"
  },
  {
    "t": 67.311464,
    "k": "s"
  },
  {
    "t": 67.334054,
    "k": "a"
  },
  {
    "t": 67.683356,
    "k": "d"
  },
  {
    "t": 67.696531,
    "k": "a"
  },
  {
    "t": 68.047683,
    "k": "a"
  },
  {
    "t": 68.058312,
    "k": "s"
  },
  {
    "t": 68.426151,
    "k": "d"
  },
  {
    "t": 68.754849,
    "k": "s"
  },
  {
    "t": 68.883664,
    "k": "a"
  },
  {
    "t": 69.013613,
    "k": "d"
  },
  {
    "t": 69.187452,
    "k": "w"
  },
  {
    "t": 69.288672,
    "k": "s"
  },
  {
    "t": 69.612688,
    "k": "a"
  },
  {
    "t": 69.623892,
    "k": "d"
  },
  {
    "t": 69.788187,
    "k": "a"
  },
  {
    "t": 69.810351,
    "k": "d"
  },
  {
    "t": 70.021537,
    "k": "s"
  },
  {
    "t": 70.056194,
    "k": "w"
  },
  {
    "t": 70.378557,
    "k": "w"
  },
  {
    "t": 70.389022,
    "k": "s"
  },
  {
    "t": 70.667246,
    "k": "d"
  },
  {
    "t": 70.67888,
    "k": "a"
  },
  {
    "t": 70.837735,
    "k": "a"
  },
  {
    "t": 70.851053,
    "k": "d"
  },
  {
    "t": 71.281574,
    "k": "s"
  },
  {
    "t": 71.36305,
    "k": "w"
  },
  {
    "t": 71.536016,
    "k": "d"
  },
  {
    "t": 71.674822,
    "k": "a"
  },
  {
    "t": 71.744083,
    "k": "s"
  },
  {
    "t": 71.90257,
    "k": "s"
  },
  {
    "t": 71.915373,
    "k": "a"
  },
  {
    "t": 72.066815,
    "k": "a"
  },
  {
    "t": 72.191739,
    "k": "d"
  },
  {
    "t": 72.287225,
    "k": "w"
  },
  {
    "t": 72.447049,
    "k": "s"
  },
  {
    "t": 72.456869,
    "k": "w"
  },
  {
    "t": 72.744662,
    "k": "d"
  },
  {
    "t": 72.801842,
    "k": "a"
  },
  {
    "t": 72.955476,
    "k": "s"
  },
  {
    "t": 73.180588,
    "k": "w"
  },
  {
    "t": 73.193238,
    "k": "d"
  },
  {
    "t": 73.516739,
    "k": "w"
  },
  {
    "t": 73.529907,
    "k": "d"
  },
  {
    "t": 73.773149,
    "k": "s"
  },
  {
    "t": 73.795743,
    "k": "a"
  },
  {
    "t": 73.959428,
    "k": "s"
  },
  {
    "t": 73.970206,
    "k": "a"
  },
  {
    "t": 74.352859,
    "k": "s"
  },
  {
    "t": 74.3767,
    "k": "a"
  },
  {
    "t": 74.537843,
    "k": "d"
  },
  {
    "t": 74.583857,
    "k": "w"
  },
  {
    "t": 74.782714,
    "k": "s"
  },
  {
    "t": 74.826541,
    "k": "a"
  },
  {
    "t": 74.9527,
    "k": "w"
  },
  {
    "t": 75.101139,
    "k": "a"
  },
  {
    "t": 75.13689,
    "k": "s"
  },
  {
    "t": 75.32318,
    "k": "d"
  },
  {
    "t": 75.331168,
    "k": "w"
  },
  {
    "t": 75.500079,
    "k": "d"
  },
  {
    "t": 75.556088,
    "k": "a"
  },
  {
    "t": 75.868679,
    "k": "s"
  },
  {
    "t": 76.040799,
    "k": "w"
  },
  {
    "t": 76.189262,
    "k": "d"
  },
  {
    "t": 76.340672,
    "k": "a"
  },
  {
    "t": 76.354256,
    "k": "s"
  },
  {
    "t": 76.643473,
    "k": "d"
  },
  {
    "t": 76.687355,
    "k": "w"
  },
  {
    "t": 76.93152,
    "k": "a"
  },
  {
    "t": 76.940089,
    "k": "s"
  },
  {
    "t": 77.094043,
    "k": "w"
  },
  {
    "t": 77.151198,
    "k": "a"
  },
  {
    "t": 77.413019,
    "k": "w"
  },
  {
    "t": 77.598224,
    "k": "s"
  },
  {
    "t": 77.691653,
    "k": "w"
  },
  {
    "t": 77.853236,
    "k": "d"
  },
  {
    "t": 77.980027,
    "k": "a"
  },
  {
    "t": 78.062455,
    "k": "s"
  },
  {
    "t": 78.269573,
    "k": "w"
  },
  {
    "t": 78.293561,
    "k": "d"
  },
  {
    "t": 78.478515,
    "k": "d"
  },
  {
    "t": 78.674838,
    "k": "s"
  },
  {
    "t": 78.685443,
    "k": "a"
  },
  {
    "t": 78.972237,
    "k": "d"
  },
  {
    "t": 79.255255,
    "k": "w"
  },
  {
    "t": 79.450682,
    "k": "s"
  },
  {
    "t": 79.784837,
    "k": "a"
  },
  {
    "t": 79.804476,
    "k": "d"
  },
  {
    "t": 80.174455,
    "k": "s"
  },
  {
    "t": 80.23172,
    "k": "w"
  },
  {
    "t": 80.541281,
    "k": "d"
  },
  {
    "t": 80.565551,
    "k": "a"
  },
  {
    "t": 80.890583,
    "k": "s"
  },
  {
    "t": 81.005378,
    "k": "w"
  },
  {
    "t": 81.192662,
    "k": "d"
  },
  {
    "t": 81.33065,
    "k": "a"
  },
  {
    "t": 81.44562,
    "k": "s"
  },
  {
    "t": 81.770438,
    "k": "w"
  },
  {
    "t": 81.771947,
    "k": "d"
  },
  {
    "t": 82.214312,
    "k": "a"
  },
  {
    "t": 82.225003,
    "k": "d"
  },
  {
    "t": 82.584571,
    "k": "s"
  },
  {
    "t": 82.794127,
    "k": "d"
  },
  {
    "t": 82.830084,
    "k": "a"
  },
  {
    "t": 82.990195,
    "k": "s"
  },
  {
    "t": 83.118128,
    "k": "s"
  },
  {
    "t": 83.27054,
    "k": "s"
  },
  {
    "t": 83.340066,
    "k": "a"
  },
  {
    "t": 83.47827,
    "k": "d"
  },
  {
    "t": 83.721485,
    "k": "a"
  },
  {
    "t": 83.835455,
    "k": "s"
  },
  {
    "t": 83.952185,
    "k": "a"
  },
  {
    "t": 84.166326,
    "k": "a"
  },
  {
    "t": 84.178917,
    "k": "d"
  },
  {
    "t": 84.338356,
    "k": "a"
  },
  {
    "t": 84.352986,
    "k": "d"
  },
  {
    "t": 84.548964,
    "k": "s"
  },
  {
    "t": 84.639701,
    "k": "w"
  },
  {
    "t": 84.751944,
    "k": "s"
  },
  {
    "t": 84.82,
    "k": "w"
  },
  {
    "t": 85.017197,
    "k": "d"
  },
  {
    "t": 85.051065,
    "k": "a"
  },
  {
    "t": 85.302297,
    "k": "s"
  },
  {
    "t": 85.337039,
    "k": "a"
  },
  {
    "t": 85.488159,
    "k": "d"
  },
  {
    "t": 85.742634,
    "k": "d"
  },
  {
    "t": 85.754933,
    "k": "a"
  },
  {
    "t": 85.907997,
    "k": "a"
  },
  {
    "t": 85.929638,
    "k": "d"
  },
  {
    "t": 86.145903,
    "k": "s"
  },
  {
    "t": 86.16937,
    "k": "w"
  },
  {
    "t": 86.327462,
    "k": "s"
  },
  {
    "t": 86.355815,
    "k": "w"
  },
  {
    "t": 86.571865,
    "k": "d"
  },
  {
    "t": 86.593833,
    "k": "a"
  },
  {
    "t": 86.777551,
    "k": "a"
  },
  {
    "t": 86.787274,
    "k": "d"
  },
  {
    "t": 86.974326,
    "k": "s"
  },
  {
    "t": 87.032964,
    "k": "w"
  },
  {
    "t": 87.184128,
    "k": "s"
  },
  {
    "t": 87.23947,
    "k": "w"
  },
  {
    "t": 87.403348,
    "k": "d"
  },
  {
    "t": 87.449781,
    "k": "a"
  },
  {
    "t": 87.601792,
    "k": "a"
  },
  {
    "t": 87.613774,
    "k": "d"
  },
  {
    "t": 87.753721,
    "k": "s"
  },
  {
    "t": 87.806515,
    "k": "w"
  },
  {
    "t": 88.06119,
    "k": "d"
  },
  {
    "t": 88.118583,
    "k": "a"
  },
  {
    "t": 88.247911,
    "k": "w"
  },
  {
    "t": 88.339322,
    "k": "s"
  },
  {
    "t": 88.514612,
    "k": "a"
  },
  {
    "t": 88.60571,
    "k": "d"
  },
  {
    "t": 88.770903,
    "k": "d"
  },
  {
    "t": 88.981057,
    "k": "s"
  },
  {
    "t": 89.000934,
    "k": "a"
  },
  {
    "t": 89.285681,
    "k": "s"
  },
  {
    "t": 89.320816,
    "k": "a"
  },
  {
    "t": 89.424402,
    "k": "d"
  },
  {
    "t": 89.510087,
    "k": "a"
  },
  {
    "t": 89.587095,
    "k": "s"
  },
  {
    "t": 89.769117,
    "k": "s"
  },
  {
    "t": 89.817197,
    "k": "w"
  },
  {
    "t": 89.980579,
    "k": "d"
  },
  {
    "t": 90.0283,
    "k": "a"
  },
  {
    "t": 90.11922,
    "k": "s"
  },
  {
    "t": 90.304636,
    "k": "a"
  },
  {
    "t": 90.328348,
    "k": "d"
  },
  {
    "t": 90.504123,
    "k": "d"
  },
  {
    "t": 90.573319,
    "k": "w"
  },
  {
    "t": 90.630344,
    "k": "s"
  },
  {
    "t": 90.813603,
    "k": "a"
  },
  {
    "t": 90.814325,
    "k": "d"
  },
  {
    "t": 90.948965,
    "k": "d"
  },
  {
    "t": 90.998553,
    "k": "a"
  },
  {
    "t": 91.121369,
    "k": "d"
  },
  {
    "t": 91.156805,
    "k": "a"
  },
  {
    "t": 91.343513,
    "k": "s"
  },
  {
    "t": 91.432152,
    "k": "w"
  },
  {
    "t": 91.559782,
    "k": "d"
  },
  {
    "t": 91.641849,
    "k": "a"
  },
  {
    "t": 91.943544,
    "k": "d"
  },
  {
    "t": 91.977392,
    "k": "a"
  },
  {
    "t": 92.128382,
    "k": "s"
  },
  {
    "t": 92.164001,
    "k": "w"
  },
  {
    "t": 92.282512,
    "k": "d"
  },
  {
    "t": 92.372878,
    "k": "a"
  },
  {
    "t": 92.441805,
    "k": "s"
  },
  {
    "t": 92.604896,
    "k": "s"
  },
  {
    "t": 92.683223,
    "k": "w"
  },
  {
    "t": 92.764454,
    "k": "d"
  },
  {
    "t": 93.003562,
    "k": "a"
  },
  {
    "t": 93.014893,
    "k": "s"
  },
  {
    "t": 93.185256,
    "k": "d"
  },
  {
    "t": 93.19817,
    "k": "a"
  },
  {
    "t": 93.36178,
    "k": "a"
  },
  {
    "t": 93.372427,
    "k": "d"
  },
  {
    "t": 93.52524,
    "k": "a"
  },
  {
    "t": 93.546146,
    "k": "d"
  },
  {
    "t": 93.765903,
    "k": "d"
  },
  {
    "t": 93.775318,
    "k": "a"
  },
  {
    "t": 94.011613,
    "k": "s"
  },
  {
    "t": 94.090583,
    "k": "w"
  },
  {
    "t": 94.236993,
    "k": "d"
  },
  {
    "t": 94.284268,
    "k": "a"
  },
  {
    "t": 94.618102,
    "k": "d"
  },
  {
    "t": 94.63116,
    "k": "a"
  },
  {
    "t": 95.018551,
    "k": "a"
  },
  {
    "t": 95.031744,
    "k": "s"
  },
  {
    "t": 95.38942,
    "k": "d"
  },
  {
    "t": 95.447331,
    "k": "w"
  },
  {
    "t": 95.658732,
    "k": "s"
  },
  {
    "t": 95.750491,
    "k": "a"
  },
  {
    "t": 95.909526,
    "k": "d"
  },
  {
    "t": 96.085721,
    "k": "w"
  },
  {
    "t": 96.418401,
    "k": "d"
  },
  {
    "t": 96.579118,
    "k": "a"
  },
  {
    "t": 96.591708,
    "k": "d"
  },
  {
    "t": 96.870519,
    "k": "d"
  },
  {
    "t": 96.904629,
    "k": "a"
  },
  {
    "t": 97.126603,
    "k": "s"
  },
  {
    "t": 97.150644,
    "k": "w"
  },
  {
    "t": 97.345515,
    "k": "d"
  },
  {
    "t": 97.413698,
    "k": "a"
  },
  {
    "t": 97.530329,
    "k": "s"
  },
  {
    "t": 97.665036,
    "k": "w"
  },
  {
    "t": 97.778031,
    "k": "d"
  },
  {
    "t": 97.938561,
    "k": "a"
  },
  {
    "t": 97.949641,
    "k": "d"
  },
  {
    "t": 98.172563,
    "k": "s"
  },
  {
    "t": 98.507135,
    "k": "a"
  },
  {
    "t": 98.517052,
    "k": "d"
  },
  {
    "t": 98.757186,
    "k": "s"
  },
  {
    "t": 98.816496,
    "k": "w"
  },
  {
    "t": 98.98885,
    "k": "d"
  },
  {
    "t": 99.095143,
    "k": "a"
  },
  {
    "t": 99.257282,
    "k": "s"
  },
  {
    "t": 99.431255,
    "k": "w"
  },
  {
    "t": 99.650648,
    "k": "d"
  },
  {
    "t": 99.688474,
    "k": "a"
  },
  {
    "t": 100.057002,
    "k": "a"
  },
  {
    "t": 100.071442,
    "k": "d"
  },
  {
    "t": 100.46795,
    "k": "s"
  },
  {
    "t": 100.478122,
    "k": "w"
  },
  {
    "t": 100.814773,
    "k": "a"
  },
  {
    "t": 100.872128,
    "k": "d"
  },
  {
    "t": 101.197682,
    "k": "d"
  },
  {
    "t": 101.206597,
    "k": "a"
  },
  {
    "t": 101.541949,
    "k": "s"
  },
  {
    "t": 101.635722,
    "k": "w"
  },
  {
    "t": 101.777507,
    "k": "d"
  },
  {
    "t": 101.917656,
    "k": "a"
  },
  {
    "t": 101.997861,
    "k": "s"
  },
  {
    "t": 102.311363,
    "k": "w"
  },
  {
    "t": 102.336615,
    "k": "d"
  },
  {
    "t": 102.54569,
    "k": "d"
  },
  {
    "t": 102.577583,
    "k": "a"
  },
  {
    "t": 102.776146,
    "k": "w"
  },
  {
    "t": 102.801372,
    "k": "a"
  },
  {
    "t": 103.131898,
    "k": "w"
  },
  {
    "t": 103.164662,
    "k": "s"
  },
  {
    "t": 103.409407,
    "k": "s"
  },
  {
    "t": 103.434625,
    "k": "a"
  },
  {
    "t": 103.628882,
    "k": "d"
  },
  {
    "t": 103.685749,
    "k": "w"
  },
  {
    "t": 103.922163,
    "k": "s"
  },
  {
    "t": 104.002311,
    "k": "a"
  },
  {
    "t": 104.137629,
    "k": "d"
  },
  {
    "t": 104.254097,
    "k": "a"
  },
  {
    "t": 104.416926,
    "k": "a"
  },
  {
    "t": 104.429295,
    "k": "d"
  },
  {
    "t": 104.714866,
    "k": "a"
  },
  {
    "t": 104.723119,
    "k": "d"
  },
  {
    "t": 105.064139,
    "k": "s"
  },
  {
    "t": 105.072773,
    "k": "w"
  },
  {
    "t": 105.268567,
    "k": "d"
  },
  {
    "t": 105.314829,
    "k": "a"
  },
  {
    "t": 105.505841,
    "k": "s"
  },
  {
    "t": 105.62042,
    "k": "w"
  },
  {
    "t": 105.921559,
    "k": "d"
  },
  {
    "t": 105.947424,
    "k": "a"
  },
  {
    "t": 106.284503,
    "k": "s"
  },
  {
    "t": 106.303474,
    "k": "w"
  },
  {
    "t": 106.705353,
    "k": "d"
  },
  {
    "t": 106.705353,
    "k": "a"
  },
  {
    "t": 107.07278,
    "k": "s"
  },
  {
    "t": 107.083761,
    "k": "a"
  },
  {
    "t": 107.444433,
    "k": "w"
  },
  {
    "t": 107.480632,
    "k": "a"
  },
  {
    "t": 107.824777,
    "k": "s"
  },
  {
    "t": 108.202871,
    "k": "d"
  },
  {
    "t": 108.590677,
    "k": "s"
  },
  {
    "t": 108.927598,
    "k": "a"
  },
  {
    "t": 108.95,
    "k": "d"
  },
  {
    "t": 109.158519,
    "k": "s"
  },
  {
    "t": 109.206862,
    "k": "w"
  },
  {
    "t": 109.365688,
    "k": "d"
  },
  {
    "t": 109.411222,
    "k": "a"
  },
  {
    "t": 109.551837,
    "k": "s"
  },
  {
    "t": 109.67689,
    "k": "w"
  },
  {
    "t": 109.745748,
    "k": "d"
  },
  {
    "t": 110.133725,
    "k": "a"
  },
  {
    "t": 110.147626,
    "k": "d"
  },
  {
    "t": 110.552401,
    "k": "a"
  },
  {
    "t": 110.568159,
    "k": "s"
  },
  {
    "t": 110.953413,
    "k": "w"
  },
  {
    "t": 111.003333,
    "k": "d"
  },
  {
    "t": 111.369408,
    "k": "a"
  },
  {
    "t": 111.380523,
    "k": "s"
  },
  {
    "t": 111.771744,
    "k": "w"
  },
  {
    "t": 111.786773,
    "k": "d"
  },
  {
    "t": 112.15537,
    "k": "w"
  },
  {
    "t": 112.168705,
    "k": "a"
  },
  {
    "t": 112.522894,
    "k": "s"
  },
  {
    "t": 112.605525,
    "k": "w"
  },
  {
    "t": 112.695255,
    "k": "w"
  },
  {
    "t": 112.88907,
    "k": "d"
  },
  {
    "t": 112.95834,
    "k": "a"
  },
  {
    "t": 113.340473,
    "k": "d"
  },
  {
    "t": 113.351459,
    "k": "a"
  },
  {
    "t": 113.706683,
    "k": "s"
  },
  {
    "t": 113.729122,
    "k": "w"
  },
  {
    "t": 114.073062,
    "k": "a"
  },
  {
    "t": 114.098442,
    "k": "d"
  },
  {
    "t": 114.486775,
    "k": "a"
  },
  {
    "t": 114.498995,
    "k": "d"
  },
  {
    "t": 114.834912,
    "k": "d"
  },
  {
    "t": 114.858849,
    "k": "a"
  },
  {
    "t": 115.213451,
    "k": "s"
  },
  {
    "t": 115.24852,
    "k": "w"
  },
  {
    "t": 115.457397,
    "k": "d"
  },
  {
    "t": 115.490859,
    "k": "a"
  },
  {
    "t": 115.622786,
    "k": "s"
  },
  {
    "t": 115.732478,
    "k": "w"
  },
  {
    "t": 115.837327,
    "k": "d"
  },
  {
    "t": 116.024171,
    "k": "a"
  },
  {
    "t": 116.033612,
    "k": "s"
  },
  {
    "t": 116.394435,
    "k": "d"
  },
  {
    "t": 116.413922,
    "k": "a"
  },
  {
    "t": 116.572471,
    "k": "s"
  },
  {
    "t": 116.75948,
    "k": "a"
  },
  {
    "t": 116.816594,
    "k": "d"
  },
  {
    "t": 117.040409,
    "k": "a"
  },
  {
    "t": 117.049341,
    "k": "d"
  },
  {
    "t": 117.41374,
    "k": "a"
  },
  {
    "t": 117.44126,
    "k": "d"
  },
  {
    "t": 117.600118,
    "k": "a"
  },
  {
    "t": 117.612658,
    "k": "d"
  },
  {
    "t": 117.982944,
    "k": "s"
  },
  {
    "t": 117.998066,
    "k": "w"
  },
  {
    "t": 118.366065,
    "k": "a"
  },
  {
    "t": 118.377312,
    "k": "d"
  },
  {
    "t": 118.918409,
    "k": "a"
  },
  {
    "t": 118.965214,
    "k": "d"
  },
  {
    "t": 119.119726,
    "k": "d"
  },
  {
    "t": 119.129049,
    "k": "a"
  },
  {
    "t": 119.255128,
    "k": "d"
  },
  {
    "t": 119.566952,
    "k": "s"
  },
  {
    "t": 119.703153,
    "k": "w"
  },
  {
    "t": 119.937488,
    "k": "d"
  },
  {
    "t": 119.967555,
    "k": "a"
  },
  {
    "t": 120.283345,
    "k": "d"
  },
  {
    "t": 120.297163,
    "k": "a"
  },
  {
    "t": 120.553683,
    "k": "s"
  },
  {
    "t": 120.619559,
    "k": "w"
  },
  {
    "t": 120.82537,
    "k": "d"
  },
  {
    "t": 120.838296,
    "k": "a"
  },
  {
    "t": 121.134428,
    "k": "d"
  },
  {
    "t": 121.192375,
    "k": "a"
  },
  {
    "t": 121.400097,
    "k": "s"
  },
  {
    "t": 121.484098,
    "k": "a"
  },
  {
    "t": 121.596133,
    "k": "w"
  },
  {
    "t": 121.78429,
    "k": "a"
  },
  {
    "t": 121.861893,
    "k": "s"
  },
  {
    "t": 122.070554,
    "k": "d"
  },
  {
    "t": 122.083662,
    "k": "a"
  },
  {
    "t": 122.310927,
    "k": "d"
  },
  {
    "t": 122.323423,
    "k": "a"
  },
  {
    "t": 122.656113,
    "k": "s"
  },
  {
    "t": 122.759869,
    "k": "w"
  },
  {
    "t": 122.991986,
    "k": "d"
  },
  {
    "t": 123.029009,
    "k": "a"
  },
  {
    "t": 123.363783,
    "k": "a"
  },
  {
    "t": 123.373268,
    "k": "d"
  },
  {
    "t": 123.629171,
    "k": "s"
  },
  {
    "t": 123.757472,
    "k": "w"
  },
  {
    "t": 123.987043,
    "k": "d"
  },
  {
    "t": 123.996369,
    "k": "a"
  },
  {
    "t": 124.283984,
    "k": "d"
  },
  {
    "t": 124.296967,
    "k": "a"
  },
  {
    "t": 124.50653,
    "k": "s"
  },
  {
    "t": 124.566262,
    "k": "w"
  },
  {
    "t": 124.724038,
    "k": "d"
  },
  {
    "t": 124.808467,
    "k": "a"
  },
  {
    "t": 125.052064,
    "k": "a"
  },
  {
    "t": 125.074215,
    "k": "w"
  },
  {
    "t": 125.383992,
    "k": "a"
  },
  {
    "t": 125.40778,
    "k": "w"
  },
  {
    "t": 125.721132,
    "k": "s"
  },
  {
    "t": 125.803318,
    "k": "w"
  },
  {
    "t": 125.939759,
    "k": "d"
  },
  {
    "t": 126.15909,
    "k": "a"
  },
  {
    "t": 126.181875,
    "k": "d"
  },
  {
    "t": 126.508568,
    "k": "d"
  },
  {
    "t": 126.516543,
    "k": "a"
  },
  {
    "t": 126.761915,
    "k": "w"
  },
  {
    "t": 126.853179,
    "k": "s"
  },
  {
    "t": 127.08308,
    "k": "d"
  },
  {
    "t": 127.118684,
    "k": "a"
  },
  {
    "t": 127.440173,
    "k": "a"
  },
  {
    "t": 127.440173,
    "k": "d"
  },
  {
    "t": 127.68355,
    "k": "w"
  },
  {
    "t": 127.775264,
    "k": "s"
  },
  {
    "t": 127.960215,
    "k": "a"
  },
  {
    "t": 128.05349,
    "k": "d"
  },
  {
    "t": 128.22857,
    "k": "d"
  },
  {
    "t": 128.5348,
    "k": "s"
  },
  {
    "t": 128.549457,
    "k": "a"
  },
  {
    "t": 128.880587,
    "k": "d"
  },
  {
    "t": 128.916764,
    "k": "a"
  },
  {
    "t": 129.087075,
    "k": "s"
  },
  {
    "t": 129.109958,
    "k": "a"
  },
  {
    "t": 129.28308,
    "k": "s"
  },
  {
    "t": 129.330965,
    "k": "w"
  },
  {
    "t": 129.653492,
    "k": "d"
  },
  {
    "t": 129.666284,
    "k": "a"
  },
  {
    "t": 130.07099,
    "k": "a"
  },
  {
    "t": 130.083609,
    "k": "s"
  },
  {
    "t": 130.454836,
    "k": "w"
  },
  {
    "t": 130.464796,
    "k": "d"
  },
  {
    "t": 130.824698,
    "k": "s"
  },
  {
    "t": 130.920303,
    "k": "a"
  },
  {
    "t": 131.136993,
    "k": "d"
  },
  {
    "t": 131.265421,
    "k": "w"
  },
  {
    "t": 131.57497,
    "k": "a"
  },
  {
    "t": 131.586847,
    "k": "s"
  },
  {
    "t": 131.96723,
    "k": "d"
  },
  {
    "t": 132.153606,
    "k": "w"
  },
  {
    "t": 132.3846,
    "k": "s"
  },
  {
    "t": 132.42196,
    "k": "a"
  },
  {
    "t": 132.682738,
    "k": "d"
  },
  {
    "t": 132.739668,
    "k": "a"
  },
  {
    "t": 132.997856,
    "k": "d"
  },
  {
    "t": 133.007519,
    "k": "a"
  },
  {
    "t": 133.155537,
    "k": "a"
  },
  {
    "t": 133.178833,
    "k": "d"
  },
  {
    "t": 133.595143,
    "k": "s"
  },
  {
    "t": 133.731185,
    "k": "w"
  },
  {
    "t": 133.9732,
    "k": "d"
  },
  {
    "t": 133.996916,
    "k": "a"
  },
  {
    "t": 134.192344,
    "k": "d"
  },
  {
    "t": 134.274572,
    "k": "w"
  },
  {
    "t": 134.425145,
    "k": "s"
  },
  {
    "t": 134.75158,
    "k": "w"
  },
  {
    "t": 134.788998,
    "k": "a"
  },
  {
    "t": 135.122507,
    "k": "d"
  },
  {
    "t": 135.146617,
    "k": "a"
  },
  {
    "t": 135.37636,
    "k": "a"
  },
  {
    "t": 135.53594,
    "k": "s"
  },
  {
    "t": 135.573843,
    "k": "w"
  },
  {
    "t": 135.881329,
    "k": "d"
  },
  {
    "t": 135.891807,
    "k": "a"
  },
  {
    "t": 136.157772,
    "k": "d"
  },
  {
    "t": 136.170538,
    "k": "a"
  },
  {
    "t": 136.341329,
    "k": "a"
  },
  {
    "t": 136.353461,
    "k": "s"
  },
  {
    "t": 136.737398,
    "k": "d"
  },
  {
    "t": 136.897289,
    "k": "w"
  },
  {
    "t": 137.127732,
    "k": "s"
  },
  {
    "t": 137.164452,
    "k": "w"
  },
  {
    "t": 137.465943,
    "k": "d"
  },
  {
    "t": 137.523118,
    "k": "a"
  },
  {
    "t": 137.90508,
    "k": "w"
  },
  {
    "t": 137.915175,
    "k": "s"
  },
  {
    "t": 138.261279,
    "k": "d"
  },
  {
    "t": 138.272821,
    "k": "a"
  },
  {
    "t": 138.67731,
    "k": "s"
  },
  {
    "t": 138.724383,
    "k": "w"
  },
  {
    "t": 139.007222,
    "k": "w"
  },
  {
    "t": 139.013376,
    "k": "s"
  },
  {
    "t": 139.230127,
    "k": "d"
  },
  {
    "t": 139.253511,
    "k": "a"
  },
  {
    "t": 139.380281,
    "k": "a"
  },
  {
    "t": 139.390991,
    "k": "d"
  },
  {
    "t": 139.796089,
    "k": "d"
  },
  {
    "t": 140.072376,
    "k": "w"
  },
  {
    "t": 140.303331,
    "k": "s"
  },
  {
    "t": 140.529569,
    "k": "w"
  },
  {
    "t": 140.712905,
    "k": "d"
  },
  {
    "t": 140.968389,
    "k": "a"
  },
  {
    "t": 140.978386,
    "k": "s"
  },
  {
    "t": 141.355272,
    "k": "d"
  },
  {
    "t": 141.53891,
    "k": "s"
  },
  {
    "t": 141.75785,
    "k": "w"
  },
  {
    "t": 141.802363,
    "k": "d"
  },
  {
    "t": 142.134725,
    "k": "a"
  },
  {
    "t": 142.203128,
    "k": "s"
  },
  {
    "t": 142.565846,
    "k": "s"
  },
  {
    "t": 142.969175,
    "k": "d"
  },
  {
    "t": 143.291491,
    "k": "w"
  },
  {
    "t": 143.513585,
    "k": "s"
  },
  {
    "t": 143.651525,
    "k": "a"
  },
  {
    "t": 143.755357,
    "k": "d"
  },
  {
    "t": 143.938917,
    "k": "d"
  },
  {
    "t": 144.158744,
    "k": "a"
  },
  {
    "t": 144.188196,
    "k": "d"
  },
  {
    "t": 144.557259,
    "k": "d"
  },
  {
    "t": 144.932987,
    "k": "s"
  },
  {
    "t": 145.06324,
    "k": "w"
  },
  {
    "t": 145.243629,
    "k": "d"
  },
  {
    "t": 145.371699,
    "k": "a"
  },
  {
    "t": 145.638738,
    "k": "s"
  },
  {
    "t": 145.971735,
    "k": "w"
  },
  {
    "t": 146.177828,
    "k": "d"
  },
  {
    "t": 146.303976,
    "k": "a"
  },
  {
    "t": 146.338611,
    "k": "s"
  },
  {
    "t": 146.535038,
    "k": "w"
  },
  {
    "t": 146.686842,
    "k": "d"
  },
  {
    "t": 146.943638,
    "k": "a"
  },
  {
    "t": 147.053975,
    "k": "s"
  },
  {
    "t": 147.283494,
    "k": "w"
  },
  {
    "t": 147.397812,
    "k": "d"
  },
  {
    "t": 147.708638,
    "k": "s"
  },
  {
    "t": 147.721489,
    "k": "a"
  },
  {
    "t": 147.881076,
    "k": "d"
  },
  {
    "t": 147.905222,
    "k": "w"
  },
  {
    "t": 148.172451,
    "k": "s"
  },
  {
    "t": 148.380402,
    "k": "a"
  },
  {
    "t": 148.539603,
    "k": "d"
  },
  {
    "t": 148.791556,
    "k": "w"
  },
  {
    "t": 148.944088,
    "k": "s"
  },
  {
    "t": 149.245995,
    "k": "a"
  },
  {
    "t": 149.334178,
    "k": "d"
  },
  {
    "t": 149.41895,
    "k": "w"
  },
  {
    "t": 149.496145,
    "k": "s"
  },
  {
    "t": 149.782896,
    "k": "d"
  },
  {
    "t": 149.913573,
    "k": "a"
  },
  {
    "t": 150.032344,
    "k": "s"
  },
  {
    "t": 150.144468,
    "k": "w"
  },
  {
    "t": 150.248653,
    "k": "d"
  },
  {
    "t": 150.386686,
    "k": "a"
  },
  {
    "t": 150.460997,
    "k": "s"
  },
  {
    "t": 150.616542,
    "k": "w"
  },
  {
    "t": 150.628208,
    "k": "d"
  },
  {
    "t": 150.81036,
    "k": "s"
  },
  {
    "t": 150.914352,
    "k": "a"
  },
  {
    "t": 151.054987,
    "k": "d"
  },
  {
    "t": 151.116375,
    "k": "w"
  },
  {
    "t": 151.281492,
    "k": "s"
  },
  {
    "t": 151.374765,
    "k": "a"
  },
  {
    "t": 151.489923,
    "k": "d"
  },
  {
    "t": 151.767128,
    "k": "d"
  },
  {
    "t": 151.848384,
    "k": "w"
  },
  {
    "t": 151.966139,
    "k": "s"
  },
  {
    "t": 152.078848,
    "k": "a"
  },
  {
    "t": 152.1487,
    "k": "d"
  },
  {
    "t": 152.367227,
    "k": "w"
  },
  {
    "t": 152.583869,
    "k": "d"
  },
  {
    "t": 152.687405,
    "k": "a"
  },
  {
    "t": 152.780958,
    "k": "s"
  },
  {
    "t": 152.899999,
    "k": "w"
  },
  {
    "t": 153.010506,
    "k": "d"
  },
  {
    "t": 153.348574,
    "k": "d"
  },
  {
    "t": 153.372996,
    "k": "a"
  },
  {
    "t": 153.567267,
    "k": "d"
  },
  {
    "t": 153.638135,
    "k": "w"
  },
  {
    "t": 153.757464,
    "k": "s"
  },
  {
    "t": 153.895182,
    "k": "d"
  },
  {
    "t": 154.128551,
    "k": "a"
  },
  {
    "t": 154.160446,
    "k": "d"
  },
  {
    "t": 154.359073,
    "k": "w"
  },
  {
    "t": 154.372344,
    "k": "s"
  },
  {
    "t": 154.476222,
    "k": "s"
  },
  {
    "t": 154.637564,
    "k": "d"
  },
  {
    "t": 154.871674,
    "k": "a"
  },
  {
    "t": 154.893013,
    "k": "d"
  },
  {
    "t": 155.102167,
    "k": "w"
  },
  {
    "t": 155.113723,
    "k": "s"
  },
  {
    "t": 155.310823,
    "k": "d"
  },
  {
    "t": 155.356351,
    "k": "a"
  },
  {
    "t": 155.64761,
    "k": "s"
  },
  {
    "t": 155.764598,
    "k": "w"
  },
  {
    "t": 155.870019,
    "k": "d"
  },
  {
    "t": 155.993863,
    "k": "a"
  },
  {
    "t": 156.075844,
    "k": "s"
  },
  {
    "t": 156.237133,
    "k": "d"
  },
  {
    "t": 156.250293,
    "k": "w"
  },
  {
    "t": 156.473205,
    "k": "s"
  },
  {
    "t": 156.538306,
    "k": "a"
  },
  {
    "t": 156.646684,
    "k": "d"
  },
  {
    "t": 156.801657,
    "k": "w"
  },
  {
    "t": 156.878186,
    "k": "s"
  },
  {
    "t": 157.042592,
    "k": "d"
  },
  {
    "t": 157.085837,
    "k": "a"
  },
  {
    "t": 157.281412,
    "k": "d"
  },
  {
    "t": 157.444503,
    "k": "w"
  },
  {
    "t": 157.523716,
    "k": "s"
  },
  {
    "t": 157.695793,
    "k": "d"
  },
  {
    "t": 157.707352,
    "k": "a"
  },
  {
    "t": 157.907003,
    "k": "d"
  },
  {
    "t": 157.999816,
    "k": "w"
  },
  {
    "t": 158.158243,
    "k": "s"
  },
  {
    "t": 158.295158,
    "k": "a"
  },
  {
    "t": 158.370877,
    "k": "d"
  },
  {
    "t": 158.566828,
    "k": "w"
  },
  {
    "t": 158.691612,
    "k": "s"
  },
  {
    "t": 158.876337,
    "k": "a"
  },
  {
    "t": 158.935229,
    "k": "d"
  },
  {
    "t": 159.203227,
    "k": "d"
  },
  {
    "t": 159.286737,
    "k": "w"
  },
  {
    "t": 159.494828,
    "k": "s"
  },
  {
    "t": 159.602629,
    "k": "a"
  },
  {
    "t": 159.690294,
    "k": "d"
  },
  {
    "t": 159.890146,
    "k": "w"
  },
  {
    "t": 160.02883,
    "k": "s"
  },
  {
    "t": 160.180089,
    "k": "a"
  },
  {
    "t": 160.240933,
    "k": "d"
  },
  {
    "t": 160.447252,
    "k": "w"
  },
  {
    "t": 160.572379,
    "k": "s"
  },
  {
    "t": 160.736236,
    "k": "a"
  },
  {
    "t": 160.7845,
    "k": "d"
  },
  {
    "t": 160.989496,
    "k": "w"
  },
  {
    "t": 161.117439,
    "k": "s"
  },
  {
    "t": 161.290837,
    "k": "a"
  },
  {
    "t": 161.315855,
    "k": "d"
  },
  {
    "t": 161.580575,
    "k": "w"
  },
  {
    "t": 161.594801,
    "k": "s"
  },
  {
    "t": 161.780103,
    "k": "d"
  },
  {
    "t": 161.928408,
    "k": "a"
  },
  {
    "t": 161.964205,
    "k": "d"
  },
  {
    "t": 162.216395,
    "k": "s"
  },
  {
    "t": 162.241817,
    "k": "w"
  },
  {
    "t": 162.428205,
    "k": "d"
  },
  {
    "t": 162.567921,
    "k": "a"
  },
  {
    "t": 162.669915,
    "k": "s"
  },
  {
    "t": 162.835876,
    "k": "a"
  },
  {
    "t": 162.867822,
    "k": "d"
  },
  {
    "t": 163.021681,
    "k": "a"
  },
  {
    "t": 163.112737,
    "k": "d"
  },
  {
    "t": 163.250441,
    "k": "a"
  },
  {
    "t": 163.355455,
    "k": "d"
  },
  {
    "t": 163.473136,
    "k": "a"
  },
  {
    "t": 163.531445,
    "k": "d"
  },
  {
    "t": 163.787977,
    "k": "w"
  },
  {
    "t": 163.866592,
    "k": "s"
  },
  {
    "t": 164.064161,
    "k": "a"
  },
  {
    "t": 164.168794,
    "k": "d"
  },
  {
    "t": 164.342743,
    "k": "w"
  },
  {
    "t": 164.402257,
    "k": "s"
  },
  {
    "t": 164.605665,
    "k": "d"
  },
  {
    "t": 164.616214,
    "k": "a"
  },
  {
    "t": 164.845908,
    "k": "s"
  },
  {
    "t": 164.973576,
    "k": "a"
  },
  {
    "t": 165.088243,
    "k": "d"
  },
  {
    "t": 165.218832,
    "k": "a"
  },
  {
    "t": 165.332399,
    "k": "d"
  },
  {
    "t": 165.458163,
    "k": "a"
  },
  {
    "t": 165.575372,
    "k": "d"
  },
  {
    "t": 165.701538,
    "k": "a"
  },
  {
    "t": 165.809903,
    "k": "d"
  },
  {
    "t": 165.973713,
    "k": "a"
  },
  {
    "t": 166.083661,
    "k": "d"
  },
  {
    "t": 166.290368,
    "k": "d"
  },
  {
    "t": 166.75855,
    "k": "d"
  },
  {
    "t": 166.853337,
    "k": "a"
  },
  {
    "t": 166.977532,
    "k": "d"
  },
  {
    "t": 167.228956,
    "k": "a"
  },
  {
    "t": 167.260445,
    "k": "d"
  },
  {
    "t": 167.454162,
    "k": "a"
  },
  {
    "t": 167.675259,
    "k": "d"
  },
  {
    "t": 167.813305,
    "k": "s"
  },
  {
    "t": 167.908074,
    "k": "d"
  },
  {
    "t": 168.178987,
    "k": "d"
  },
  {
    "t": 168.318191,
    "k": "a"
  },
  {
    "t": 168.45314,
    "k": "d"
  },
  {
    "t": 168.731931,
    "k": "w"
  },
  {
    "t": 168.863233,
    "k": "s"
  },
  {
    "t": 169.04719,
    "k": "a"
  },
  {
    "t": 169.186058,
    "k": "d"
  },
  {
    "t": 169.358296,
    "k": "w"
  },
  {
    "t": 169.450615,
    "k": "d"
  },
  {
    "t": 169.82377,
    "k": "d"
  },
  {
    "t": 169.962196,
    "k": "a"
  },
  {
    "t": 170.110355,
    "k": "s"
  },
  {
    "t": 170.309343,
    "k": "a"
  },
  {
    "t": 170.483836,
    "k": "d"
  },
  {
    "t": 170.692543,
    "k": "a"
  },
  {
    "t": 170.869157,
    "k": "s"
  },
  {
    "t": 171.069814,
    "k": "a"
  },
  {
    "t": 171.217197,
    "k": "s"
  },
  {
    "t": 171.50284,
    "k": "s"
  },
  {
    "t": 171.629256,
    "k": "d"
  },
  {
    "t": 171.83991,
    "k": "s"
  },
  {
    "t": 172.014595,
    "k": "d"
  },
  {
    "t": 172.199836,
    "k": "s"
  },
  {
    "t": 172.381755,
    "k": "d"
  },
  {
    "t": 172.553195,
    "k": "s"
  },
  {
    "t": 172.725479,
    "k": "d"
  },
  {
    "t": 172.969156,
    "k": "a"
  },
  {
    "t": 173.03807,
    "k": "w"
  },
  {
    "t": 173.211835,
    "k": "s"
  },
  {
    "t": 173.282402,
    "k": "w"
  },
  {
    "t": 173.516543,
    "k": "d"
  },
  {
    "t": 173.56392,
    "k": "a"
  },
  {
    "t": 173.712799,
    "k": "s"
  },
  {
    "t": 173.78019,
    "k": "w"
  },
  {
    "t": 173.928925,
    "k": "d"
  },
  {
    "t": 174.057224,
    "k": "a"
  },
  {
    "t": 174.135516,
    "k": "s"
  },
  {
    "t": 174.300122,
    "k": "w"
  },
  {
    "t": 174.45939,
    "k": "d"
  },
  {
    "t": 174.538712,
    "k": "a"
  },
  {
    "t": 174.792381,
    "k": "a"
  },
  {
    "t": 175.033291,
    "k": "d"
  },
  {
    "t": 175.079888,
    "k": "a"
  },
  {
    "t": 175.221576,
    "k": "a"
  },
  {
    "t": 175.221576,
    "k": "d"
  },
  {
    "t": 175.708096,
    "k": "d"
  },
  {
    "t": 176.07237,
    "k": "d"
  },
  {
    "t": 176.09149,
    "k": "a"
  },
  {
    "t": 176.417707,
    "k": "s"
  },
  {
    "t": 176.800003,
    "k": "w"
  },
  {
    "t": 177.235437,
    "k": "d"
  },
  {
    "t": 177.570659,
    "k": "a"
  },
  {
    "t": 177.731102,
    "k": "s"
  },
  {
    "t": 177.871799,
    "k": "w"
  },
  {
    "t": 177.965133,
    "k": "d"
  },
  {
    "t": 178.12909,
    "k": "s"
  },
  {
    "t": 178.15191,
    "k": "a"
  },
  {
    "t": 178.393674,
    "k": "a"
  },
  {
    "t": 178.411031,
    "k": "d"
  },
  {
    "t": 178.788376,
    "k": "d"
  },
  {
    "t": 179.174649,
    "k": "s"
  },
  {
    "t": 179.482867,
    "k": "w"
  },
  {
    "t": 179.887584,
    "k": "a"
  },
  {
    "t": 179.897673,
    "k": "d"
  },
  {
    "t": 180.339689,
    "k": "s"
  },
  {
    "t": 180.383854,
    "k": "a"
  },
  {
    "t": 180.721185,
    "k": "d"
  },
  {
    "t": 180.765577,
    "k": "a"
  },
  {
    "t": 181.10237,
    "k": "d"
  },
  {
    "t": 181.229252,
    "k": "w"
  },
  {
    "t": 181.412919,
    "k": "s"
  },
  {
    "t": 181.538229,
    "k": "a"
  },
  {
    "t": 181.566573,
    "k": "d"
  },
  {
    "t": 181.888026,
    "k": "d"
  },
  {
    "t": 182.246282,
    "k": "s"
  },
  {
    "t": 182.29548,
    "k": "a"
  },
  {
    "t": 182.652324,
    "k": "d"
  },
  {
    "t": 182.989252,
    "k": "w"
  },
  {
    "t": 183.330645,
    "k": "s"
  },
  {
    "t": 183.701678,
    "k": "a"
  },
  {
    "t": 183.792232,
    "k": "d"
  },
  {
    "t": 183.988679,
    "k": "w"
  },
  {
    "t": 184.070648,
    "k": "s"
  },
  {
    "t": 184.254947,
    "k": "d"
  },
  {
    "t": 184.265853,
    "k": "a"
  },
  {
    "t": 184.48698,
    "k": "s"
  },
  {
    "t": 184.67413,
    "k": "d"
  },
  {
    "t": 184.982659,
    "k": "a"
  },
  {
    "t": 184.993007,
    "k": "d"
  },
  {
    "t": 185.169285,
    "k": "d"
  },
  {
    "t": 185.36842,
    "k": "s"
  },
  {
    "t": 185.662454,
    "k": "s"
  },
  {
    "t": 185.992315,
    "k": "d"
  },
  {
    "t": 186.157877,
    "k": "s"
  },
  {
    "t": 186.555891,
    "k": "d"
  },
  {
    "t": 186.567264,
    "k": "a"
  },
  {
    "t": 186.961701,
    "k": "s"
  },
  {
    "t": 187.029792,
    "k": "w"
  },
  {
    "t": 187.360021,
    "k": "d"
  },
  {
    "t": 187.496001,
    "k": "a"
  },
  {
    "t": 187.667331,
    "k": "s"
  },
  {
    "t": 187.804246,
    "k": "s"
  },
  {
    "t": 188.148551,
    "k": "d"
  },
  {
    "t": 188.312432,
    "k": "a"
  },
  {
    "t": 188.471641,
    "k": "s"
  },
  {
    "t": 188.574939,
    "k": "w"
  },
  {
    "t": 188.883487,
    "k": "s"
  },
  {
    "t": 188.896303,
    "k": "w"
  },
  {
    "t": 189.154306,
    "k": "d"
  },
  {
    "t": 189.292187,
    "k": "a"
  },
  {
    "t": 189.407731,
    "k": "s"
  },
  {
    "t": 189.736313,
    "k": "d"
  },
  {
    "t": 189.954544,
    "k": "s"
  },
  {
    "t": 190.117359,
    "k": "a"
  },
  {
    "t": 190.316743,
    "k": "d"
  },
  {
    "t": 190.535916,
    "k": "w"
  },
  {
    "t": 190.78094,
    "k": "s"
  },
  {
    "t": 190.983375,
    "k": "a"
  },
  {
    "t": 190.989879,
    "k": "d"
  },
  {
    "t": 191.329233,
    "k": "s"
  },
  {
    "t": 191.505419,
    "k": "w"
  },
  {
    "t": 191.696906,
    "k": "d"
  },
  {
    "t": 192.010409,
    "k": "d"
  },
  {
    "t": 192.263616,
    "k": "a"
  },
  {
    "t": 192.426615,
    "k": "s"
  },
  {
    "t": 192.798331,
    "k": "w"
  },
  {
    "t": 192.961386,
    "k": "d"
  },
  {
    "t": 193.151046,
    "k": "a"
  },
  {
    "t": 193.284847,
    "k": "s"
  },
  {
    "t": 193.473228,
    "k": "w"
  },
  {
    "t": 193.645043,
    "k": "d"
  },
  {
    "t": 193.973855,
    "k": "d"
  },
  {
    "t": 194.378034,
    "k": "s"
  },
  {
    "t": 194.564916,
    "k": "a"
  },
  {
    "t": 194.803702,
    "k": "d"
  },
  {
    "t": 194.841855,
    "k": "w"
  },
  {
    "t": 195.127064,
    "k": "d"
  },
  {
    "t": 195.37979,
    "k": "s"
  },
  {
    "t": 195.565038,
    "k": "d"
  },
  {
    "t": 195.923929,
    "k": "s"
  },
  {
    "t": 196.086514,
    "k": "a"
  },
  {
    "t": 196.301035,
    "k": "d"
  },
  {
    "t": 196.382021,
    "k": "w"
  },
  {
    "t": 196.625348,
    "k": "s"
  },
  {
    "t": 196.859985,
    "k": "d"
  },
  {
    "t": 197.161454,
    "k": "d"
  },
  {
    "t": 197.480522,
    "k": "a"
  },
  {
    "t": 197.666986,
    "k": "s"
  },
  {
    "t": 197.848379,
    "k": "w"
  },
  {
    "t": 198.228485,
    "k": "d"
  },
  {
    "t": 198.250699,
    "k": "a"
  },
  {
    "t": 198.621032,
    "k": "s"
  },
  {
    "t": 198.712387,
    "k": "w"
  },
  {
    "t": 199.021796,
    "k": "d"
  },
  {
    "t": 199.036506,
    "k": "a"
  },
  {
    "t": 199.390742,
    "k": "s"
  },
  {
    "t": 199.464821,
    "k": "w"
  },
  {
    "t": 199.686969,
    "k": "d"
  },
  {
    "t": 199.779341,
    "k": "a"
  },
  {
    "t": 199.974824,
    "k": "s"
  },
  {
    "t": 200.079264,
    "k": "w"
  },
  {
    "t": 200.293209,
    "k": "d"
  },
  {
    "t": 200.600889,
    "k": "s"
  },
  {
    "t": 200.771472,
    "k": "a"
  },
  {
    "t": 200.987848,
    "k": "d"
  },
  {
    "t": 201.052376,
    "k": "w"
  },
  {
    "t": 201.324514,
    "k": "s"
  },
  {
    "t": 201.35909,
    "k": "d"
  },
  {
    "t": 201.368345,
    "k": "a"
  },
  {
    "t": 201.693149,
    "k": "d"
  },
  {
    "t": 201.749163,
    "k": "w"
  },
  {
    "t": 201.975152,
    "k": "d"
  },
  {
    "t": 202.251125,
    "k": "a"
  },
  {
    "t": 202.585719,
    "k": "s"
  },
  {
    "t": 202.930958,
    "k": "d"
  },
  {
    "t": 202.942433,
    "k": "a"
  },
  {
    "t": 203.353027,
    "k": "w"
  },
  {
    "t": 203.373736,
    "k": "s"
  },
  {
    "t": 203.503052,
    "k": "d"
  },
  {
    "t": 203.735019,
    "k": "a"
  },
  {
    "t": 203.770683,
    "k": "d"
  },
  {
    "t": 204.164059,
    "k": "d"
  },
  {
    "t": 204.177678,
    "k": "s"
  },
  {
    "t": 204.524538,
    "k": "a"
  },
  {
    "t": 204.533725,
    "k": "d"
  },
  {
    "t": 204.936966,
    "k": "s"
  },
  {
    "t": 204.950587,
    "k": "d"
  },
  {
    "t": 205.09805,
    "k": "w"
  },
  {
    "t": 205.343785,
    "k": "d"
  },
  {
    "t": 205.352179,
    "k": "a"
  },
  {
    "t": 205.734714,
    "k": "s"
  },
  {
    "t": 205.767667,
    "k": "w"
  },
  {
    "t": 206.129135,
    "k": "d"
  },
  {
    "t": 206.138633,
    "k": "a"
  },
  {
    "t": 206.503943,
    "k": "s"
  },
  {
    "t": 206.8302,
    "k": "d"
  },
  {
    "t": 207.153593,
    "k": "a"
  },
  {
    "t": 207.224221,
    "k": "s"
  },
  {
    "t": 207.549067,
    "k": "a"
  },
  {
    "t": 207.564211,
    "k": "d"
  },
  {
    "t": 207.861064,
    "k": "a"
  },
  {
    "t": 207.883754,
    "k": "d"
  },
  {
    "t": 208.049382,
    "k": "a"
  },
  {
    "t": 208.057473,
    "k": "d"
  },
  {
    "t": 208.429119,
    "k": "s"
  },
  {
    "t": 208.628728,
    "k": "w"
  },
  {
    "t": 208.821288,
    "k": "d"
  },
  {
    "t": 209.0318,
    "k": "a"
  },
  {
    "t": 209.112431,
    "k": "s"
  },
  {
    "t": 209.316299,
    "k": "a"
  },
  {
    "t": 209.339663,
    "k": "d"
  },
  {
    "t": 209.537021,
    "k": "d"
  },
  {
    "t": 209.57122,
    "k": "a"
  },
  {
    "t": 209.695714,
    "k": "s"
  },
  {
    "t": 210.006262,
    "k": "a"
  },
  {
    "t": 210.017834,
    "k": "s"
  },
  {
    "t": 210.365378,
    "k": "a"
  },
  {
    "t": 210.387859,
    "k": "d"
  },
  {
    "t": 210.735121,
    "k": "w"
  },
  {
    "t": 210.744057,
    "k": "s"
  },
  {
    "t": 211.132815,
    "k": "d"
  },
  {
    "t": 211.139055,
    "k": "a"
  },
  {
    "t": 211.505143,
    "k": "s"
  },
  {
    "t": 211.561807,
    "k": "w"
  },
  {
    "t": 211.863664,
    "k": "d"
  },
  {
    "t": 211.922302,
    "k": "a"
  },
  {
    "t": 212.16916,
    "k": "s"
  },
  {
    "t": 212.260108,
    "k": "a"
  },
  {
    "t": 212.42033,
    "k": "w"
  },
  {
    "t": 212.673928,
    "k": "a"
  },
  {
    "t": 212.696265,
    "k": "w"
  },
  {
    "t": 213.078588,
    "k": "a"
  },
  {
    "t": 213.088223,
    "k": "s"
  },
  {
    "t": 213.464839,
    "k": "d"
  },
  {
    "t": 213.479948,
    "k": "s"
  },
  {
    "t": 213.501203,
    "k": "a"
  },
  {
    "t": 213.69755,
    "k": "a"
  },
  {
    "t": 213.709585,
    "k": "s"
  },
  {
    "t": 214.088952,
    "k": "a"
  },
  {
    "t": 214.100649,
    "k": "d"
  },
  {
    "t": 214.282942,
    "k": "a"
  },
  {
    "t": 214.356168,
    "k": "s"
  },
  {
    "t": 214.530275,
    "k": "d"
  },
  {
    "t": 214.676468,
    "k": "s"
  },
  {
    "t": 214.733367,
    "k": "a"
  },
  {
    "t": 214.885148,
    "k": "d"
  },
  {
    "t": 215.016927,
    "k": "a"
  },
  {
    "t": 215.062863,
    "k": "s"
  },
  {
    "t": 215.335737,
    "k": "d"
  },
  {
    "t": 215.454293,
    "k": "a"
  },
  {
    "t": 215.810109,
    "k": "a"
  },
  {
    "t": 215.915021,
    "k": "d"
  },
  {
    "t": 216.162093,
    "k": "a"
  },
  {
    "t": 216.178417,
    "k": "d"
  },
  {
    "t": 216.406639,
    "k": "a"
  },
  {
    "t": 216.428876,
    "k": "d"
  },
  {
    "t": 216.659004,
    "k": "d"
  },
  {
    "t": 216.683126,
    "k": "a"
  },
  {
    "t": 216.821212,
    "k": "d"
  },
  {
    "t": 216.832504,
    "k": "a"
  },
  {
    "t": 217.058641,
    "k": "s"
  },
  {
    "t": 217.143247,
    "k": "w"
  },
  {
    "t": 217.276021,
    "k": "d"
  },
  {
    "t": 217.472502,
    "k": "s"
  },
  {
    "t": 217.54948,
    "k": "a"
  },
  {
    "t": 217.741705,
    "k": "d"
  },
  {
    "t": 217.897082,
    "k": "w"
  },
  {
    "t": 217.959355,
    "k": "s"
  },
  {
    "t": 218.073117,
    "k": "w"
  },
  {
    "t": 218.149053,
    "k": "s"
  },
  {
    "t": 218.333224,
    "k": "d"
  },
  {
    "t": 218.479779,
    "k": "a"
  },
  {
    "t": 218.631149,
    "k": "s"
  },
  {
    "t": 218.807015,
    "k": "w"
  },
  {
    "t": 218.942434,
    "k": "d"
  },
  {
    "t": 219.066092,
    "k": "a"
  },
  {
    "t": 219.165021,
    "k": "s"
  },
  {
    "t": 219.269413,
    "k": "w"
  },
  {
    "t": 219.36247,
    "k": "d"
  },
  {
    "t": 219.594515,
    "k": "a"
  },
  {
    "t": 219.596085,
    "k": "s"
  },
  {
    "t": 219.815519,
    "k": "d"
  },
  {
    "t": 219.82951,
    "k": "a"
  },
  {
    "t": 219.990165,
    "k": "a"
  },
  {
    "t": 220.01009,
    "k": "d"
  },
  {
    "t": 220.222932,
    "k": "s"
  },
  {
    "t": 220.302994,
    "k": "w"
  },
  {
    "t": 220.428087,
    "k": "s"
  },
  {
    "t": 220.514467,
    "k": "w"
  },
  {
    "t": 220.695525,
    "k": "d"
  },
  {
    "t": 220.736664,
    "k": "a"
  },
  {
    "t": 220.925921,
    "k": "s"
  },
  {
    "t": 221.008195,
    "k": "w"
  },
  {
    "t": 221.158253,
    "k": "s"
  },
  {
    "t": 221.168708,
    "k": "w"
  },
  {
    "t": 221.302822,
    "k": "d"
  },
  {
    "t": 221.386675,
    "k": "a"
  },
  {
    "t": 221.530392,
    "k": "s"
  },
  {
    "t": 221.716277,
    "k": "s"
  },
  {
    "t": 221.725426,
    "k": "w"
  },
  {
    "t": 221.888133,
    "k": "w"
  },
  {
    "t": 221.911354,
    "k": "s"
  },
  {
    "t": 222.026289,
    "k": "d"
  },
  {
    "t": 222.123798,
    "k": "a"
  },
  {
    "t": 222.272731,
    "k": "s"
  },
  {
    "t": 222.385393,
    "k": "w"
  },
  {
    "t": 222.481056,
    "k": "d"
  },
  {
    "t": 222.64467,
    "k": "a"
  },
  {
    "t": 222.657693,
    "k": "s"
  },
  {
    "t": 222.886007,
    "k": "d"
  },
  {
    "t": 222.958536,
    "k": "w"
  },
  {
    "t": 223.045655,
    "k": "s"
  },
  {
    "t": 223.137369,
    "k": "a"
  },
  {
    "t": 223.243194,
    "k": "d"
  },
  {
    "t": 223.487028,
    "k": "w"
  },
  {
    "t": 223.576007,
    "k": "s"
  },
  {
    "t": 223.703612,
    "k": "a"
  },
  {
    "t": 223.739772,
    "k": "d"
  },
  {
    "t": 223.935846,
    "k": "s"
  },
  {
    "t": 223.99452,
    "k": "w"
  },
  {
    "t": 224.109354,
    "k": "d"
  },
  {
    "t": 224.200934,
    "k": "a"
  },
  {
    "t": 224.314586,
    "k": "s"
  },
  {
    "t": 224.432264,
    "k": "a"
  },
  {
    "t": 224.451994,
    "k": "d"
  },
  {
    "t": 224.593049,
    "k": "s"
  },
  {
    "t": 224.810961,
    "k": "d"
  },
  {
    "t": 224.834406,
    "k": "w"
  },
  {
    "t": 225.018745,
    "k": "d"
  },
  {
    "t": 225.073447,
    "k": "a"
  },
  {
    "t": 225.204979,
    "k": "s"
  },
  {
    "t": 225.225828,
    "k": "a"
  },
  {
    "t": 225.538831,
    "k": "s"
  },
  {
    "t": 225.548836,
    "k": "d"
  },
  {
    "t": 225.769568,
    "k": "d"
  },
  {
    "t": 225.776301,
    "k": "s"
  },
  {
    "t": 226.03051,
    "k": "w"
  },
  {
    "t": 226.156027,
    "k": "d"
  },
  {
    "t": 226.329191,
    "k": "a"
  },
  {
    "t": 226.344132,
    "k": "d"
  },
  {
    "t": 226.480172,
    "k": "s"
  },
  {
    "t": 226.554641,
    "k": "w"
  },
  {
    "t": 226.606977,
    "k": "s"
  },
  {
    "t": 226.806203,
    "k": "d"
  },
  {
    "t": 226.816646,
    "k": "s"
  },
  {
    "t": 226.980585,
    "k": "d"
  },
  {
    "t": 227.188506,
    "k": "s"
  },
  {
    "t": 227.196831,
    "k": "d"
  },
  {
    "t": 227.293428,
    "k": "w"
  },
  {
    "t": 227.43178,
    "k": "w"
  },
  {
    "t": 227.656462,
    "k": "d"
  },
  {
    "t": 227.678753,
    "k": "a"
  },
  {
    "t": 227.86366,
    "k": "s"
  },
  {
    "t": 227.942525,
    "k": "w"
  },
  {
    "t": 228.023614,
    "k": "d"
  },
  {
    "t": 228.10316,
    "k": "w"
  },
  {
    "t": 228.18913,
    "k": "d"
  },
  {
    "t": 228.312879,
    "k": "a"
  },
  {
    "t": 228.327539,
    "k": "s"
  },
  {
    "t": 228.559231,
    "k": "d"
  },
  {
    "t": 228.62801,
    "k": "w"
  },
  {
    "t": 228.768256,
    "k": "d"
  },
  {
    "t": 228.797475,
    "k": "w"
  },
  {
    "t": 228.96627,
    "k": "s"
  },
  {
    "t": 229.095946,
    "k": "a"
  },
  {
    "t": 229.115202,
    "k": "d"
  },
  {
    "t": 229.336063,
    "k": "a"
  },
  {
    "t": 229.348413,
    "k": "s"
  },
  {
    "t": 229.569998,
    "k": "d"
  },
  {
    "t": 229.60561,
    "k": "w"
  },
  {
    "t": 229.742095,
    "k": "s"
  },
  {
    "t": 229.812684,
    "k": "w"
  },
  {
    "t": 230.033151,
    "k": "d"
  },
  {
    "t": 230.089676,
    "k": "a"
  },
  {
    "t": 230.242299,
    "k": "s"
  },
  {
    "t": 230.315299,
    "k": "w"
  },
  {
    "t": 230.427678,
    "k": "s"
  },
  {
    "t": 230.459263,
    "k": "w"
  },
  {
    "t": 230.704837,
    "k": "d"
  },
  {
    "t": 230.821861,
    "k": "a"
  },
  {
    "t": 230.975226,
    "k": "s"
  },
  {
    "t": 231.078499,
    "k": "w"
  },
  {
    "t": 231.161524,
    "k": "d"
  },
  {
    "t": 231.285782,
    "k": "a"
  },
  {
    "t": 231.494311,
    "k": "s"
  },
  {
    "t": 231.622344,
    "k": "w"
  },
  {
    "t": 231.680323,
    "k": "d"
  },
  {
    "t": 231.903714,
    "k": "s"
  },
  {
    "t": 231.91755,
    "k": "a"
  },
  {
    "t": 232.236483,
    "k": "d"
  },
  {
    "t": 232.295574,
    "k": "a"
  },
  {
    "t": 232.48501,
    "k": "s"
  },
  {
    "t": 232.59239,
    "k": "w"
  },
  {
    "t": 232.690465,
    "k": "d"
  },
  {
    "t": 232.760882,
    "k": "w"
  },
  {
    "t": 232.829671,
    "k": "d"
  },
  {
    "t": 233.024835,
    "k": "s"
  },
  {
    "t": 233.075352,
    "k": "a"
  },
  {
    "t": 233.306169,
    "k": "d"
  },
  {
    "t": 233.35262,
    "k": "w"
  },
  {
    "t": 233.553189,
    "k": "w"
  },
  {
    "t": 233.5675,
    "k": "s"
  },
  {
    "t": 233.665783,
    "k": "s"
  },
  {
    "t": 233.808517,
    "k": "w"
  },
  {
    "t": 234.003011,
    "k": "d"
  },
  {
    "t": 234.182083,
    "k": "a"
  },
  {
    "t": 234.269598,
    "k": "s"
  },
  {
    "t": 234.396206,
    "k": "w"
  },
  {
    "t": 234.480734,
    "k": "s"
  },
  {
    "t": 234.602717,
    "k": "w"
  },
  {
    "t": 234.740597,
    "k": "d"
  },
  {
    "t": 234.928849,
    "k": "a"
  },
  {
    "t": 235.064091,
    "k": "s"
  },
  {
    "t": 235.308559,
    "k": "w"
  },
  {
    "t": 235.330873,
    "k": "d"
  },
  {
    "t": 235.494132,
    "k": "a"
  },
  {
    "t": 235.512285,
    "k": "s"
  },
  {
    "t": 235.665906,
    "k": "d"
  },
  {
    "t": 235.740411,
    "k": "w"
  },
  {
    "t": 235.855811,
    "k": "s"
  },
  {
    "t": 235.970001,
    "k": "a"
  },
  {
    "t": 236.008871,
    "k": "d"
  },
  {
    "t": 236.179014,
    "k": "s"
  },
  {
    "t": 236.201262,
    "k": "w"
  },
  {
    "t": 236.406252,
    "k": "d"
  },
  {
    "t": 236.55708,
    "k": "d"
  },
  {
    "t": 236.661718,
    "k": "a"
  },
  {
    "t": 236.884007,
    "k": "d"
  },
  {
    "t": 236.893323,
    "k": "a"
  },
  {
    "t": 237.153765,
    "k": "d"
  },
  {
    "t": 237.184644,
    "k": "a"
  },
  {
    "t": 237.459454,
    "k": "s"
  },
  {
    "t": 237.4816,
    "k": "w"
  },
  {
    "t": 237.667106,
    "k": "a"
  },
  {
    "t": 237.682563,
    "k": "d"
  },
  {
    "t": 238.394205,
    "k": "d"
  },
  {
    "t": 238.402625,
    "k": "a"
  },
  {
    "t": 238.736131,
    "k": "d"
  },
  {
    "t": 238.751707,
    "k": "a"
  },
  {
    "t": 239.005814,
    "k": "s"
  },
  {
    "t": 239.032758,
    "k": "w"
  },
  {
    "t": 239.221751,
    "k": "a"
  },
  {
    "t": 239.234037,
    "k": "d"
  }
]